id,Predict
1,31.56739568710327
2,21.178168296813965
3,20.650084495544434
4,20.424181938171387
5,51.08323860168457
6,20.424768924713135
7,12.008364200592041
8,27.403064250946045
9,39.63874053955078
10,37.27467346191406
11,12.739489316940308
12,21.111897468566895
13,19.60366463661194
14,45.200676918029785
15,20.175373077392578
16,13.456963539123535
17,30.584041118621826
18,21.310086250305176
19,47.811821937561035
20,11.867334127426147
21,26.178102016448975
22,20.78169345855713
23,26.25443983078003
24,21.040307998657227
25,19.942340850830078
26,45.02105140686035
27,11.682897329330444
28,13.626777410507202
29,48.62862777709961
30,22.198569774627686
31,21.374009609222412
32,46.654778480529785
33,30.178786277770996
34,12.123168230056763
35,25.77679204940796
36,19.793291330337524
37,39.20732402801514
38,20.501281261444092
39,80.75833892822266
40,26.74743938446045
41,32.90501260757446
42,12.520280361175537
43,21.171849250793457
44,11.92852783203125
45,11.920696258544922
46,32.73628759384155
47,26.0302472114563
48,51.339619636535645
49,12.523012161254883
50,31.643871784210205
51,37.55341815948486
52,20.5226047039032
53,40.006807804107666
54,25.8610258102417
55,26.027206897735596
56,40.148353099823
57,11.959984540939331
58,25.920313835144043
59,12.166252136230469
60,12.298385620117188
61,26.035794258117676
62,20.607547760009766
63,21.066102027893066
64,35.16854906082153
65,26.817650318145752
66,39.57793474197388
67,34.7191424369812
68,12.517430067062378
69,12.040293455123901
70,31.90026330947876
71,20.127126455307007
72,20.860173225402832
73,25.463504791259766
74,20.772729873657227
75,11.608239650726318
76,25.572474479675293
77,12.411620616912842
78,48.91879844665527
79,20.90430736541748
80,26.15389919281006
81,12.509747982025146
82,20.940349578857422
83,12.318634510040283
84,12.443730115890503
85,26.071299076080322
86,12.33712100982666
87,22.132903575897217
88,34.373982429504395
89,39.694244384765625
90,31.201378345489502
91,12.266800165176392
92,46.94390869140625
93,39.867595195770264
94,20.453213691711426
95,18.69633197784424
96,36.909770488739014
97,32.2416672706604
98,32.39451360702515
99,67.75784873962402
100,38.89007520675659
101,20.501535177230835
102,21.049112796783447
103,20.876271724700928
104,49.16252613067627
105,20.41324281692505
106,12.594735622406006
107,25.92422342300415
108,12.136272430419922
109,46.35347652435303
110,12.334965467453003
111,20.675456047058105
112,12.845226049423218
113,25.990061283111572
114,41.399810791015625
115,34.894890785217285
116,30.90755319595337
117,25.41118335723877
118,27.30034065246582
119,20.75820255279541
120,43.96932315826416
121,21.22672939300537
122,25.230292797088623
123,11.877308130264282
124,12.992969512939453
125,27.26427125930786
126,21.073213577270508
127,27.514244079589844
128,25.72380495071411
129,31.956617832183838
130,25.494483947753906
131,37.2633318901062
132,32.69285249710083
133,12.036856651306152
134,24.604446411132812
135,20.759939432144165
136,29.900466918945312
137,25.753093242645264
138,11.65172266960144
139,20.796189785003662
140,20.10459327697754
141,37.20050859451294
142,40.502076148986816
143,21.25475788116455
144,12.143020391464233
145,38.00507879257202
146,11.763709783554077
147,45.930975914001465
148,20.17108726501465
149,12.204159498214722
150,21.414121627807617
151,11.864744424819946
152,19.15641140937805
153,11.948927402496338
154,18.37527084350586
155,13.109920024871826
156,11.94538140296936
157,20.438982725143433
158,21.921486854553223
159,12.010144233703613
160,34.34424114227295
161,19.838090658187866
162,12.539361715316772
163,49.70574760437012
164,12.885210990905762
165,20.801886081695557
166,41.76272964477539
167,32.32126998901367
168,25.83912992477417
169,22.04990243911743
170,35.815507888793945
171,27.548015117645264
172,12.196087121963501
173,18.036667585372925
174,39.124319553375244
175,48.37477207183838
176,39.083616733551025
177,36.297486782073975
178,29.4793963432312
179,26.697207927703857
180,20.889176845550537
181,12.70683479309082
182,30.740363597869873
183,25.98542356491089
184,26.07596731185913
185,50.59537601470947
186,26.190412044525146
187,12.446732521057129
188,46.23390007019043
189,18.9727201461792
190,20.02424955368042
191,22.19978380203247
192,35.69316482543945
193,25.846538066864014
194,48.9915075302124
195,11.762657165527344
196,11.74213457107544
197,23.654877185821533
198,31.229248523712158
199,12.18596887588501
200,30.788899421691895
201,40.125542640686035
202,34.737327575683594
203,20.617109775543213
204,12.096699953079224
205,27.43809175491333
206,12.047059774398804
207,27.50456666946411
208,21.764616012573242
209,35.743263721466064
210,12.97571349143982
211,25.501215934753418
212,48.43146228790283
213,48.6363582611084
214,34.99050426483154
215,35.64362382888794
216,13.372907161712646
217,19.64655590057373
218,20.963496685028076
219,20.71290922164917
220,51.4584264755249
221,35.380342960357666
222,21.667197704315186
223,13.703557014465332
224,11.893699884414673
225,34.99995231628418
226,33.497459411621094
227,21.06710958480835
228,20.478325128555298
229,21.438429832458496
230,25.960218906402588
231,26.90033483505249
232,32.15882873535156
233,11.85418152809143
234,41.66999340057373
235,34.656606674194336
236,35.14246702194214
237,25.160613536834717
238,21.00623607635498
239,11.299798965454102
240,43.27202320098877
241,19.17011833190918
242,27.06635093688965
243,19.836581707000732
244,32.21824502944946
245,11.811178207397461
246,33.87097978591919
247,21.493520259857178
248,47.982476234436035
249,11.875566244125366
250,31.57915449142456
251,33.815399169921875
252,12.463268995285034
253,25.8073091506958
254,12.155388593673706
255,20.130699157714844
256,30.258747100830078
257,22.23972463607788
258,12.545007944107056
259,20.52385663986206
260,11.466309070587158
261,21.064661502838135
262,20.426595211029053
263,19.851995706558228
264,45.69968891143799
265,12.070984601974487
266,20.601059913635254
267,12.170987129211426
268,26.421216011047363
269,18.059845685958862
270,43.311829566955566
271,32.57374668121338
272,21.4513521194458
273,21.52744722366333
274,20.458245277404785
275,46.729249000549316
276,54.16059684753418
277,41.986159324645996
278,19.841370582580566
279,48.76695251464844
280,25.651469707489014
281,44.92906475067139
282,26.285399913787842
283,27.29317569732666
284,32.08222007751465
285,64.99795150756836
286,12.857186555862427
287,21.139841079711914
288,37.873939514160156
289,12.317488431930542
290,12.424390077590942
291,37.97339487075806
292,11.663524866104126
293,12.783751964569092
294,32.10819101333618
295,20.334638595581055
296,20.69959592819214
297,26.870914936065674
298,25.96052646636963
299,37.73928880691528
300,36.06975984573364
301,20.871636867523193
302,13.425021648406982
303,20.21048378944397
304,33.74127244949341
305,32.203457832336426
306,13.398184776306152
307,26.128861904144287
308,29.663769721984863
309,45.00133037567139
310,26.09952688217163
311,27.096394538879395
312,21.552885055541992
313,20.83219337463379
314,20.041312217712402
315,26.632083892822266
316,26.489665508270264
317,37.5774941444397
318,35.028687953948975
319,26.0637845993042
320,31.54878044128418
321,42.902482986450195
322,20.030423879623413
323,20.67374324798584
324,12.873588562011719
325,20.385451555252075
326,37.56492900848389
327,11.454590797424316
328,33.45686674118042
329,26.862199306488037
330,25.288512229919434
331,12.88968563079834
332,20.660751819610596
333,12.669571161270142
334,30.49011754989624
335,12.515199422836304
336,19.973572731018066
337,22.9808406829834
338,27.134758949279785
339,26.238789558410645
340,22.113775730133057
341,42.57992172241211
342,20.273632287979126
343,64.3877477645874
344,12.367508888244629
345,36.29452896118164
346,20.54414415359497
347,20.685523986816406
348,30.661301136016846
349,12.257406949996948
350,12.371119260787964
351,20.695415496826172
352,26.14619541168213
353,12.840983629226685
354,25.9067964553833
355,32.3780779838562
356,25.999940395355225
357,20.744651794433594
358,12.564614534378052
359,26.805680751800537
360,11.60149884223938
361,12.649048328399658
362,26.37570858001709
363,20.056888103485107
364,12.060058832168579
365,19.15845799446106
366,11.566985607147217
367,11.878946304321289
368,26.624547481536865
369,12.504297971725464
370,20.70289373397827
371,20.419931650161743
372,20.26414966583252
373,31.00054359436035
374,46.567458152770996
375,34.46952819824219
376,11.856409788131714
377,64.65370178222656
378,12.592501401901245
379,13.20263934135437
380,20.21049737930298
381,27.64567995071411
382,58.534789085388184
383,21.322190284729004
384,31.70252561569214
385,20.785338401794434
386,24.935302257537842
387,37.62405872344971
388,31.612634658813477
389,20.16542887687683
390,42.816330909729004
391,22.374762058258057
392,12.754172086715698
393,21.497936248779297
394,21.201266288757324
395,26.37841796875
396,12.30692982673645
397,35.21618318557739
398,35.07104682922363
399,20.476998805999756
400,11.965027809143066
401,20.843096256256104
402,21.005836486816406
403,31.588961601257324
404,32.605849742889404
405,11.844388723373413
406,12.171144485473633
407,66.45027160644531
408,36.07470893859863
409,26.737711429595947
410,21.640634536743164
411,26.025594234466553
412,35.17925691604614
413,19.901968955993652
414,11.752068281173706
415,50.09486389160156
416,26.040637493133545
417,20.477312326431274
418,25.337585926055908
419,21.413094520568848
420,20.693021297454834
421,21.660696029663086
422,33.282854080200195
423,19.385998964309692
424,36.115665435791016
425,32.19956874847412
426,20.703818798065186
427,28.224160194396973
428,40.67987060546875
429,12.320099115371704
430,12.08634614944458
431,34.961655616760254
432,26.867397785186768
433,21.125610828399658
434,20.755067825317383
435,21.044272899627686
436,26.282487869262695
437,32.64624643325806
438,25.913843154907227
439,38.15545845031738
440,12.1694176197052
441,48.80997657775879
442,37.662407875061035
443,26.575129508972168
444,21.34693431854248
445,20.182044744491577
446,20.95667266845703
447,12.259769439697266
448,30.694592475891113
449,21.02884340286255
450,33.88124465942383
451,40.99324607849121
452,11.811089515686035
453,38.471545696258545
454,11.763623714447021
455,12.995567321777344
456,30.991336822509766
457,20.77298879623413
458,53.9653205871582
459,25.76543378829956
460,21.251888275146484
461,35.817594051361084
462,35.420870780944824
463,25.39149522781372
464,12.736391305923462
465,11.898127555847168
466,26.027703285217285
467,18.342440128326416
468,37.778265953063965
469,34.36869955062866
470,31.670082092285156
471,31.929550647735596
472,58.74553108215332
473,26.188620567321777
474,40.738128662109375
475,34.563443660736084
476,21.447797775268555
477,25.410499572753906
478,21.205838203430176
479,26.370158672332764
480,55.228139877319336
481,24.957481861114502
482,20.761473655700684
483,18.88607954978943
484,42.9362907409668
485,26.692380905151367
486,26.471324920654297
487,26.69363307952881
488,20.759043216705322
489,20.730106353759766
490,35.41390419006348
491,35.15812921524048
492,21.12938642501831
493,12.398983716964722
494,35.16830015182495
495,11.67612910270691
496,21.916855335235596
497,12.30200457572937
498,20.470598936080933
499,33.04537582397461
500,31.741328239440918
501,31.217488765716553
502,49.00988006591797
503,21.35687828063965
504,12.347166538238525
505,42.57649326324463
506,11.879070281982422
507,26.580790519714355
508,25.297189235687256
509,11.547905445098877
510,25.31525182723999
511,27.66335439682007
512,21.174795150756836
513,39.84563064575195
514,25.737802505493164
515,31.58336305618286
516,49.1539831161499
517,20.66085147857666
518,12.701865673065186
519,26.424381256103516
520,51.894503593444824
521,31.337127208709717
522,48.331963539123535
523,12.61773133277893
524,21.127753734588623
525,36.795223236083984
526,12.251338958740234
527,13.209324359893799
528,13.007055044174194
529,30.882777214050293
530,12.669197082519531
531,44.591919898986816
532,20.936174869537354
533,11.962852239608765
534,41.08432960510254
535,35.459206104278564
536,21.74739360809326
537,21.459513187408447
538,20.90398383140564
539,10.738261222839355
540,21.208455085754395
541,34.90656232833862
542,20.765347003936768
543,50.34186267852783
544,20.378889799118042
545,19.93546152114868
546,21.070786952972412
547,26.569766521453857
548,12.702214002609253
549,31.23063850402832
550,20.899795532226562
551,41.50968551635742
552,12.887047529220581
553,42.80082416534424
554,25.816919326782227
555,19.94587779045105
556,21.86537504196167
557,20.00778079032898
558,42.676856994628906
559,26.244580268859863
560,31.998843669891357
561,11.702997922897339
562,26.80204486846924
563,34.94889497756958
564,40.064330101013184
565,11.148587226867676
566,21.44021987915039
567,46.34923076629639
568,11.712719440460205
569,20.923964977264404
570,20.569544315338135
571,25.967092990875244
572,48.96107864379883
573,32.10866069793701
574,35.1034517288208
575,20.320624351501465
576,20.725878715515137
577,11.787407398223877
578,20.711622714996338
579,11.724264144897461
580,26.63618755340576
581,26.189948081970215
582,56.43189811706543
583,25.24215316772461
584,26.33791971206665
585,34.97902774810791
586,34.64661979675293
587,13.321357250213623
588,20.723487377166748
589,42.05377674102783
590,41.309508323669434
591,36.42224407196045
592,19.87018656730652
593,27.0184965133667
594,31.202590465545654
595,21.56179141998291
596,13.52118706703186
597,27.924744129180908
598,47.41880226135254
599,20.0767502784729
600,31.996015071868896
601,12.6650869846344
602,26.63563346862793
603,20.236238956451416
604,39.98640537261963
605,21.37094211578369
606,26.214956760406494
607,31.603806495666504
608,25.217007160186768
609,46.21339416503906
610,25.45947504043579
611,20.640148639678955
612,30.569002628326416
613,25.845823764801025
614,11.485097408294678
615,20.108750581741333
616,21.728739738464355
617,65.00408554077148
618,42.10877513885498
619,24.01510190963745
620,12.233777046203613
621,36.26713705062866
622,21.525389671325684
623,20.511733531951904
624,46.31727409362793
625,20.554782152175903
626,38.1821084022522
627,25.809425830841064
628,42.55532646179199
629,12.124019145965576
630,21.473552227020264
631,42.8109130859375
632,55.492411613464355
633,31.600364208221436
634,19.957173347473145
635,36.73955297470093
636,11.698030471801758
637,11.658089637756348
638,27.403375148773193
639,36.15324831008911
640,20.952259063720703
641,20.698033332824707
642,25.680872917175293
643,12.560360193252563
644,11.896684885025024
645,11.767176389694214
646,21.06304407119751
647,30.718443870544434
648,11.200581550598145
649,22.283400535583496
650,31.764366626739502
651,11.516729354858398
652,18.525153160095215
653,19.783442497253418
654,34.672500133514404
655,11.78967809677124
656,65.41894340515137
657,37.79004907608032
658,34.568461418151855
659,19.876868963241577
660,11.62120771408081
661,25.34920358657837
662,20.974029064178467
663,31.2146315574646
664,21.15133762359619
665,11.587820291519165
666,20.861169815063477
667,37.45691537857056
668,12.58863353729248
669,35.38198137283325
670,25.376224040985107
671,26.663615703582764
672,12.33881402015686
673,21.2132511138916
674,11.538416147232056
675,20.67552900314331
676,20.85397481918335
677,26.899034023284912
678,11.505858898162842
679,12.239770412445068
680,12.063836097717285
681,20.388142585754395
682,26.246044158935547
683,20.560641765594482
684,21.911821842193604
685,26.09587001800537
686,26.581942081451416
687,26.64847230911255
688,23.729640007019043
689,25.200894832611084
690,26.138632774353027
691,11.618995189666748
692,44.306636810302734
693,45.579617500305176
694,20.318847179412842
695,12.36757779121399
696,12.566490173339844
697,11.490478038787842
698,11.24452805519104
699,35.871100425720215
700,20.754158973693848
701,26.42572832107544
702,21.28907537460327
703,13.612907648086548
704,32.377614974975586
705,11.768240451812744
706,12.137190341949463
707,25.20291042327881
708,32.216981410980225
709,25.75432300567627
710,25.90504503250122
711,26.069859981536865
712,32.00767993927002
713,34.847166538238525
714,34.06134843826294
715,18.801711082458496
716,12.304078817367554
717,12.41763973236084
718,25.594655513763428
719,26.41047239303589
720,37.613938331604004
721,35.521236419677734
722,16.396368980407715
723,12.108974933624268
724,11.47270154953003
725,12.52076768875122
726,35.15148305892944
727,31.99466323852539
728,25.83667230606079
729,31.03727626800537
730,12.148744344711304
731,11.783384561538696
732,20.19460368156433
733,12.549638748168945
734,20.40201163291931
735,25.189372062683105
736,11.334308385848999
737,20.265605688095093
738,12.497385263442993
739,35.82634115219116
740,11.90215277671814
741,21.08204174041748
742,25.961920261383057
743,37.46594429016113
744,20.34788727760315
745,33.53890323638916
746,11.203537702560425
747,32.80651235580444
748,32.938589572906494
749,26.167629718780518
750,20.59611225128174
751,30.216731548309326
752,44.67112159729004
753,12.370586156845093
754,41.87813186645508
755,30.983848571777344
756,21.658156871795654
757,31.8746600151062
758,25.49759292602539
759,20.85934543609619
760,12.745047569274902
761,12.112296104431152
762,11.533557415008545
763,20.492026805877686
764,42.953508377075195
765,37.76528835296631
766,11.985700845718384
767,21.776927947998047
768,39.71206760406494
769,25.826509475708008
770,20.56512689590454
771,39.24352741241455
772,36.45242786407471
773,45.651742935180664
774,27.12101697921753
775,12.545449495315552
776,12.784193277359009
777,12.824878454208374
778,12.563639402389526
779,31.388700485229492
780,34.94256258010864
781,20.82241153717041
782,32.350971698760986
783,24.05855703353882
784,28.21678066253662
785,21.598400592803955
786,20.570295810699463
787,36.598331928253174
788,12.44156789779663
789,33.204895973205566
790,20.32856035232544
791,12.63742208480835
792,20.651567459106445
793,31.819835662841797
794,38.15459060668945
795,20.379579067230225
796,12.185698986053467
797,58.11524677276611
798,20.45609998703003
799,12.668328762054443
800,12.312601804733276
801,20.51546812057495
802,32.444010734558105
803,20.444544315338135
804,30.72883415222168
805,26.37804889678955
806,50.29566478729248
807,30.522231101989746
808,12.28843379020691
809,12.221650123596191
810,20.80110788345337
811,31.12666130065918
812,21.6998553276062
813,11.745055675506592
814,12.406553506851196
815,11.504459142684937
816,31.648619651794434
817,20.93345880508423
818,20.75044822692871
819,11.914596796035767
820,31.929455757141113
821,50.73447036743164
822,11.649843454360962
823,30.486706733703613
824,20.449512243270874
825,26.48356580734253
826,20.494730949401855
827,31.241250038146973
828,20.56583523750305
829,11.598508834838867
830,31.4277982711792
831,21.10601806640625
832,31.7011775970459
833,21.150362968444824
834,12.047136783599854
835,21.261446475982666
836,37.87780952453613
837,21.507678508758545
838,12.271750450134277
839,19.669955253601074
840,26.685368537902832
841,12.331222772598267
842,37.16218042373657
843,45.2503604888916
844,39.50988435745239
845,25.96887445449829
846,20.777318954467773
847,25.883572578430176
848,30.561593532562256
849,12.560712814331055
850,26.16543960571289
851,42.46549892425537
852,21.415103912353516
853,45.554911613464355
854,21.403910636901855
855,31.05704689025879
856,22.006918907165527
857,32.95178508758545
858,19.263781309127808
859,43.69687271118164
860,19.4338641166687
861,36.263203144073486
862,11.745364665985107
863,25.267130374908447
864,49.93043231964111
865,12.751403331756592
866,21.036555290222168
867,13.03298568725586
868,34.799500465393066
869,25.866159915924072
870,32.18533277511597
871,25.387352466583252
872,11.882913589477539
873,37.980149269104004
874,12.153505325317383
875,12.440109491348267
876,31.54150152206421
877,29.836511611938477
878,12.727778911590576
879,25.789155960083008
880,12.212013483047485
881,20.948883056640625
882,12.489886045455933
883,12.529952764511108
884,40.759222984313965
885,25.76337242126465
886,45.38970947265625
887,20.45869779586792
888,39.908759117126465
889,21.69548463821411
890,19.989129781723022
891,34.95905065536499
892,56.63915538787842
893,12.311063766479492
894,52.105512619018555
895,42.14962100982666
896,21.813889503479004
897,25.192086219787598
898,18.57962131500244
899,20.49809217453003
900,26.769158840179443
901,12.742534399032593
902,35.96639156341553
903,12.516106843948364
904,21.416427612304688
905,37.55722379684448
906,36.16465902328491
907,26.401971340179443
908,26.50010347366333
909,31.312071800231934
910,18.99062728881836
911,21.05691909790039
912,26.737852573394775
913,26.860139846801758
914,58.96133995056152
915,25.385639190673828
916,12.480784893035889
917,31.86532735824585
918,21.5826473236084
919,20.671821117401123
920,20.179423332214355
921,43.63375473022461
922,25.421438217163086
923,27.444116592407227
924,36.12186241149902
925,42.36256694793701
926,21.680630207061768
927,35.20143795013428
928,20.94524383544922
929,20.40716290473938
930,41.99980926513672
931,12.217650651931763
932,36.57435178756714
933,22.09416151046753
934,37.71955728530884
935,12.019384622573853
936,11.795790433883667
937,26.077407836914062
938,25.86453151702881
939,20.729578495025635
940,25.92646837234497
941,45.686238288879395
942,20.303046703338623
943,32.71894598007202
944,21.60569190979004
945,21.28285503387451
946,36.23625898361206
947,11.84567642211914
948,25.314722537994385
949,20.0007004737854
950,46.85383129119873
951,11.567675828933716
952,26.407376766204834
953,74.09207820892334
954,20.607408046722412
955,32.22794580459595
956,12.378831148147583
957,21.063846111297607
958,11.902357339859009
959,49.123806953430176
960,56.021010398864746
961,21.61905860900879
962,19.4625461101532
963,21.246140003204346
964,19.392436981201172
965,21.08562660217285
966,35.35715341567993
967,12.365920543670654
968,19.92238473892212
969,41.59407043457031
970,32.30630397796631
971,26.23737382888794
972,12.339858293533325
973,19.962032318115234
974,12.632306098937988
975,11.897518873214722
976,19.460922718048096
977,25.132868766784668
978,12.53692626953125
979,25.63939094543457
980,12.540170669555664
981,11.935724020004272
982,20.97623300552368
983,34.079877853393555
984,25.846036911010742
985,20.96675968170166
986,25.79189443588257
987,11.832580327987671
988,12.608543872833252
989,21.59545135498047
990,36.570897579193115
991,31.56794500350952
992,21.037814617156982
993,20.832705974578857
994,34.48251914978027
995,39.64348888397217
996,12.204668760299683
997,41.073025703430176
998,45.099735260009766
999,51.18872833251953
1000,46.04410648345947
1001,21.486687183380127
1002,45.59215450286865
1003,25.09249448776245
1004,21.723828315734863
1005,11.978230476379395
1006,12.733060598373413
1007,42.620285987854004
1008,27.208266258239746
1009,44.67850589752197
1010,26.207648277282715
1011,12.735259294509888
1012,29.825424671173096
1013,30.824974060058594
1014,21.465532779693604
1015,20.095765352249146
1016,48.93013954162598
1017,12.03366494178772
1018,37.12617826461792
1019,12.00947642326355
1020,26.343995571136475
1021,44.71199417114258
1022,20.549354076385498
1023,11.876106977462769
1024,11.54204773902893
1025,31.99345302581787
1026,13.108298778533936
1027,12.666243314743042
1028,25.370523929595947
1029,21.261797428131104
1030,31.896865844726562
1031,21.09078311920166
1032,30.63753080368042
1033,21.091055393218994
1034,26.12096357345581
1035,33.06841850280762
1036,25.448452949523926
1037,12.166699886322021
1038,50.05544567108154
1039,11.583188772201538
1040,34.967501640319824
1041,26.381648063659668
1042,21.444557189941406
1043,12.635918617248535
1044,19.36973762512207
1045,35.974244117736816
1046,25.882920742034912
1047,12.478394985198975
1048,20.037551403045654
1049,20.714594841003418
1050,40.61045455932617
1051,40.0172004699707
1052,42.750465393066406
1053,25.846672534942627
1054,20.666345834732056
1055,64.00039958953857
1056,25.284146308898926
1057,38.518733501434326
1058,13.405847072601318
1059,44.80872058868408
1060,12.26813817024231
1061,12.431986331939697
1062,20.719448566436768
1063,26.93860149383545
1064,20.743876695632935
1065,11.775460481643677
1066,51.62545871734619
1067,48.9603214263916
1068,21.243584632873535
1069,19.47860884666443
1070,32.048800468444824
1071,35.18917274475098
1072,33.52117443084717
1073,25.412209510803223
1074,32.46489953994751
1075,11.762158393859863
1076,12.195318222045898
1077,35.05333185195923
1078,26.435678482055664
1079,27.376219749450684
1080,33.74263525009155
1081,12.607606410980225
1082,25.177947998046875
1083,35.094868659973145
1084,35.09981679916382
1085,26.753140449523926
1086,25.075175285339355
1087,35.44612121582031
1088,18.863035917282104
1089,12.029296398162842
1090,36.15953063964844
1091,31.854267597198486
1092,45.52538013458252
1093,37.05507469177246
1094,25.79610300064087
1095,20.164847135543823
1096,12.730085849761963
1097,25.61033058166504
1098,45.19509029388428
1099,12.295984029769897
1100,13.195656776428223
1101,12.215848922729492
1102,11.726713418960571
1103,11.917385339736938
1104,19.87916088104248
1105,12.495725870132446
1106,12.038822889328003
1107,20.07507300376892
1108,12.4212965965271
1109,26.12479543685913
1110,20.449219703674316
1111,12.200320482254028
1112,22.028095245361328
1113,20.355313777923584
1114,43.52986526489258
1115,11.730537176132202
1116,33.84323072433472
1117,11.750529050827026
1118,11.876973867416382
1119,21.557804584503174
1120,11.577095985412598
1121,12.336262226104736
1122,20.956831455230713
1123,11.677387952804565
1124,12.462017059326172
1125,25.943530082702637
1126,20.599347829818726
1127,25.590768814086914
1128,25.008163928985596
1129,21.093406677246094
1130,42.43931865692139
1131,12.11547064781189
1132,21.670982360839844
1133,32.27311658859253
1134,21.367425441741943
1135,25.125895023345947
1136,12.354528188705444
1137,20.782548904418945
1138,13.527008771896362
1139,11.223720788955688
1140,55.519986152648926
1141,26.08102798461914
1142,25.6285719871521
1143,20.592180728912354
1144,27.575743675231934
1145,31.470470905303955
1146,42.59410285949707
1147,19.42604374885559
1148,11.882728099822998
1149,51.02049446105957
1150,30.634939193725586
1151,31.940147399902344
1152,20.407925128936768
1153,21.600398063659668
1154,31.234004974365234
1155,57.76125907897949
1156,11.781104326248169
1157,33.88684558868408
1158,31.756130695343018
1159,46.66426658630371
1160,25.345125675201416
1161,36.531235218048096
1162,12.225184202194214
1163,11.212701082229614
1164,20.906550884246826
1165,30.778278827667236
1166,11.942010879516602
1167,26.608896255493164
1168,12.173694372177124
1169,12.529392719268799
1170,20.63559341430664
1171,35.3205246925354
1172,33.22430896759033
1173,20.121334314346313
1174,20.29207682609558
1175,12.503442287445068
1176,12.641265392303467
1177,38.501962661743164
1178,35.73875570297241
1179,27.208048820495605
1180,20.58113384246826
1181,12.082234382629395
1182,12.707027196884155
1183,26.719775676727295
1184,25.855170249938965
1185,44.888529777526855
1186,26.09027099609375
1187,12.058423042297363
1188,12.421079158782959
1189,20.562350749969482
1190,12.581643342971802
1191,26.567128658294678
1192,20.55143713951111
1193,30.696894645690918
1194,12.634580135345459
1195,11.58613634109497
1196,12.448795318603516
1197,11.664802074432373
1198,21.186045169830322
1199,26.28148603439331
1200,12.408684492111206
1201,12.794636964797974
1202,35.21991157531738
1203,40.12519121170044
1204,27.2463436126709
1205,37.503047466278076
1206,42.13051223754883
1207,12.025708675384521
1208,47.23717784881592
1209,35.26140737533569
1210,11.68208122253418
1211,20.860575199127197
1212,20.815792083740234
1213,34.760475158691406
1214,11.976059675216675
1215,12.275272846221924
1216,20.675221920013428
1217,20.178768396377563
1218,45.680081367492676
1219,31.389456272125244
1220,32.08826541900635
1221,42.75830268859863
1222,40.24879312515259
1223,11.685142278671265
1224,25.815760612487793
1225,21.532594203948975
1226,11.994062423706055
1227,12.94154143333435
1228,34.49565649032593
1229,21.454841136932373
1230,25.046388626098633
1231,13.646896362304688
1232,11.490794897079468
1233,42.338955879211426
1234,19.75371503829956
1235,21.05335569381714
1236,11.524060487747192
1237,10.75699508190155
1238,12.081868410110474
1239,20.342435836791992
1240,20.84136724472046
1241,11.966126441955566
1242,21.137574672698975
1243,49.9988317489624
1244,20.368696689605713
1245,20.801384449005127
1246,49.10630702972412
1247,19.302465677261353
1248,12.265517950057983
1249,30.95393991470337
1250,35.508607387542725
1251,42.59999370574951
1252,20.69436264038086
1253,52.36098289489746
1254,19.68880319595337
1255,40.493406772613525
1256,40.648611068725586
1257,25.754985332489014
1258,26.422966957092285
1259,31.908989429473877
1260,12.938413381576538
1261,31.100000381469727
1262,20.119974374771118
1263,40.46510601043701
1264,21.521917819976807
1265,20.66409158706665
1266,20.40981149673462
1267,41.59943771362305
1268,21.291202545166016
1269,21.87879180908203
1270,68.9203748703003
1271,13.06419825553894
1272,25.820929527282715
1273,26.146373748779297
1274,36.9810733795166
1275,33.48648023605347
1276,27.236083507537842
1277,21.21400499343872
1278,11.905275344848633
1279,25.75480079650879
1280,35.735225677490234
1281,31.411705493927002
1282,11.886532306671143
1283,11.538671970367432
1284,25.863613605499268
1285,35.555317401885986
1286,33.90844202041626
1287,42.04549312591553
1288,20.79262351989746
1289,12.03195333480835
1290,42.600308418273926
1291,12.623300075531006
1292,37.82479286193848
1293,11.854565143585205
1294,35.46192264556885
1295,11.969223022460938
1296,21.195316791534424
1297,25.27181100845337
1298,20.44774603843689
1299,26.198183059692383
1300,20.198850631713867
1301,12.912235736846924
1302,31.01305341720581
1303,49.64017105102539
1304,19.436147689819336
1305,49.00900077819824
1306,25.21440315246582
1307,21.191912174224854
1308,68.0466890335083
1309,11.802797079086304
1310,21.867616176605225
1311,31.597424507141113
1312,11.977170944213867
1313,18.494877099990845
1314,19.822389841079712
1315,41.914076805114746
1316,20.413363933563232
1317,21.22830057144165
1318,20.783929347991943
1319,30.98776388168335
1320,37.88927936553955
1321,37.168519496917725
1322,35.720155239105225
1323,20.9849853515625
1324,27.695560932159424
1325,51.01275157928467
1326,31.96424388885498
1327,37.904595375061035
1328,12.664442539215088
1329,20.646977424621582
1330,21.452197551727295
1331,26.536887645721436
1332,20.992720365524292
1333,48.6823148727417
1334,37.94732856750488
1335,11.402510166168213
1336,12.851388216018677
1337,13.478940486907959
1338,31.067800045013428
1339,41.9726037979126
1340,21.768697261810303
1341,40.68600797653198
1342,37.17119884490967
1343,21.45132350921631
1344,25.15123462677002
1345,12.071022748947144
1346,11.583633422851562
1347,20.684248447418213
1348,11.492172002792358
1349,12.443931341171265
1350,36.14558506011963
1351,31.855741500854492
1352,11.733983993530273
1353,39.95131254196167
1354,11.68782925605774
1355,11.836283445358276
1356,12.357658863067627
1357,36.89706087112427
1358,31.96540355682373
1359,21.60825824737549
1360,21.009661197662354
1361,12.113605737686157
1362,26.651991844177246
1363,27.58923625946045
1364,24.192110061645508
1365,37.21422529220581
1366,45.02464199066162
1367,20.874948978424072
1368,31.183929443359375
1369,12.007087469100952
1370,21.329871654510498
1371,21.26547908782959
1372,11.657685995101929
1373,33.85227727890015
1374,34.96870946884155
1375,12.32371473312378
1376,35.05330991744995
1377,34.11629390716553
1378,25.91215467453003
1379,12.357263803482056
1380,22.16383647918701
1381,20.863220691680908
1382,13.75955319404602
1383,31.831884384155273
1384,31.20668315887451
1385,31.818055629730225
1386,47.683170318603516
1387,12.171783685684204
1388,22.302011013031006
1389,20.352789402008057
1390,51.09981632232666
1391,25.928128242492676
1392,48.20194053649902
1393,20.37958860397339
1394,25.614754676818848
1395,25.39076805114746
1396,20.71525478363037
1397,52.72613048553467
1398,48.2995080947876
1399,12.269880533218384
1400,25.672611713409424
1401,11.778813600540161
1402,26.70240879058838
1403,28.097964763641357
1404,12.35214114189148
1405,12.754952907562256
1406,54.0348539352417
1407,31.580979347229004
1408,27.01438808441162
1409,21.28656005859375
1410,26.122313022613525
1411,49.417362213134766
1412,39.64876365661621
1413,11.43729281425476
1414,20.519060611724854
1415,11.857161521911621
1416,32.47134780883789
1417,34.798892974853516
1418,20.802950382232666
1419,19.65566110610962
1420,13.14728593826294
1421,40.112675189971924
1422,26.140806674957275
1423,25.40128755569458
1424,20.61678647994995
1425,35.746427059173584
1426,30.603798866271973
1427,45.2233943939209
1428,37.296639919281006
1429,45.61077690124512
1430,20.124452829360962
1431,25.363202571868896
1432,12.82637071609497
1433,20.060502290725708
1434,30.482289791107178
1435,41.00119495391846
1436,34.90131664276123
1437,32.01875352859497
1438,20.68278408050537
1439,12.233510732650757
1440,25.612385272979736
1441,35.67630863189697
1442,30.836711406707764
1443,37.755088806152344
1444,37.342864990234375
1445,21.839635372161865
1446,31.392534255981445
1447,12.473695278167725
1448,20.42073941230774
1449,11.566938877105713
1450,32.48999881744385
1451,39.9061393737793
1452,34.78576612472534
1453,20.88760232925415
1454,20.60488271713257
1455,20.671504974365234
1456,46.669830322265625
1457,25.806453704833984
1458,34.52244806289673
1459,35.52396535873413
1460,20.837824821472168
1461,26.19340419769287
1462,33.23067378997803
1463,21.304931640625
1464,20.835482597351074
1465,45.86449718475342
1466,31.832489013671875
1467,11.882203578948975
1468,30.99889612197876
1469,11.181249380111694
1470,11.830514430999756
1471,20.367782592773438
1472,34.659348011016846
1473,35.74587154388428
1474,11.717302799224854
1475,50.403724670410156
1476,11.865073919296265
1477,42.99248123168945
1478,20.877076148986816
1479,44.70078945159912
1480,26.298978805541992
1481,36.94426441192627
1482,12.323771238327026
1483,11.647791147232056
1484,12.298815965652466
1485,20.14990997314453
1486,12.488234758377075
1487,12.696608066558838
1488,21.10274648666382
1489,35.15659713745117
1490,16.088177919387817
1491,21.063536643981934
1492,43.49445629119873
1493,12.205687046051025
1494,11.729958295822144
1495,38.07817316055298
1496,42.46292304992676
1497,35.80875015258789
1498,20.964969158172607
1499,20.268224716186523
1500,11.45424199104309
1501,12.0006844997406
1502,25.21054983139038
1503,19.694153547286987
1504,12.899765968322754
1505,22.418236255645752
1506,20.04172134399414
1507,20.552047729492188
1508,53.42570400238037
1509,25.5703763961792
1510,12.243571519851685
1511,33.3693413734436
1512,26.73969268798828
1513,13.06102466583252
1514,21.601425647735596
1515,12.145500898361206
1516,12.809871673583984
1517,11.858666896820068
1518,30.624375343322754
1519,21.933892726898193
1520,11.82029414176941
1521,32.513912200927734
1522,32.361130237579346
1523,26.05669069290161
1524,35.36490297317505
1525,21.972905158996582
1526,25.48624086380005
1527,21.00767755508423
1528,37.25890922546387
1529,46.67714881896973
1530,31.50867462158203
1531,12.207605600357056
1532,31.277148246765137
1533,29.750561714172363
1534,11.698899269104004
1535,20.298449516296387
1536,21.631362438201904
1537,40.36178970336914
1538,48.13200664520264
1539,64.46888637542725
1540,25.633445262908936
1541,20.283454179763794
1542,33.11210250854492
1543,27.73930263519287
1544,11.59750509262085
1545,35.245171546936035
1546,26.04501485824585
1547,30.472184658050537
1548,11.874120950698853
1549,20.775699615478516
1550,21.44291591644287
1551,21.03523826599121
1552,20.47905158996582
1553,35.06021976470947
1554,21.95823621749878
1555,20.24690818786621
1556,52.35942077636719
1557,12.460169792175293
1558,11.917338371276855
1559,33.46686124801636
1560,32.97193193435669
1561,37.869545459747314
1562,12.551695823669434
1563,30.478405952453613
1564,11.97958493232727
1565,11.90566372871399
1566,20.316219806671143
1567,12.566890001296997
1568,25.788325309753418
1569,11.820151567459106
1570,42.37463855743408
1571,11.95157766342163
1572,35.14083194732666
1573,20.949946880340576
1574,18.75998854637146
1575,26.053595542907715
1576,12.481102228164673
1577,12.130676507949829
1578,22.514094829559326
1579,11.997549533843994
1580,11.802435636520386
1581,37.32537078857422
1582,11.724057912826538
1583,32.43456172943115
1584,13.095624446868896
1585,12.281604051589966
1586,20.087037086486816
1587,11.974031686782837
1588,25.82419204711914
1589,30.01947593688965
1590,45.18851566314697
1591,51.099989891052246
1592,37.77485656738281
1593,34.606876850128174
1594,26.15609121322632
1595,11.862164974212646
1596,40.288175106048584
1597,12.301624298095703
1598,36.09104251861572
1599,30.882354736328125
1600,20.706058979034424
1601,12.237330436706543
1602,37.42838096618652
1603,25.051865100860596
1604,40.53033685684204
1605,20.602894067764282
1606,20.363816022872925
1607,12.295246601104736
1608,23.021496772766113
1609,40.35158634185791
1610,63.808366775512695
1611,12.205323457717896
1612,35.010751724243164
1613,13.285192012786865
1614,40.05786848068237
1615,21.798766613006592
1616,21.126981258392334
1617,26.66232442855835
1618,26.706220626831055
1619,12.418374061584473
1620,22.03774118423462
1621,22.213672637939453
1622,26.663715362548828
1623,21.29326295852661
1624,36.05414628982544
1625,51.60013675689697
1626,26.847830772399902
1627,11.930266618728638
1628,20.10737681388855
1629,25.79631280899048
1630,13.119333982467651
1631,42.653611183166504
1632,37.28637933731079
1633,41.01042366027832
1634,21.003421306610107
1635,20.762481212615967
1636,20.5705246925354
1637,26.607812881469727
1638,41.869211196899414
1639,11.651806831359863
1640,35.93896150588989
1641,34.603776931762695
1642,35.49273443222046
1643,19.048239946365356
1644,21.19063425064087
1645,18.921295881271362
1646,11.15962553024292
1647,12.308782577514648
1648,33.569599628448486
1649,12.599129438400269
1650,26.434682846069336
1651,22.102264881134033
1652,36.340052127838135
1653,40.65560340881348
1654,36.48552322387695
1655,11.939802885055542
1656,42.30597400665283
1657,51.22548484802246
1658,11.852986812591553
1659,11.85016393661499
1660,21.446517944335938
1661,42.77607822418213
1662,35.64698839187622
1663,40.677781105041504
1664,11.739988565444946
1665,12.19115948677063
1666,31.98813772201538
1667,25.243168830871582
1668,20.788941383361816
1669,25.568134307861328
1670,45.391265869140625
1671,31.687067985534668
1672,12.035171747207642
1673,12.415700197219849
1674,12.168299913406372
1675,26.772204875946045
1676,12.343535423278809
1677,11.863816022872925
1678,49.57633590698242
1679,26.920266151428223
1680,11.936743021011353
1681,20.620070934295654
1682,20.38015866279602
1683,27.05880832672119
1684,45.538923263549805
1685,26.050974369049072
1686,12.506011962890625
1687,34.53526163101196
1688,11.783550262451172
1689,11.836851835250854
1690,32.374754905700684
1691,47.139801025390625
1692,25.689350128173828
1693,26.001360416412354
1694,49.0649356842041
1695,27.1384859085083
1696,21.488772869110107
1697,21.047597408294678
1698,20.614777088165283
1699,19.13696575164795
1700,12.055772304534912
1701,27.167029857635498
1702,22.21306324005127
1703,21.56749439239502
1704,20.199876308441162
1705,26.646638870239258
1706,34.655012130737305
1707,31.6466007232666
1708,47.46804237365723
1709,38.61324596405029
1710,20.20757746696472
1711,25.596699237823486
1712,30.023422241210938
1713,12.363801956176758
1714,35.231990337371826
1715,19.56598210334778
1716,32.257421016693115
1717,32.29301452636719
1718,12.050530672073364
1719,31.244712829589844
1720,11.833470582962036
1721,26.186529636383057
1722,11.82002329826355
1723,20.395973205566406
1724,44.6715145111084
1725,20.526042461395264
1726,19.928466320037842
1727,64.77799701690674
1728,12.582277059555054
1729,11.702741622924805
1730,35.86693096160889
1731,20.339120864868164
1732,20.42094087600708
1733,20.689754009246826
1734,12.908032178878784
1735,25.11304235458374
1736,11.14774489402771
1737,20.108100414276123
1738,11.77011251449585
1739,20.733294010162354
1740,20.62384843826294
1741,25.01202392578125
1742,31.681840896606445
1743,13.200539112091064
1744,20.977429389953613
1745,20.959988594055176
1746,11.707417488098145
1747,44.48331928253174
1748,35.83016633987427
1749,33.636239528656006
1750,11.817710161209106
1751,26.624582290649414
1752,41.02148151397705
1753,21.63535499572754
1754,31.34406566619873
1755,51.11296463012695
1756,20.905925273895264
1757,50.63910675048828
1758,20.964057445526123
1759,20.096712589263916
1760,48.355950355529785
1761,11.82474684715271
1762,21.46493673324585
1763,11.999664545059204
1764,35.92954158782959
1765,12.018731594085693
1766,32.4658522605896
1767,12.573527336120605
1768,48.670677185058594
1769,12.729304790496826
1770,34.1769232749939
1771,12.447240352630615
1772,12.273077487945557
1773,13.012033700942993
1774,30.335598945617676
1775,11.797128438949585
1776,31.285698890686035
1777,35.588221073150635
1778,11.888419389724731
1779,30.93792152404785
1780,57.420650482177734
1781,11.868256568908691
1782,21.27809476852417
1783,37.33747053146362
1784,19.883473873138428
1785,20.74321460723877
1786,12.43640947341919
1787,32.02494239807129
1788,25.41093397140503
1789,27.737357139587402
1790,26.7641863822937
1791,11.822435855865479
1792,43.173410415649414
1793,11.964949131011963
1794,20.235190391540527
1795,21.01041078567505
1796,22.20984649658203
1797,34.9027419090271
1798,40.4626407623291
1799,20.88814353942871
1800,21.76524066925049
1801,26.151042461395264
1802,32.191362380981445
1803,12.582257747650146
1804,35.92292261123657
1805,26.22115468978882
1806,21.30457353591919
1807,20.665717601776123
1808,31.288981914520264
1809,26.635441303253174
1810,19.92093801498413
1811,25.194488048553467
1812,37.3323655128479
1813,37.88488960266113
1814,26.35052728652954
1815,12.439075469970703
1816,37.834413051605225
1817,11.605684280395508
1818,12.15744924545288
1819,21.35255527496338
1820,12.524164199829102
1821,50.89223575592041
1822,13.299349546432495
1823,26.052144527435303
1824,30.36625909805298
1825,25.911706924438477
1826,12.781977653503418
1827,32.2472882270813
1828,11.240812063217163
1829,26.21599054336548
1830,31.242329120635986
1831,45.513373374938965
1832,12.678822994232178
1833,12.41611361503601
1834,31.130358695983887
1835,11.724858283996582
1836,11.918175220489502
1837,25.696578979492188
1838,26.44573974609375
1839,26.995291233062744
1840,12.425358295440674
1841,26.398062705993652
1842,32.166590213775635
1843,31.889432430267334
1844,12.223619937896729
1845,20.60866689682007
1846,31.758001804351807
1847,30.085503578186035
1848,37.87193059921265
1849,20.213894367218018
1850,21.273731231689453
1851,41.13018608093262
1852,12.484099864959717
1853,26.762081146240234
1854,12.246171236038208
1855,22.105046272277832
1856,12.59107518196106
1857,31.566948890686035
1858,41.57377529144287
1859,13.393569707870483
1860,26.161555290222168
1861,35.58222246170044
1862,26.652664184570312
1863,31.5467209815979
1864,35.19560241699219
1865,26.68933391571045
1866,26.86383581161499
1867,12.197733163833618
1868,11.9621102809906
1869,21.377756118774414
1870,26.343658924102783
1871,28.108946800231934
1872,11.591216325759888
1873,25.54248332977295
1874,11.818187713623047
1875,12.772246837615967
1876,20.30258846282959
1877,47.90400505065918
1878,12.372734546661377
1879,11.968165636062622
1880,20.437300205230713
1881,18.84830141067505
1882,25.37429714202881
1883,21.271357536315918
1884,20.69275426864624
1885,12.889373302459717
1886,12.391858577728271
1887,45.14576721191406
1888,31.60350751876831
1889,11.868649959564209
1890,50.76286602020264
1891,19.890186548233032
1892,20.235499620437622
1893,20.31935453414917
1894,11.739269495010376
1895,20.694593906402588
1896,20.914422035217285
1897,27.113649368286133
1898,11.949430465698242
1899,38.4683256149292
1900,37.35595941543579
1901,22.812503814697266
1902,29.959109783172607
1903,47.089144706726074
1904,35.308969020843506
1905,30.98912477493286
1906,25.841418266296387
1907,40.33504295349121
1908,21.919125080108643
1909,12.886535167694092
1910,11.882964134216309
1911,12.041313886642456
1912,11.692864656448364
1913,31.771085262298584
1914,27.085251331329346
1915,33.20635509490967
1916,19.646682739257812
1917,31.364168167114258
1918,42.51360034942627
1919,31.58394718170166
1920,12.469175338745117
1921,12.400209665298462
1922,21.551058292388916
1923,25.383106231689453
1924,33.517592430114746
1925,30.509082794189453
1926,18.032443046569824
1927,20.136765480041504
1928,11.917733430862427
1929,32.19724798202515
1930,12.275862693786621
1931,11.603978157043457
1932,36.02606725692749
1933,31.730754375457764
1934,40.74996089935303
1935,43.157219886779785
1936,49.22650337219238
1937,42.07726001739502
1938,11.821298599243164
1939,26.29165029525757
1940,20.624593019485474
1941,11.911067724227905
1942,20.514702320098877
1943,43.05203437805176
1944,20.474197387695312
1945,46.48510456085205
1946,11.783257484436035
1947,24.84834384918213
1948,11.538161993026733
1949,35.36281156539917
1950,25.827594757080078
1951,30.743318557739258
1952,26.01121997833252
1953,25.012266635894775
1954,11.845549583435059
1955,31.838157176971436
1956,43.0466194152832
1957,21.810006618499756
1958,12.887175559997559
1959,46.00415515899658
1960,12.064494132995605
1961,12.410380125045776
1962,21.783791542053223
1963,26.14326286315918
1964,48.59453296661377
1965,25.328125
1966,12.260347127914429
1967,12.42947268486023
1968,20.739408016204834
1969,25.842626094818115
1970,21.14116859436035
1971,12.049983263015747
1972,12.224349975585938
1973,11.807454586029053
1974,35.55375957489014
1975,12.571781158447266
1976,20.158573150634766
1977,30.53172731399536
1978,20.998838424682617
1979,25.905447483062744
1980,11.634134531021118
1981,20.767014503479004
1982,34.7465238571167
1983,31.994711875915527
1984,41.17103862762451
1985,36.08806800842285
1986,48.48591423034668
1987,40.401548862457275
1988,21.506083965301514
1989,24.93838930130005
1990,12.10661244392395
1991,39.61422777175903
1992,20.499587059020996
1993,20.463894605636597
1994,13.428276538848877
1995,12.557995319366455
1996,20.38162064552307
1997,45.340975761413574
1998,11.695435285568237
1999,12.484225273132324
2000,32.09620809555054
2001,78.24509811401367
2002,21.60542345046997
2003,20.490121841430664
2004,21.249722003936768
2005,12.246320724487305
2006,12.060307741165161
2007,37.009398460388184
2008,12.607133150100708
2009,35.4918475151062
2010,12.297816514968872
2011,35.67881965637207
2012,43.03236198425293
2013,21.003118991851807
2014,11.246389627456665
2015,12.320638179779053
2016,27.39833354949951
2017,41.864556312561035
2018,12.203397512435913
2019,25.729939937591553
2020,56.55288505554199
2021,20.83555841445923
2022,37.37493276596069
2023,20.803905487060547
2024,20.283863067626953
2025,13.097708940505981
2026,27.218603134155273
2027,31.87547779083252
2028,11.808624505996704
2029,39.850154399871826
2030,26.135014057159424
2031,21.050825595855713
2032,26.538480758666992
2033,37.697219371795654
2034,13.24427604675293
2035,21.51329803466797
2036,20.31357431411743
2037,32.34405517578125
2038,31.62102222442627
2039,21.729848384857178
2040,20.475733280181885
2041,20.603901386260986
2042,21.50804567337036
2043,12.866157293319702
2044,25.871805667877197
2045,32.34058618545532
2046,18.177167415618896
2047,47.33920097351074
2048,31.313344955444336
2049,25.772535800933838
2050,21.107463836669922
2051,11.846394062042236
2052,11.81269645690918
2053,26.60379409790039
2054,25.671157836914062
2055,40.17799472808838
2056,21.16360092163086
2057,32.57579469680786
2058,12.02569842338562
2059,32.23798370361328
2060,37.04482078552246
2061,12.455122947692871
2062,25.76543378829956
2063,12.442723751068115
2064,20.70558786392212
2065,42.970733642578125
2066,41.301371574401855
2067,20.048221588134766
2068,20.449997425079346
2069,31.072040557861328
2070,12.679929971694946
2071,12.333747625350952
2072,20.315020084381104
2073,12.515246152877808
2074,11.916198492050171
2075,12.163872480392456
2076,32.36331796646118
2077,26.81244659423828
2078,33.679840087890625
2079,11.460026741027832
2080,35.137207984924316
2081,27.609310150146484
2082,32.66350746154785
2083,41.20914268493652
2084,45.71253681182861
2085,31.1673641204834
2086,20.554770469665527
2087,18.730539560317993
2088,33.188560009002686
2089,12.327386140823364
2090,26.02286195755005
2091,38.095499992370605
2092,30.69485330581665
2093,43.36234378814697
2094,12.416958570480347
2095,11.940505504608154
2096,11.059640169143677
2097,32.57971715927124
2098,25.917468070983887
2099,19.605807065963745
2100,21.334948539733887
2101,12.242818593978882
2102,12.388949394226074
2103,16.590916633605957
2104,31.08207368850708
2105,11.838370323181152
2106,11.542610168457031
2107,30.798208236694336
2108,19.848052740097046
2109,12.503190040588379
2110,44.30981254577637
2111,30.943025588989258
2112,32.63484287261963
2113,12.59328293800354
2114,12.477686643600464
2115,12.314824342727661
2116,21.325501441955566
2117,21.38763952255249
2118,44.19687461853027
2119,12.079154014587402
2120,12.027356624603271
2121,25.766088485717773
2122,34.31235933303833
2123,21.04832363128662
2124,37.8966383934021
2125,40.145896434783936
2126,31.724191188812256
2127,35.71399641036987
2128,20.78423023223877
2129,19.673749685287476
2130,20.937366008758545
2131,11.792955160140991
2132,18.851496696472168
2133,35.63568735122681
2134,35.336390018463135
2135,32.04857397079468
2136,48.83225631713867
2137,19.66413688659668
2138,37.76801586151123
2139,12.213537454605103
2140,12.447781324386597
2141,35.49217367172241
2142,25.696409225463867
2143,13.618091106414795
2144,12.62741494178772
2145,12.860188245773315
2146,11.99711275100708
2147,22.330945014953613
2148,32.855332374572754
2149,14.422688007354736
2150,11.523344993591309
2151,35.48943614959717
2152,26.606534957885742
2153,34.961206912994385
2154,20.888729095458984
2155,37.478318214416504
2156,12.610010862350464
2157,25.652973175048828
2158,32.04818534851074
2159,19.616859436035156
2160,40.3163857460022
2161,12.825538396835327
2162,21.00069522857666
2163,12.156618118286133
2164,21.05294132232666
2165,15.598258018493652
2166,20.73404026031494
2167,38.22272777557373
2168,40.15035009384155
2169,12.41059684753418
2170,30.361149311065674
2171,12.293464422225952
2172,26.16184663772583
2173,25.921741485595703
2174,11.822335958480835
2175,20.878378868103027
2176,25.512441635131836
2177,25.895766258239746
2178,47.704543113708496
2179,36.98417806625366
2180,11.793971061706543
2181,12.43295168876648
2182,37.846985816955566
2183,38.19007635116577
2184,26.454224586486816
2185,11.839148998260498
2186,21.835731029510498
2187,42.33745002746582
2188,12.514429569244385
2189,20.917617321014404
2190,12.231610774993896
2191,18.50547456741333
2192,20.989320755004883
2193,19.590673208236694
2194,20.563080549240112
2195,36.00322437286377
2196,22.936274528503418
2197,26.117507457733154
2198,12.104498624801636
2199,25.003475666046143
2200,12.198079824447632
2201,31.28901958465576
2202,25.82486057281494
2203,21.28707981109619
2204,49.70547103881836
2205,31.61342144012451
2206,19.312572717666626
2207,70.44680500030518
2208,35.88426923751831
2209,20.251012325286865
2210,26.458675384521484
2211,35.5479211807251
2212,26.53669786453247
2213,41.86528015136719
2214,36.69275426864624
2215,12.764854669570923
2216,67.89985656738281
2217,20.154043197631836
2218,34.79680347442627
2219,20.818761348724365
2220,12.50438904762268
2221,30.814399242401123
2222,34.078872203826904
2223,47.22077178955078
2224,51.35580253601074
2225,12.524595975875854
2226,25.408045291900635
2227,35.51688575744629
2228,21.18216371536255
2229,47.488759994506836
2230,26.543290615081787
2231,25.69522523880005
2232,57.514986991882324
2233,26.0138840675354
2234,20.848780632019043
2235,45.52544116973877
2236,45.389801025390625
2237,11.674417972564697
2238,20.51749610900879
2239,22.823047161102295
2240,25.146337509155273
2241,44.06049156188965
2242,12.189560651779175
2243,37.092548847198486
2244,12.479387998580933
2245,35.77009153366089
2246,12.558791637420654
2247,40.10167932510376
2248,20.542999267578125
2249,49.10490894317627
2250,26.775513648986816
2251,27.10932970046997
2252,22.442347049713135
2253,12.104738473892212
2254,12.141308546066284
2255,49.86565971374512
2256,20.440905332565308
2257,12.306190490722656
2258,20.104264974594116
2259,20.302820205688477
2260,20.54136323928833
2261,26.902385711669922
2262,27.17382574081421
2263,11.801904439926147
2264,47.72359657287598
2265,11.819114446640015
2266,21.25099802017212
2267,32.398552894592285
2268,36.51406908035278
2269,11.216081857681274
2270,20.67301607131958
2271,26.97720718383789
2272,21.411255836486816
2273,49.03520584106445
2274,31.605535984039307
2275,10.966542959213257
2276,20.80384635925293
2277,11.675771236419678
2278,20.538646697998047
2279,12.142067909240723
2280,20.431107997894287
2281,20.77470588684082
2282,13.182280540466309
2283,37.32335424423218
2284,11.764635562896729
2285,11.735953330993652
2286,11.736918210983276
2287,21.324557304382324
2288,33.03848886489868
2289,11.746287822723389
2290,71.12717723846436
2291,31.567452907562256
2292,12.249114274978638
2293,38.21002817153931
2294,25.041282176971436
2295,25.13998317718506
2296,29.24565553665161
2297,26.34181308746338
2298,11.817164421081543
2299,39.82247018814087
2300,26.064277172088623
2301,25.961689949035645
2302,20.51259422302246
2303,38.925498962402344
2304,25.916423320770264
2305,26.523664951324463
2306,21.639626502990723
2307,20.517939567565918
2308,25.630996227264404
2309,19.80176305770874
2310,25.045355796813965
2311,48.95103645324707
2312,25.22415542602539
2313,20.885347843170166
2314,21.587750911712646
2315,21.03730058670044
2316,20.453429222106934
2317,45.32932472229004
2318,11.773037672042847
2319,31.896606922149658
2320,12.612025499343872
2321,12.468382596969604
2322,20.994844436645508
2323,30.804293632507324
2324,20.86958885192871
2325,27.054512977600098
2326,11.07928991317749
2327,26.05648422241211
2328,44.96092700958252
2329,20.275001525878906
2330,37.089691162109375
2331,30.161670207977295
2332,40.53481101989746
2333,32.118131160736084
2334,25.104309558868408
2335,12.250266790390015
2336,35.14726495742798
2337,26.382722854614258
2338,20.616615772247314
2339,22.013005256652832
2340,20.174835443496704
2341,21.20485496520996
2342,20.163682222366333
2343,12.986516237258911
2344,12.125854730606079
2345,26.183420181274414
2346,26.654190063476562
2347,20.358865976333618
2348,31.545243740081787
2349,21.30833673477173
2350,21.23466444015503
2351,26.13987922668457
2352,25.53120517730713
2353,20.47101640701294
2354,42.110673904418945
2355,38.72395610809326
2356,46.818840980529785
2357,15.90833854675293
2358,12.306344270706177
2359,32.44634675979614
2360,20.82161283493042
2361,12.004303216934204
2362,37.51095724105835
2363,43.326433181762695
2364,19.131025075912476
2365,31.25130844116211
2366,19.974112033843994
2367,25.949155807495117
2368,25.949932098388672
2369,12.213777303695679
2370,26.268105506896973
2371,50.720871925354004
2372,46.36997318267822
2373,11.587820291519165
2374,35.20315504074097
2375,20.174034118652344
2376,31.678059577941895
2377,21.3929386138916
2378,20.414977550506592
2379,22.130366802215576
2380,12.001956939697266
2381,11.76585865020752
2382,21.54640483856201
2383,12.462239027023315
2384,20.266723155975342
2385,19.966930866241455
2386,21.07336950302124
2387,21.227126598358154
2388,30.747395515441895
2389,21.15172004699707
2390,63.719398498535156
2391,33.89677810668945
2392,26.13727378845215
2393,39.79631805419922
2394,12.151144742965698
2395,25.86677074432373
2396,35.6525764465332
2397,28.036468505859375
2398,47.96887493133545
2399,26.405943393707275
2400,34.67186212539673
2401,26.127793312072754
2402,25.46630096435547
2403,11.893310308456421
2404,35.07949447631836
2405,39.71360397338867
2406,21.957833290100098
2407,27.039741039276123
2408,21.646533489227295
2409,35.30386924743652
2410,31.114202976226807
2411,31.952051639556885
2412,21.536268711090088
2413,21.90858507156372
2414,20.742976188659668
2415,21.91936206817627
2416,38.736897468566895
2417,11.852816581726074
2418,20.8148193359375
2419,21.191553592681885
2420,21.661736011505127
2421,35.378173828125
2422,26.774678707122803
2423,21.974236488342285
2424,21.116615772247314
2425,40.148043632507324
2426,19.94416618347168
2427,11.842716932296753
2428,12.459789037704468
2429,11.58350396156311
2430,49.26188850402832
2431,34.5679349899292
2432,11.644718647003174
2433,40.803571701049805
2434,42.56776142120361
2435,54.13150691986084
2436,21.776131629943848
2437,11.923043489456177
2438,52.73936080932617
2439,11.702450037002563
2440,11.662375211715698
2441,12.422268629074097
2442,50.69932174682617
2443,21.078240394592285
2444,12.810455322265625
2445,11.078740119934082
2446,12.635417461395264
2447,40.403775691986084
2448,12.151283979415894
2449,47.81748962402344
2450,33.5380744934082
2451,22.88518714904785
2452,26.482723236083984
2453,12.275768756866455
2454,20.312971115112305
2455,11.52653980255127
2456,33.83254337310791
2457,11.77564263343811
2458,21.127933502197266
2459,20.388572216033936
2460,21.294604301452637
2461,42.62206554412842
2462,27.02680778503418
2463,11.715580940246582
2464,52.90959548950195
2465,12.307265996932983
2466,34.93959903717041
2467,31.764297008514404
2468,49.62246894836426
2469,21.109039306640625
2470,26.883355140686035
2471,11.338736772537231
2472,39.88622522354126
2473,12.536795377731323
2474,12.139368295669556
2475,20.707172393798828
2476,25.878071308135986
2477,11.617451906204224
2478,26.155139446258545
2479,11.170005083084106
2480,42.470102310180664
2481,26.122535705566406
2482,12.217057228088379
2483,27.041687965393066
2484,31.958415031433105
2485,25.641958236694336
2486,39.51935958862305
2487,52.73915100097656
2488,44.62046241760254
2489,11.891589879989624
2490,42.498427391052246
2491,19.48167848587036
2492,25.47683811187744
2493,26.66848373413086
2494,32.70907211303711
2495,20.51083016395569
2496,25.91227960586548
2497,40.91922855377197
2498,26.62691068649292
2499,26.712146282196045
2500,20.477139949798584
2501,12.531390190124512
2502,12.54965090751648
2503,21.50264024734497
2504,32.026806354522705
2505,11.71902585029602
2506,34.89492845535278
2507,20.99467134475708
2508,12.392887115478516
2509,12.426898717880249
2510,21.540717124938965
2511,36.028316020965576
2512,21.2087721824646
2513,20.951046466827393
2514,26.37030553817749
2515,21.860052585601807
2516,32.20114517211914
2517,20.277976036071777
2518,27.62877082824707
2519,12.137068510055542
2520,46.840688705444336
2521,26.071955680847168
2522,31.57287836074829
2523,27.011533737182617
2524,32.64365530014038
2525,47.23915481567383
2526,42.575371742248535
2527,32.12555551528931
2528,27.558318614959717
2529,43.56722450256348
2530,35.523921489715576
2531,20.412054538726807
2532,42.95757293701172
2533,35.54780149459839
2534,12.464043617248535
2535,20.299867630004883
2536,38.93259382247925
2537,27.54742956161499
2538,12.548582553863525
2539,21.97430419921875
2540,32.095760345458984
2541,20.012189865112305
2542,36.993168354034424
2543,35.06707000732422
2544,11.280630826950073
2545,12.793456554412842
2546,12.369340658187866
2547,12.54383397102356
2548,11.69909381866455
2549,31.889405727386475
2550,26.159715175628662
2551,11.929200410842896
2552,31.45322561264038
2553,32.71754789352417
2554,30.764491081237793
2555,11.770750045776367
2556,31.027432918548584
2557,24.91949462890625
2558,32.20100450515747
2559,20.82866907119751
2560,21.940507411956787
2561,33.12041187286377
2562,12.066282033920288
2563,37.420013427734375
2564,35.496732234954834
2565,25.174845695495605
2566,39.1716628074646
2567,12.279537916183472
2568,35.898099422454834
2569,31.20937967300415
2570,20.02150249481201
2571,37.551023960113525
2572,35.48136806488037
2573,43.5837459564209
2574,33.24787664413452
2575,20.408984661102295
2576,38.69585561752319
2577,10.801402568817139
2578,64.42500877380371
2579,51.102458000183105
2580,12.1456298828125
2581,31.275160789489746
2582,42.453898429870605
2583,67.27557468414307
2584,20.7711124420166
2585,32.54396295547485
2586,22.02287530899048
2587,12.216684818267822
2588,11.579093933105469
2589,26.837151527404785
2590,33.05638837814331
2591,40.51565170288086
2592,21.889994621276855
2593,12.716835021972656
2594,26.760843753814697
2595,21.710944652557373
2596,38.53487968444824
2597,12.104933977127075
2598,19.51200771331787
2599,54.22091484069824
2600,32.69987726211548
2601,35.64565706253052
2602,35.02056932449341
2603,26.750927448272705
2604,12.712837934494019
2605,11.899532556533813
2606,32.079294204711914
2607,23.378737449645996
2608,25.60275411605835
2609,11.771881818771362
2610,12.180939674377441
2611,42.38065433502197
2612,11.963629007339478
2613,21.48616123199463
2614,11.218470096588135
2615,38.389559268951416
2616,54.53873825073242
2617,35.35246276855469
2618,36.873372077941895
2619,11.116629838943481
2620,27.123083114624023
2621,31.96033000946045
2622,20.154632091522217
2623,12.05703067779541
2624,34.017746925354004
2625,32.44353628158569
2626,11.738781929016113
2627,31.227073192596436
2628,25.912848472595215
2629,26.431617259979248
2630,12.2146155834198
2631,32.55321550369263
2632,25.86624574661255
2633,47.37265872955322
2634,50.5289192199707
2635,12.019927263259888
2636,25.24339532852173
2637,11.68705153465271
2638,65.38325214385986
2639,21.931391716003418
2640,11.226805448532104
2641,33.61862325668335
2642,31.450782299041748
2643,26.79815912246704
2644,26.30705165863037
2645,11.320436000823975
2646,12.425240755081177
2647,25.793518543243408
2648,12.510597705841064
2649,11.680570125579834
2650,25.442001819610596
2651,20.378689289093018
2652,11.76764464378357
2653,38.4408745765686
2654,11.699429512023926
2655,35.77408695220947
2656,31.921886444091797
2657,11.85340166091919
2658,47.17423915863037
2659,50.65743637084961
2660,21.04645299911499
2661,40.31570053100586
2662,11.71213698387146
2663,12.175956964492798
2664,11.63888430595398
2665,32.08831739425659
2666,20.910714149475098
2667,19.325324535369873
2668,12.809258937835693
2669,24.918325424194336
2670,49.36433029174805
2671,20.54809045791626
2672,11.724391222000122
2673,25.039540767669678
2674,21.385804176330566
2675,32.31169652938843
2676,26.000540733337402
2677,21.122838973999023
2678,49.43767738342285
2679,11.726304769515991
2680,11.850975751876831
2681,27.054277896881104
2682,11.582314252853394
2683,20.473381996154785
2684,11.811837911605835
2685,54.7809476852417
2686,37.00135517120361
2687,35.285624504089355
2688,12.140533685684204
2689,43.08537292480469
2690,20.770561695098877
2691,12.669130563735962
2692,39.87435340881348
2693,20.931631565093994
2694,26.751017093658447
2695,12.062771081924438
2696,18.8508243560791
2697,26.781569480895996
2698,32.786465644836426
2699,20.160365343093872
2700,50.00185585021973
2701,49.80498504638672
2702,21.41214942932129
2703,21.066749572753906
2704,12.30182147026062
2705,32.41097164154053
2706,11.938484907150269
2707,12.160433769226074
2708,12.453514337539673
2709,20.15650248527527
2710,31.236610889434814
2711,26.31276512145996
2712,76.05055141448975
2713,27.361753940582275
2714,27.168131828308105
2715,41.62081336975098
2716,35.0941162109375
2717,32.300952434539795
2718,37.38688516616821
2719,20.773624897003174
2720,12.224292755126953
2721,21.393094062805176
2722,31.260475635528564
2723,20.587152242660522
2724,12.245353937149048
2725,40.32822227478027
2726,31.163196086883545
2727,55.010108947753906
2728,40.916425704956055
2729,11.792873859405518
2730,20.725687503814697
2731,12.789011716842651
2732,25.73886203765869
2733,34.76413345336914
2734,38.067973613739014
2735,39.972575664520264
2736,20.860126495361328
2737,34.95249128341675
2738,21.136974811553955
2739,26.16603136062622
2740,45.311821937561035
2741,11.855213642120361
2742,11.516558170318604
2743,32.33746910095215
2744,12.550093650817871
2745,26.28041934967041
2746,12.555091142654419
2747,35.93078660964966
2748,12.220326662063599
2749,12.01594877243042
2750,34.03451490402222
2751,12.529180526733398
2752,12.237500667572021
2753,12.522530317306519
2754,21.246376991271973
2755,20.222291707992554
2756,26.172430992126465
2757,12.073233604431152
2758,12.302874565124512
2759,13.187319993972778
2760,36.83448266983032
2761,27.103873252868652
2762,28.565247535705566
2763,42.482441902160645
2764,33.078781604766846
2765,19.799726486206055
2766,36.32582712173462
2767,25.657602310180664
2768,47.50907802581787
2769,32.02145195007324
2770,49.582170486450195
2771,11.613040208816528
2772,27.20464038848877
2773,11.833340406417847
2774,50.32626914978027
2775,31.08971643447876
2776,20.604504585266113
2777,26.827425479888916
2778,37.692891120910645
2779,35.15659141540527
2780,37.70666265487671
2781,68.77709293365479
2782,12.320806503295898
2783,20.66995334625244
2784,19.866933584213257
2785,13.174916744232178
2786,26.807552814483643
2787,26.74198293685913
2788,31.505902767181396
2789,12.25536036491394
2790,25.980070114135742
2791,21.136657238006592
2792,12.099895715713501
2793,40.522830963134766
2794,37.15154266357422
2795,45.37346363067627
2796,20.08061194419861
2797,35.87889337539673
2798,36.330854415893555
2799,68.2296199798584
2800,19.854416847229004
2801,21.56429386138916
2802,12.320609331130981
2803,32.19662094116211
2804,30.077967166900635
2805,20.20822048187256
2806,37.90115308761597
2807,43.117698669433594
2808,11.982253313064575
2809,12.86173963546753
2810,12.546342849731445
2811,24.87100648880005
2812,37.34047603607178
2813,12.202370643615723
2814,25.250367641448975
2815,32.10994482040405
2816,25.8119158744812
2817,37.49996852874756
2818,49.622939109802246
2819,34.923534870147705
2820,25.81486749649048
2821,11.819528341293335
2822,25.873061656951904
2823,30.885252475738525
2824,35.16877841949463
2825,35.762770652770996
2826,12.171780347824097
2827,34.37821578979492
2828,12.611752271652222
2829,36.70481014251709
2830,31.412243843078613
2831,22.94499969482422
2832,36.14432907104492
2833,20.767786979675293
2834,17.562516450881958
2835,20.91867733001709
2836,20.66722822189331
2837,41.7578706741333
2838,20.81349468231201
2839,32.16703701019287
2840,11.584712028503418
2841,25.96269702911377
2842,12.430951595306396
2843,31.912211418151855
2844,20.460416793823242
2845,31.15730619430542
2846,31.52901268005371
2847,20.787221431732178
2848,31.439012050628662
2849,22.33516025543213
2850,20.024938821792603
2851,38.7322211265564
2852,26.29892349243164
2853,12.490507364273071
2854,37.77803182601929
2855,11.672216415405273
2856,31.770256519317627
2857,12.699462652206421
2858,12.126304626464844
2859,12.266268253326416
2860,21.287650108337402
2861,20.629685401916504
2862,20.372776985168457
2863,25.873539447784424
2864,34.38890552520752
2865,40.30736446380615
2866,12.570857763290405
2867,26.731287002563477
2868,30.513303756713867
2869,24.932962894439697
2870,11.499781608581543
2871,12.21854853630066
2872,26.05105495452881
2873,30.59436559677124
2874,12.351570129394531
2875,22.069666862487793
2876,21.13324737548828
2877,41.93514442443848
2878,32.197608947753906
2879,20.056217432022095
2880,31.53486967086792
2881,11.795823574066162
2882,35.72345733642578
2883,12.088449001312256
2884,32.18718433380127
2885,36.85493183135986
2886,12.154227256774902
2887,21.998337745666504
2888,12.240934133529663
2889,27.839777946472168
2890,20.602817058563232
2891,48.431490898132324
2892,13.309277057647705
2893,52.496684074401855
2894,11.669134855270386
2895,26.856762409210205
2896,21.606573581695557
2897,26.04349660873413
2898,21.012512683868408
2899,11.813650608062744
2900,20.531018257141113
2901,12.57683515548706
2902,20.860021114349365
2903,31.64433193206787
2904,13.7309091091156
2905,12.352816343307495
2906,30.613657474517822
2907,32.601189613342285
2908,52.025004386901855
2909,12.504708051681519
2910,20.895830154418945
2911,37.143311500549316
2912,26.848909854888916
2913,12.309466361999512
2914,32.786282539367676
2915,19.63244390487671
2916,20.64924430847168
2917,20.50257158279419
2918,25.44697666168213
2919,19.889575719833374
2920,25.799744606018066
2921,28.068060874938965
2922,11.566006660461426
2923,37.784996032714844
2924,20.51979398727417
2925,19.95478653907776
2926,19.699379205703735
2927,36.404319763183594
2928,21.965394020080566
2929,39.70116901397705
2930,12.316920042037964
2931,12.853415489196777
2932,34.89412260055542
2933,26.327641487121582
2934,40.38348913192749
2935,12.867461919784546
2936,12.255141019821167
2937,20.920608043670654
2938,20.554731369018555
2939,21.14388370513916
2940,32.38582468032837
2941,20.72305965423584
2942,11.962035179138184
2943,14.219452857971191
2944,20.57291078567505
2945,20.418292999267578
2946,37.284037590026855
2947,20.778475761413574
2948,35.88911819458008
2949,38.27166509628296
2950,41.073214530944824
2951,26.19631576538086
2952,22.30415391921997
2953,51.35455131530762
2954,20.57624125480652
2955,30.784589290618896
2956,20.05807876586914
2957,19.97318959236145
2958,12.746687650680542
2959,11.848521947860718
2960,11.515950441360474
2961,30.73268699645996
2962,20.208552837371826
2963,12.259331226348877
2964,37.02443838119507
2965,19.93280577659607
2966,51.34351825714111
2967,12.272894382476807
2968,26.558326244354248
2969,20.92982244491577
2970,27.11572551727295
2971,42.989068031311035
2972,12.130223989486694
2973,35.10641670227051
2974,25.3236346244812
2975,26.593933582305908
2976,20.505702018737793
2977,32.474867820739746
2978,26.97782611846924
2979,20.68025541305542
2980,12.414188623428345
2981,25.6598162651062
2982,20.758883953094482
2983,35.604241371154785
2984,19.986778020858765
2985,30.017476081848145
2986,12.70095944404602
2987,31.486168384552002
2988,21.063530445098877
2989,20.893339157104492
2990,35.171326637268066
2991,25.806103229522705
2992,44.886587142944336
2993,31.139949798583984
2994,11.978610038757324
2995,12.149773597717285
2996,21.003039836883545
2997,11.866681337356567
2998,30.717788219451904
2999,34.97420787811279
3000,35.35263729095459
3001,20.356364011764526
3002,46.050124168395996
3003,11.97867202758789
3004,11.788419961929321
3005,26.474210262298584
3006,20.251612901687622
3007,26.498795986175537
3008,34.849472999572754
3009,20.001003980636597
3010,26.384231090545654
3011,28.065697193145752
3012,20.284778594970703
3013,12.184869050979614
3014,20.35044002532959
3015,20.11901021003723
3016,27.268756866455078
3017,47.39829444885254
3018,20.06377077102661
3019,20.351614952087402
3020,31.61584758758545
3021,31.776835918426514
3022,12.44376516342163
3023,11.625550746917725
3024,19.317054748535156
3025,31.655782222747803
3026,20.143721342086792
3027,53.72672367095947
3028,32.226065158843994
3029,35.46921157836914
3030,21.045838356018066
3031,26.48322629928589
3032,37.732033252716064
3033,48.817349433898926
3034,25.160194396972656
3035,27.286293029785156
3036,12.217350244522095
3037,22.298712730407715
3038,35.501890659332275
3039,33.99116086959839
3040,21.21171998977661
3041,28.736159324645996
3042,26.63742208480835
3043,20.56096649169922
3044,25.95866107940674
3045,21.17197895050049
3046,25.58806276321411
3047,20.884093761444092
3048,25.859712600708008
3049,20.266907215118408
3050,31.196399688720703
3051,11.588790655136108
3052,25.751938819885254
3053,25.333117961883545
3054,25.817945957183838
3055,26.535848140716553
3056,11.629162311553955
3057,32.47574043273926
3058,35.15429162979126
3059,20.75551414489746
3060,31.034836769104004
3061,52.256388664245605
3062,31.359619140625
3063,20.51750111579895
3064,36.48194456100464
3065,25.726576805114746
3066,27.26602268218994
3067,21.014110565185547
3068,11.845747232437134
3069,12.143980741500854
3070,20.67621374130249
3071,26.679466724395752
3072,26.068849563598633
3073,26.207757472991943
3074,31.745734691619873
3075,25.0038104057312
3076,34.74844837188721
3077,11.805947065353394
3078,32.222840785980225
3079,19.45957636833191
3080,12.583869934082031
3081,25.85096311569214
3082,12.168099164962769
3083,26.443862438201904
3084,20.300222396850586
3085,36.15916156768799
3086,19.80513596534729
3087,12.170117378234863
3088,39.710307121276855
3089,31.807536125183105
3090,48.13036632537842
3091,29.78898572921753
3092,31.903767108917236
3093,20.577589511871338
3094,18.046915292739868
3095,24.83155870437622
3096,32.120211601257324
3097,27.07207202911377
3098,19.930835723876953
3099,12.124548435211182
3100,40.084458351135254
3101,12.39901089668274
3102,35.3978967666626
3103,40.30451536178589
3104,11.730947732925415
3105,22.17567205429077
3106,12.345145225524902
3107,32.17189931869507
3108,13.254047632217407
3109,11.993444204330444
3110,25.234256267547607
3111,25.490246295928955
3112,33.59437799453735
3113,52.250407218933105
3114,26.992079257965088
3115,42.13362503051758
3116,20.476152658462524
3117,54.60141372680664
3118,31.724441528320312
3119,43.4229040145874
3120,48.38542079925537
3121,26.50253438949585
3122,13.320630550384521
3123,21.33530616760254
3124,12.801353216171265
3125,12.15992522239685
3126,34.51417827606201
3127,46.91312026977539
3128,31.27097749710083
3129,30.809378623962402
3130,12.623894929885864
3131,35.46438694000244
3132,21.298885345458984
3133,17.94576930999756
3134,31.466079235076904
3135,26.95340633392334
3136,20.802670001983643
3137,31.352580070495605
3138,42.42648696899414
3139,11.464082479476929
3140,11.777488231658936
3141,20.75575828552246
3142,42.17978858947754
3143,45.83483123779297
3144,20.331796169281006
3145,32.13375377655029
3146,11.516695022583008
3147,33.44786262512207
3148,26.715331554412842
3149,21.801196098327637
3150,21.02108383178711
3151,12.156445264816284
3152,43.16602325439453
3153,31.695192337036133
3154,20.594764232635498
3155,40.81453609466553
3156,21.757773399353027
3157,31.094364643096924
3158,18.59877610206604
3159,25.567163467407227
3160,30.80372905731201
3161,20.81718921661377
3162,35.529212474823
3163,12.572303295135498
3164,11.68782925605774
3165,12.122706651687622
3166,42.52174091339111
3167,35.6837363243103
3168,25.26262664794922
3169,44.44491386413574
3170,40.54473161697388
3171,43.50115966796875
3172,12.063134670257568
3173,43.81350135803223
3174,23.584405422210693
3175,25.654561519622803
3176,26.321695804595947
3177,31.25371551513672
3178,26.02730417251587
3179,12.575822591781616
3180,12.481957197189331
3181,12.130709648132324
3182,26.904767513275146
3183,29.687069416046143
3184,48.88300704956055
3185,21.179485321044922
3186,12.043107986450195
3187,41.10588073730469
3188,26.127869129180908
3189,26.337350368499756
3190,12.874103546142578
3191,34.194220542907715
3192,12.470204830169678
3193,20.99879026412964
3194,47.28395652770996
3195,37.99321985244751
3196,11.897467851638794
3197,25.652899265289307
3198,26.425188541412354
3199,40.287458419799805
3200,37.4603009223938
3201,24.570210933685303
3202,27.335593223571777
3203,20.325574159622192
3204,20.77013111114502
3205,25.840852737426758
3206,20.8298921585083
3207,21.4674334526062
3208,34.80144691467285
3209,45.32133769989014
3210,20.759814739227295
3211,31.244548797607422
3212,26.03010129928589
3213,31.373408317565918
3214,12.263864040374756
3215,21.341879844665527
3216,21.23955011367798
3217,11.253283500671387
3218,37.58694362640381
3219,12.458986759185791
3220,34.9414644241333
3221,12.514642477035522
3222,26.0052809715271
3223,20.27741003036499
3224,34.4514102935791
3225,26.584673404693604
3226,13.577637195587158
3227,11.243947744369507
3228,21.08790111541748
3229,11.798302412033081
3230,20.797532558441162
3231,30.04292345046997
3232,38.227272033691406
3233,31.03794240951538
3234,12.62585711479187
3235,12.621447801589966
3236,31.806064128875732
3237,19.358694791793823
3238,20.552329540252686
3239,11.956873893737793
3240,19.84646964073181
3241,19.710052251815796
3242,11.813512086868286
3243,20.198680639266968
3244,74.23876857757568
3245,12.30192232131958
3246,11.870409965515137
3247,35.39559030532837
3248,11.690208911895752
3249,21.74757480621338
3250,40.85672187805176
3251,12.005193948745728
3252,12.062681436538696
3253,48.904367446899414
3254,44.97456169128418
3255,53.61647891998291
3256,25.612327575683594
3257,34.80472373962402
3258,11.208726167678833
3259,39.471370220184326
3260,12.216186285018921
3261,11.900271654129028
3262,47.77449035644531
3263,12.035171747207642
3264,30.611575603485107
3265,12.305003881454468
3266,33.815829277038574
3267,41.78180694580078
3268,26.420332431793213
3269,12.616992473602295
3270,27.65541124343872
3271,12.751722574234009
3272,21.225985527038574
3273,41.85737991333008
3274,12.013571500778198
3275,32.606689453125
3276,32.825621128082275
3277,19.95075821876526
3278,19.87419080734253
3279,26.173575401306152
3280,32.192442417144775
3281,20.065422296524048
3282,20.986001014709473
3283,18.77628755569458
3284,31.729002475738525
3285,21.04920482635498
3286,12.317408800125122
3287,12.392088651657104
3288,35.935776710510254
3289,12.813916444778442
3290,12.440215349197388
3291,13.445176839828491
3292,11.808713674545288
3293,12.06201982498169
3294,25.444655895233154
3295,34.09132242202759
3296,40.880799293518066
3297,38.205360412597656
3298,26.83097219467163
3299,73.35601234436035
3300,21.096248626708984
3301,12.219416379928589
3302,21.035285472869873
3303,11.766367435455322
3304,25.84576177597046
3305,40.482778549194336
3306,42.624685287475586
3307,46.12303638458252
3308,11.741530179977417
3309,12.633097648620605
3310,11.607574462890625
3311,20.078213691711426
3312,35.80199670791626
3313,34.182289123535156
3314,21.758493423461914
3315,32.59155750274658
3316,22.028576850891113
3317,30.718921661376953
3318,51.32393932342529
3319,20.75414752960205
3320,20.25536060333252
3321,20.671148777008057
3322,25.650633335113525
3323,34.68085241317749
3324,12.693578958511353
3325,26.74420928955078
3326,31.717405796051025
3327,48.307861328125
3328,30.755698204040527
3329,34.95449256896973
3330,11.99216079711914
3331,11.623619079589844
3332,30.921539306640625
3333,20.49765682220459
3334,26.063907146453857
3335,49.55048084259033
3336,26.69066858291626
3337,36.333162784576416
3338,34.564629554748535
3339,21.592596530914307
3340,20.59351348876953
3341,19.574222803115845
3342,12.116814613342285
3343,11.965330123901367
3344,11.805952310562134
3345,20.963953495025635
3346,11.941223859786987
3347,34.003111839294434
3348,12.157469272613525
3349,11.59795069694519
3350,35.242141246795654
3351,20.040752410888672
3352,12.344296216964722
3353,12.572902917861938
3354,12.372508764266968
3355,10.90642762184143
3356,35.073750019073486
3357,11.903460025787354
3358,26.467150688171387
3359,26.157874584197998
3360,20.689600467681885
3361,32.23568153381348
3362,19.863646507263184
3363,25.223888397216797
3364,34.34524154663086
3365,47.85782527923584
3366,34.917224407196045
3367,20.805676460266113
3368,26.084341526031494
3369,12.562072038650513
3370,33.72077798843384
3371,20.887473106384277
3372,11.658004522323608
3373,26.46382474899292
3374,35.69498252868652
3375,40.45362710952759
3376,21.005759716033936
3377,32.58759784698486
3378,37.13501834869385
3379,25.37831401824951
3380,20.561150074005127
3381,11.704618215560913
3382,11.194242238998413
3383,31.35390567779541
3384,20.50761890411377
3385,42.64947319030762
3386,11.84863543510437
3387,20.7499942779541
3388,11.646395206451416
3389,21.119324684143066
3390,26.963141918182373
3391,20.348546028137207
3392,12.434811353683472
3393,20.7923583984375
3394,42.746185302734375
3395,11.903327703475952
3396,11.526207685470581
3397,25.376110076904297
3398,11.71411395072937
3399,36.826244831085205
3400,22.389503002166748
3401,20.364670515060425
3402,12.546342849731445
3403,11.526121854782104
3404,48.57572078704834
3405,31.75390625
3406,30.894091606140137
3407,11.677603721618652
3408,12.809598445892334
3409,11.770054817199707
3410,42.11910057067871
3411,37.32130575180054
3412,21.45725917816162
3413,22.09618091583252
3414,59.97634506225586
3415,12.991554975509644
3416,12.047718286514282
3417,11.68705153465271
3418,20.669923782348633
3419,25.775911331176758
3420,27.36978530883789
3421,25.671164512634277
3422,26.54905605316162
3423,35.188817501068115
3424,20.63381814956665
3425,45.132689476013184
3426,20.584296703338623
3427,12.672815799713135
3428,42.755624771118164
3429,37.49311017990112
3430,34.86650323867798
3431,36.034542083740234
3432,31.95663595199585
3433,11.797214984893799
3434,25.96666669845581
3435,26.175623416900635
3436,32.82673740386963
3437,21.0363130569458
3438,20.66554832458496
3439,42.12941360473633
3440,32.083345890045166
3441,31.339996814727783
3442,19.54182004928589
3443,32.14509296417236
3444,11.644954204559326
3445,12.34515643119812
3446,31.45855951309204
3447,39.410658836364746
3448,12.191553831100464
3449,45.2698278427124
3450,34.31925964355469
3451,27.315922260284424
3452,34.92566204071045
3453,12.484212636947632
3454,12.096585035324097
3455,25.7970290184021
3456,34.26932144165039
3457,42.4188346862793
3458,63.28820610046387
3459,30.71354866027832
3460,22.501454830169678
3461,25.941612243652344
3462,26.141901969909668
3463,20.595191478729248
3464,26.621793746948242
3465,26.36873722076416
3466,21.116511344909668
3467,44.66928291320801
3468,30.81016445159912
3469,19.13840627670288
3470,21.568747520446777
3471,20.679706573486328
3472,12.496018648147583
3473,12.232726335525513
3474,22.333326816558838
3475,20.97599697113037
3476,31.787092208862305
3477,54.0068244934082
3478,36.61585187911987
3479,20.062474489212036
3480,35.39816617965698
3481,19.804060459136963
3482,32.322060108184814
3483,21.1843581199646
3484,11.852910995483398
3485,26.71108865737915
3486,20.693042755126953
3487,21.589372158050537
3488,51.764991760253906
3489,21.802724838256836
3490,32.027546882629395
3491,12.126319646835327
3492,68.80260753631592
3493,21.190651416778564
3494,19.441007614135742
3495,26.7356014251709
3496,26.79084300994873
3497,21.16417121887207
3498,20.956902503967285
3499,22.02774667739868
3500,12.283597469329834
3501,20.58669376373291
3502,33.08138656616211
3503,21.39932346343994
3504,12.000643014907837
3505,32.26147747039795
3506,26.70005989074707
3507,12.259500503540039
3508,30.14061975479126
3509,12.739769697189331
3510,43.38935947418213
3511,12.053607940673828
3512,49.186567306518555
3513,12.333815097808838
3514,30.02069616317749
3515,26.386157512664795
3516,31.27388048171997
3517,42.57286071777344
3518,34.83425331115723
3519,12.334191083908081
3520,20.190574884414673
3521,12.061141729354858
3522,26.433119297027588
3523,35.717976570129395
3524,11.864033937454224
3525,42.28154182434082
3526,30.807723999023438
3527,21.705522060394287
3528,12.088364124298096
3529,11.857057094573975
3530,20.309298515319824
3531,31.61074924468994
3532,21.538724422454834
3533,20.569042205810547
3534,12.551083326339722
3535,38.05475902557373
3536,21.476404190063477
3537,49.6746768951416
3538,61.92819309234619
3539,11.761533737182617
3540,31.771734714508057
3541,52.26534461975098
3542,20.802449226379395
3543,21.437463760375977
3544,31.015748500823975
3545,39.854576587677
3546,12.829557180404663
3547,31.758227348327637
3548,37.06879281997681
3549,20.528932094573975
3550,12.127181053161621
3551,49.29641914367676
3552,21.968979358673096
3553,11.661725044250488
3554,20.98306179046631
3555,47.88112735748291
3556,12.31425929069519
3557,12.248801469802856
3558,11.584775447845459
3559,26.09450626373291
3560,12.397265672683716
3561,13.279252290725708
3562,12.397474765777588
3563,40.22443628311157
3564,12.357303857803345
3565,11.903809309005737
3566,21.777397632598877
3567,20.671180725097656
3568,12.51377820968628
3569,20.117230653762817
3570,34.850462913513184
3571,26.179950714111328
3572,30.466739654541016
3573,21.053242683410645
3574,20.66809892654419
3575,26.08437204360962
3576,19.418409824371338
3577,40.51241874694824
3578,31.964414596557617
3579,25.16853141784668
3580,20.62290382385254
3581,26.016304969787598
3582,20.98166847229004
3583,12.261166095733643
3584,20.605637550354004
3585,44.67648792266846
3586,22.076491832733154
3587,26.756807804107666
3588,27.258726119995117
3589,20.741173267364502
3590,26.729450225830078
3591,32.12059545516968
3592,51.462257385253906
3593,23.340689182281494
3594,21.574310779571533
3595,21.651161193847656
3596,11.886878967285156
3597,31.592836380004883
3598,11.868422031402588
3599,21.788679599761963
3600,11.213222980499268
3601,50.04498767852783
3602,11.8157958984375
3603,12.355104923248291
3604,41.22048759460449
3605,21.97110652923584
3606,12.404963970184326
3607,37.143826484680176
3608,12.558889389038086
3609,36.13538074493408
3610,26.050739765167236
3611,27.152321338653564
3612,21.664462566375732
3613,41.26594543457031
3614,20.04172134399414
3615,21.57668447494507
3616,19.876094102859497
3617,40.96955585479736
3618,46.11134052276611
3619,21.667227268218994
3620,19.836657285690308
3621,39.61334228515625
3622,64.67027854919434
3623,20.442281246185303
3624,27.024907112121582
3625,43.61949920654297
3626,12.328089237213135
3627,30.563560962677002
3628,20.325465440750122
3629,32.408390045166016
3630,26.547399520874023
3631,20.318748712539673
3632,41.88035774230957
3633,20.277862071990967
3634,41.55327129364014
3635,35.09925842285156
3636,42.18219470977783
3637,11.627142429351807
3638,26.341886043548584
3639,27.126912593841553
3640,38.506011962890625
3641,32.13952398300171
3642,30.812314987182617
3643,26.07519245147705
3644,49.731258392333984
3645,30.53745937347412
3646,26.39333724975586
3647,12.45371961593628
3648,31.238752365112305
3649,12.28474497795105
3650,20.610165119171143
3651,26.738269329071045
3652,40.137635231018066
3653,12.240734815597534
3654,21.702309608459473
3655,11.96477484703064
3656,21.556428909301758
3657,20.553813934326172
3658,12.412308692932129
3659,37.44296741485596
3660,11.909036636352539
3661,11.604557037353516
3662,20.216560125350952
3663,12.047387599945068
3664,20.93048095703125
3665,25.71247148513794
3666,20.519132375717163
3667,33.14617872238159
3668,38.3356351852417
3669,32.53539705276489
3670,42.25985336303711
3671,30.490039348602295
3672,27.11876344680786
3673,25.854167938232422
3674,59.76203155517578
3675,31.97349262237549
3676,12.933717727661133
3677,31.874914169311523
3678,12.05506443977356
3679,43.56387424468994
3680,20.137043237686157
3681,11.884709596633911
3682,34.26166009902954
3683,11.8633394241333
3684,33.78450345993042
3685,26.50279474258423
3686,68.57835483551025
3687,20.183730125427246
3688,11.69652247428894
3689,31.790206909179688
3690,36.67480230331421
3691,26.76617670059204
3692,23.926470279693604
3693,21.251123428344727
3694,53.74489212036133
3695,26.655246257781982
3696,39.53325271606445
3697,20.77528667449951
3698,12.208362102508545
3699,25.79018259048462
3700,12.266331434249878
3701,48.75004291534424
3702,43.01383304595947
3703,30.876132488250732
3704,12.031486511230469
3705,26.563111782073975
3706,24.96383762359619
3707,12.49689245223999
3708,25.93316125869751
3709,25.33169651031494
3710,12.132802248001099
3711,35.500877380371094
3712,34.84433841705322
3713,11.741331338882446
3714,31.432069778442383
3715,25.23983144760132
3716,26.003693103790283
3717,11.899807453155518
3718,12.548024892807007
3719,20.551002025604248
3720,27.00440216064453
3721,21.061335563659668
3722,19.089322805404663
3723,21.766425609588623
3724,12.538015127182007
3725,26.99617576599121
3726,20.39028310775757
3727,20.97475528717041
3728,20.83282470703125
3729,37.97626876831055
3730,20.523754358291626
3731,40.54506969451904
3732,37.22810745239258
3733,31.407987117767334
3734,20.313915967941284
3735,20.418468952178955
3736,25.053378105163574
3737,49.58173751831055
3738,12.29009222984314
3739,22.39767074584961
3740,20.409966945648193
3741,11.986244678497314
3742,12.84056305885315
3743,21.725960731506348
3744,37.27498388290405
3745,39.738218784332275
3746,20.67106819152832
3747,20.291454792022705
3748,26.402528762817383
3749,31.340452194213867
3750,20.896984100341797
3751,37.067527770996094
3752,32.89501190185547
3753,32.37817335128784
3754,56.9176607131958
3755,20.53968381881714
3756,12.317428588867188
3757,37.614009857177734
3758,31.16107940673828
3759,25.924864292144775
3760,18.94693374633789
3761,35.87624406814575
3762,25.22178602218628
3763,45.942771911621094
3764,42.24376964569092
3765,25.945701122283936
3766,20.737574100494385
3767,36.20266389846802
3768,36.44874334335327
3769,11.684420347213745
3770,55.57100486755371
3771,25.47251605987549
3772,31.92798948287964
3773,11.856957912445068
3774,25.88713264465332
3775,25.615684032440186
3776,21.7424054145813
3777,25.296968936920166
3778,20.46870517730713
3779,20.530064582824707
3780,20.843505859375
3781,12.0321204662323
3782,12.096567392349243
3783,25.24475860595703
3784,33.2160210609436
3785,11.183255672454834
3786,26.915831565856934
3787,11.948145151138306
3788,13.219908952713013
3789,20.302480697631836
3790,40.59339666366577
3791,19.773582935333252
3792,50.06010437011719
3793,19.513652086257935
3794,26.280436992645264
3795,12.529183149337769
3796,20.126877307891846
3797,11.705623149871826
3798,31.705788612365723
3799,19.425752878189087
3800,12.013326168060303
3801,12.197194337844849
3802,12.652498245239258
3803,20.571941375732422
3804,26.044524669647217
3805,26.804580688476562
3806,54.39672088623047
3807,45.853206634521484
3808,20.992842197418213
3809,36.77486276626587
3810,25.92831516265869
3811,12.33650827407837
3812,20.547304153442383
3813,18.834944009780884
3814,12.789173126220703
3815,20.339804887771606
3816,24.93456268310547
3817,51.19404315948486
3818,40.93766975402832
3819,32.34386396408081
3820,21.299546241760254
3821,13.381912469863892
3822,37.815603256225586
3823,12.266114950180054
3824,19.555967569351196
3825,20.03160834312439
3826,12.075562715530396
3827,12.967579126358032
3828,25.241808891296387
3829,20.631484031677246
3830,20.50069808959961
3831,20.626378536224365
3832,26.698651790618896
3833,20.603254795074463
3834,48.79119873046875
3835,16.533609867095947
3836,35.57614803314209
3837,13.039110660552979
3838,20.060641527175903
3839,25.155209064483643
3840,31.932809829711914
3841,25.501809120178223
3842,11.72196340560913
3843,30.3369460105896
3844,21.36305856704712
3845,20.65576958656311
3846,31.493896961212158
3847,42.476972579956055
3848,35.575101375579834
3849,11.794420719146729
3850,39.73740863800049
3851,21.136165142059326
3852,35.74347496032715
3853,12.101406335830688
3854,47.00606060028076
3855,11.678497076034546
3856,34.814998626708984
3857,30.920087337493896
3858,34.5827956199646
3859,48.54775047302246
3860,26.090156078338623
3861,12.159502506256104
3862,21.154003143310547
3863,20.304179191589355
3864,11.705670833587646
3865,12.23564100265503
3866,42.18584156036377
3867,40.13485145568848
3868,34.166728019714355
3869,20.943763256072998
3870,43.06416988372803
3871,20.572686672210693
3872,24.967019081115723
3873,40.7150354385376
3874,21.00357151031494
3875,20.051222562789917
3876,32.1653938293457
3877,50.8037805557251
3878,33.941572189331055
3879,12.121718406677246
3880,26.6902813911438
3881,32.21308994293213
3882,20.37204074859619
3883,11.959072828292847
3884,32.97068738937378
3885,21.563671588897705
3886,25.255590438842773
3887,12.218735456466675
3888,12.777482986450195
3889,20.755035877227783
3890,49.43492031097412
3891,12.057770729064941
3892,11.797128438949585
3893,36.13538360595703
3894,35.54964637756348
3895,31.49735116958618
3896,31.06054973602295
3897,20.36960220336914
3898,20.116667985916138
3899,20.989320755004883
3900,20.298529624938965
3901,12.076257228851318
3902,12.524248123168945
3903,30.99458599090576
3904,30.7509503364563
3905,12.620657920837402
3906,26.192591667175293
3907,32.67189836502075
3908,11.89822244644165
3909,12.532436609268188
3910,25.81730079650879
3911,31.943484783172607
3912,44.726295471191406
3913,11.791890144348145
3914,29.56027603149414
3915,31.286794185638428
3916,40.93082237243652
3917,20.544557094573975
3918,41.9815616607666
3919,30.577075004577637
3920,51.038246154785156
3921,19.20057511329651
3922,37.09321975708008
3923,11.916619062423706
3924,41.275954246520996
3925,12.25815463066101
3926,25.77522325515747
3927,31.84404993057251
3928,19.53001356124878
3929,20.514828205108643
3930,11.851926565170288
3931,20.77868938446045
3932,20.722100734710693
3933,21.763015747070312
3934,37.097426414489746
3935,11.802586317062378
3936,20.92149782180786
3937,21.04998207092285
3938,22.094862937927246
3939,19.784512042999268
3940,42.29130554199219
3941,26.580856800079346
3942,25.824535846710205
3943,12.707382440567017
3944,25.86504364013672
3945,25.659191131591797
3946,31.485095500946045
3947,20.183163166046143
3948,13.183086633682251
3949,21.333077907562256
3950,20.612315893173218
3951,26.60867977142334
3952,12.446705102920532
3953,11.832787275314331
3954,31.770769119262695
3955,35.45055675506592
3956,20.374156951904297
3957,20.919535636901855
3958,49.52368927001953
3959,20.838078498840332
3960,35.523313999176025
3961,20.45820379257202
3962,12.736839771270752
3963,12.247255325317383
3964,11.750803709030151
3965,13.10239052772522
3966,21.387568950653076
3967,49.728294372558594
3968,12.323837518692017
3969,12.479364156723022
3970,44.093400955200195
3971,34.39515924453735
3972,11.770836114883423
3973,26.516738891601562
3974,22.103239059448242
3975,21.387027740478516
3976,21.88321018218994
3977,30.895333290100098
3978,40.21603441238403
3979,12.203658103942871
3980,34.614312171936035
3981,22.017977714538574
3982,19.764464616775513
3983,26.231783390045166
3984,37.27433490753174
3985,21.44218158721924
3986,20.979641437530518
3987,26.302961349487305
3988,26.33911657333374
3989,20.895752429962158
3990,26.429147720336914
3991,30.934565544128418
3992,13.174058675765991
3993,33.8001971244812
3994,31.757068634033203
3995,11.552223205566406
3996,31.32750940322876
3997,32.126919746398926
3998,12.486046075820923
3999,21.30397081375122
4000,20.904385566711426
4001,41.953834533691406
4002,12.201295137405396
4003,12.42018723487854
4004,35.80913686752319
4005,26.371342182159424
4006,20.054686069488525
4007,12.619184494018555
4008,21.09477710723877
4009,31.183127880096436
4010,35.708245277404785
4011,45.43703079223633
4012,35.29276418685913
4013,21.161239624023438
4014,32.36456871032715
4015,12.6166353225708
4016,18.8076114654541
4017,21.411590099334717
4018,11.456061124801636
4019,20.718350410461426
4020,47.60272407531738
4021,26.37220048904419
4022,42.66019248962402
4023,12.016236543655396
4024,51.15759086608887
4025,34.88041973114014
4026,12.293666124343872
4027,22.761435508728027
4028,24.965820789337158
4029,46.48349475860596
4030,66.70891094207764
4031,20.96290349960327
4032,21.579676151275635
4033,32.737051010131836
4034,37.205225467681885
4035,25.920058727264404
4036,20.700408458709717
4037,12.654979944229126
4038,20.793062686920166
4039,26.300798892974854
4040,50.6978759765625
4041,20.61673927307129
4042,26.101507663726807
4043,27.933951377868652
4044,40.25869178771973
4045,23.004570484161377
4046,30.087019443511963
4047,12.205896377563477
4048,20.58387303352356
4049,27.138383865356445
4050,31.462424755096436
4051,21.508206367492676
4052,45.321099281311035
4053,20.902196407318115
4054,26.129491806030273
4055,35.8286509513855
4056,13.248737812042236
4057,27.29910659790039
4058,19.499595403671265
4059,32.22268772125244
4060,32.052674770355225
4061,40.244338512420654
4062,20.454752445220947
4063,33.70965051651001
4064,31.837414264678955
4065,11.979873657226562
4066,22.001399993896484
4067,12.295219659805298
4068,26.403350353240967
4069,12.183912754058838
4070,19.247145891189575
4071,13.452636480331421
4072,12.635195970535278
4073,12.733341217041016
4074,12.218527555465698
4075,12.320348978042603
4076,26.69854736328125
4077,12.498297452926636
4078,27.014387607574463
4079,20.42220115661621
4080,36.157211780548096
4081,24.947975635528564
4082,32.74209403991699
4083,37.423802852630615
4084,12.221222639083862
4085,20.3405179977417
4086,11.544381141662598
4087,20.898098945617676
4088,20.56791591644287
4089,11.712157249450684
4090,35.865808963775635
4091,35.98512840270996
4092,35.45626878738403
4093,46.68973636627197
4094,12.500370502471924
4095,11.324887752532959
4096,11.782462120056152
4097,16.998116493225098
4098,21.30216360092163
4099,35.200843334198
4100,25.00338840484619
4101,26.779109477996826
4102,25.00446653366089
4103,20.758596897125244
4104,36.58449983596802
4105,37.1090874671936
4106,12.448167324066162
4107,20.89024782180786
4108,12.99435544013977
4109,20.462225914001465
4110,31.428935050964355
4111,31.19059991836548
4112,12.358747005462646
4113,11.880045652389526
4114,12.314946174621582
4115,12.633484125137329
4116,11.595604658126831
4117,12.629043579101562
4118,21.463747024536133
4119,26.869957447052002
4120,47.10544967651367
4121,35.899832248687744
4122,20.637999534606934
4123,35.92911243438721
4124,33.183788776397705
4125,31.461822509765625
4126,47.62240695953369
4127,26.994237899780273
4128,46.95870494842529
4129,21.336398124694824
4130,19.781821727752686
4131,26.37728452682495
4132,12.278171300888062
4133,20.74963092803955
4134,51.403493881225586
4135,41.50772762298584
4136,26.05876922607422
4137,37.01522445678711
4138,12.003433465957642
4139,35.38063192367554
4140,19.828089475631714
4141,12.89761734008789
4142,46.08518600463867
4143,31.050811767578125
4144,22.00178098678589
4145,25.79860258102417
4146,25.86005210876465
4147,28.10567569732666
4148,40.947031021118164
4149,13.42577576637268
4150,21.31841468811035
4151,20.366246223449707
4152,32.68734169006348
4153,48.63995361328125
4154,11.759577512741089
4155,12.512223958969116
4156,29.27228593826294
4157,33.567440032958984
4158,19.916908025741577
4159,11.94185495376587
4160,35.52194023132324
4161,35.352625370025635
4162,12.051136493682861
4163,20.90143871307373
4164,31.90205430984497
4165,25.647788047790527
4166,12.62096381187439
4167,11.275527000427246
4168,64.47466373443604
4169,49.20447540283203
4170,31.2397403717041
4171,48.1239013671875
4172,20.990965843200684
4173,26.016223907470703
4174,22.057220935821533
4175,25.242782592773438
4176,32.90167999267578
4177,35.81230592727661
4178,21.864748001098633
4179,12.07378339767456
4180,18.937313079833984
4181,45.24490165710449
4182,20.120482921600342
4183,20.65303373336792
4184,38.05189847946167
4185,21.30172061920166
4186,20.299147129058838
4187,25.889129161834717
4188,12.392189502716064
4189,64.14621543884277
4190,12.281516790390015
4191,11.819411039352417
4192,18.243048191070557
4193,25.278563022613525
4194,32.10222578048706
4195,26.407282829284668
4196,33.695791244506836
4197,54.27992343902588
4198,31.652430534362793
4199,11.913525104522705
4200,19.25437831878662
4201,20.511966228485107
4202,12.440382480621338
4203,11.721935987472534
4204,38.38283824920654
4205,29.850550174713135
4206,20.056966543197632
4207,13.590283870697021
4208,21.57805824279785
4209,21.85368013381958
4210,12.284022092819214
4211,11.886685848236084
4212,25.214078903198242
4213,31.901151657104492
4214,20.854366779327393
4215,41.324395179748535
4216,11.983705043792725
4217,27.00221300125122
4218,12.184759378433228
4219,44.92005443572998
4220,12.360286235809326
4221,26.613205909729004
4222,27.7312068939209
4223,26.625958919525146
4224,11.699875831604004
4225,26.780924797058105
4226,32.23011827468872
4227,34.76363468170166
4228,31.322320461273193
4229,26.192622661590576
4230,12.676234722137451
4231,12.81361985206604
4232,26.207698345184326
4233,27.39293098449707
4234,21.03531312942505
4235,20.678114414215088
4236,20.70831537246704
4237,31.8252010345459
4238,55.87957191467285
4239,11.776440620422363
4240,11.604084491729736
4241,12.7523832321167
4242,31.111836433410645
4243,32.585198402404785
4244,42.394081115722656
4245,21.117637634277344
4246,26.24966287612915
4247,19.142454385757446
4248,31.382056713104248
4249,21.315391540527344
4250,50.87480545043945
4251,26.601147174835205
4252,37.565842628479004
4253,21.026641368865967
4254,31.93616247177124
4255,11.890673875808716
4256,37.92147159576416
4257,21.540313720703125
4258,12.251360416412354
4259,47.527143478393555
4260,26.4326114654541
4261,37.59199333190918
4262,11.82537841796875
4263,12.272006750106812
4264,31.6011905670166
4265,20.73800039291382
4266,26.25034999847412
4267,25.72097110748291
4268,11.933891773223877
4269,25.417614459991455
4270,33.725377559661865
4271,21.12661075592041
4272,32.114099979400635
4273,11.790246486663818
4274,42.40421676635742
4275,21.25904893875122
4276,36.52306890487671
4277,40.35901927947998
4278,36.85905742645264
4279,30.829007625579834
4280,21.15543031692505
4281,42.01369571685791
4282,44.6370153427124
4283,32.72103309631348
4284,14.036999702453613
4285,20.52321434020996
4286,25.673365592956543
4287,30.380593299865723
4288,25.936307430267334
4289,20.263594150543213
4290,31.777873516082764
4291,11.919313192367554
4292,20.83528161048889
4293,19.67994523048401
4294,12.089773654937744
4295,30.988871097564697
4296,35.07815885543823
4297,11.77490234375
4298,11.739331722259521
4299,10.933658599853516
4300,26.54140615463257
4301,38.55263805389404
4302,20.92695188522339
4303,12.847835779190063
4304,30.57749843597412
4305,53.15567684173584
4306,31.639499187469482
4307,20.645867824554443
4308,34.43473148345947
4309,30.136722564697266
4310,11.840758323669434
4311,26.157015800476074
4312,21.13689613342285
4313,24.80831527709961
4314,12.542002439498901
4315,11.947457551956177
4316,20.407585620880127
4317,30.145296573638916
4318,73.13539981842041
4319,19.743016958236694
4320,32.30913496017456
4321,11.781080722808838
4322,20.20802617073059
4323,13.122550010681152
4324,25.838322162628174
4325,11.22479248046875
4326,11.89272141456604
4327,51.413493156433105
4328,12.307029247283936
4329,25.364306449890137
4330,26.741744995117188
4331,52.41532897949219
4332,25.994795322418213
4333,36.380709648132324
4334,26.204771995544434
4335,31.400121212005615
4336,30.358747005462646
4337,20.726661205291748
4338,12.830821752548218
4339,40.459678649902344
4340,19.867152214050293
4341,12.103416204452515
4342,20.750707149505615
4343,36.15821838378906
4344,21.41733169555664
4345,29.909076690673828
4346,11.76819634437561
4347,20.04068613052368
4348,12.663793087005615
4349,25.028945446014404
4350,25.098573684692383
4351,20.392507076263428
4352,43.2745304107666
4353,18.462069034576416
4354,46.761717796325684
4355,19.919166564941406
4356,12.352277755737305
4357,11.820383787155151
4358,11.357254266738892
4359,20.750935077667236
4360,12.447808742523193
4361,20.83875322341919
4362,11.920657634735107
4363,33.8913950920105
4364,21.64474630355835
4365,12.521079301834106
4366,25.875520706176758
4367,39.80503797531128
4368,24.9607253074646
4369,30.521644115447998
4370,25.648144721984863
4371,20.866132736206055
4372,20.478477239608765
4373,25.759104251861572
4374,12.670840978622437
4375,36.34427785873413
4376,11.721687316894531
4377,26.35372829437256
4378,11.866324424743652
4379,31.227806568145752
4380,20.771705150604248
4381,12.326569557189941
4382,12.29499864578247
4383,25.90563440322876
4384,55.784799575805664
4385,32.14692449569702
4386,11.077782154083252
4387,36.0776047706604
4388,25.746574878692627
4389,20.02907919883728
4390,12.485275745391846
4391,21.29056739807129
4392,12.394467115402222
4393,20.854679107666016
4394,26.78348731994629
4395,12.401394367218018
4396,20.98708438873291
4397,34.17892265319824
4398,20.70414447784424
4399,32.8921012878418
4400,35.32184028625488
4401,20.613173007965088
4402,11.800307750701904
4403,39.36568069458008
4404,35.17202091217041
4405,20.744315147399902
4406,25.664382457733154
4407,26.66888189315796
4408,20.175589561462402
4409,12.398848533630371
4410,11.997037172317505
4411,20.6294846534729
4412,12.531928777694702
4413,32.14570617675781
4414,12.244841575622559
4415,12.698932409286499
4416,12.524787187576294
4417,38.387826919555664
4418,31.134546279907227
4419,20.488905906677246
4420,22.29802894592285
4421,32.38268995285034
4422,19.89944624900818
4423,12.625181674957275
4424,25.81020975112915
4425,30.403765201568604
4426,20.951473236083984
4427,20.375741004943848
4428,31.924551963806152
4429,13.299304485321045
4430,37.273597717285156
4431,17.945263385772705
4432,27.3335919380188
4433,12.479182720184326
4434,21.248823165893555
4435,49.71559810638428
4436,21.818697452545166
4437,35.10374927520752
4438,19.505709648132324
4439,48.544677734375
4440,21.318559169769287
4441,25.051434993743896
4442,26.223167896270752
4443,12.73199725151062
4444,12.038774251937866
4445,12.037418365478516
4446,31.777008056640625
4447,21.999454498291016
4448,21.465832710266113
4449,20.52206039428711
4450,19.941827297210693
4451,12.211471557617188
4452,27.667607307434082
4453,11.901669263839722
4454,21.29609441757202
4455,11.754014015197754
4456,11.813123941421509
4457,12.621249914169312
4458,21.012488842010498
4459,34.05103302001953
4460,12.510672569274902
4461,21.054715633392334
4462,20.349089860916138
4463,30.844541549682617
4464,25.74209499359131
4465,32.63206100463867
4466,49.01949882507324
4467,11.70360016822815
4468,31.050605297088623
4469,18.72167444229126
4470,27.8375301361084
4471,31.957175254821777
4472,50.47037124633789
4473,11.285506010055542
4474,12.23673963546753
4475,40.84335231781006
4476,45.04253578186035
4477,11.689796209335327
4478,13.526805639266968
4479,12.494593620300293
4480,20.70640468597412
4481,46.27860069274902
4482,11.20385193824768
4483,35.03184938430786
4484,34.54959201812744
4485,43.442922592163086
4486,12.487704515457153
4487,25.900880336761475
4488,43.50340461730957
4489,25.6758074760437
4490,25.985358715057373
4491,21.097934246063232
4492,34.54090642929077
4493,20.831729888916016
4494,25.85273027420044
4495,48.236289978027344
4496,26.323657035827637
4497,20.883483409881592
4498,32.93838453292847
4499,11.825006008148193
4500,30.09958553314209
4501,21.515361785888672
4502,39.72801351547241
4503,12.398430824279785
4504,45.17272472381592
4505,13.146497249603271
4506,21.50694990158081
4507,24.938210010528564
4508,35.28058433532715
4509,11.918227910995483
4510,26.394141674041748
4511,33.449721813201904
4512,11.81974983215332
4513,20.390863180160522
4514,25.09131097793579
4515,42.666428565979004
4516,11.685289859771729
4517,12.547765731811523
4518,26.209961414337158
4519,69.7446460723877
4520,11.836235046386719
4521,50.03518199920654
4522,34.198030948638916
4523,20.297183513641357
4524,34.277360916137695
4525,23.8738956451416
4526,11.310057163238525
4527,25.86549949645996
4528,21.656798362731934
4529,21.180442333221436
4530,12.959060668945312
4531,42.60477924346924
4532,22.886768341064453
4533,31.174878120422363
4534,12.170962810516357
4535,68.61636638641357
4536,20.175177574157715
4537,28.829535961151123
4538,11.823798894882202
4539,20.979740858078003
4540,13.411815643310547
4541,31.943408489227295
4542,12.530626773834229
4543,20.838976860046387
4544,12.691549301147461
4545,46.03637886047363
4546,26.614541053771973
4547,12.346293926239014
4548,41.587188720703125
4549,31.90851593017578
4550,11.677573442459106
4551,11.946417808532715
4552,50.08241558074951
4553,27.46113681793213
4554,32.868072509765625
4555,20.56678342819214
4556,21.11982011795044
4557,21.5385160446167
4558,40.39600229263306
4559,25.622025966644287
4560,21.587332725524902
4561,11.954041957855225
4562,21.75901985168457
4563,12.351321458816528
4564,18.24496555328369
4565,19.649800539016724
4566,20.51724624633789
4567,26.13230276107788
4568,34.5974555015564
4569,20.46551203727722
4570,11.906144857406616
4571,12.110286474227905
4572,11.560768842697144
4573,48.13993167877197
4574,36.54032850265503
4575,12.310349464416504
4576,12.219493627548218
4577,25.318746089935303
4578,12.53076696395874
4579,21.254711151123047
4580,32.274014949798584
4581,20.23149847984314
4582,11.45288872718811
4583,20.731318473815918
4584,34.76987028121948
4585,27.280592441558838
4586,45.40207767486572
4587,12.21030879020691
4588,26.138471603393555
4589,11.868565082550049
4590,20.057697534561157
4591,31.813836097717285
4592,37.28218746185303
4593,21.200976371765137
4594,12.736642122268677
4595,27.265199184417725
4596,13.236328840255737
4597,12.042601346969604
4598,19.78046703338623
4599,39.49147415161133
4600,38.091586112976074
4601,30.991535663604736
4602,42.08111572265625
4603,12.721848249435425
4604,26.951841831207275
4605,21.85289239883423
4606,11.972070217132568
4607,33.20122146606445
4608,37.53095293045044
4609,11.160644054412842
4610,37.536630630493164
4611,27.361728191375732
4612,47.494887351989746
4613,39.59002113342285
4614,12.446516275405884
4615,11.849151134490967
4616,25.59247398376465
4617,55.20565700531006
4618,31.52935552597046
4619,35.4943470954895
4620,42.48153209686279
4621,25.579363346099854
4622,31.07411766052246
4623,31.747706413269043
4624,33.94257926940918
4625,32.87319803237915
4626,13.162066221237183
4627,49.67872714996338
4628,22.209077835083008
4629,20.87045669555664
4630,20.14515709877014
4631,42.40609359741211
4632,12.27072811126709
4633,21.725358486175537
4634,50.852399826049805
4635,34.985642433166504
4636,11.162193059921265
4637,20.618749618530273
4638,20.099899768829346
4639,36.77048444747925
4640,20.61607789993286
4641,21.77424192428589
4642,52.563228607177734
4643,35.29415321350098
4644,36.035749435424805
4645,12.53077483177185
4646,21.259387016296387
4647,19.340065240859985
4648,12.670403242111206
4649,11.916266918182373
4650,25.519561767578125
4651,18.885528802871704
4652,20.86944580078125
4653,42.77443218231201
4654,12.229803323745728
4655,11.449865818023682
4656,12.767219066619873
4657,26.33799982070923
4658,35.19595813751221
4659,13.979565858840942
4660,26.37632131576538
4661,26.772193431854248
4662,43.526336669921875
4663,30.546712398529053
4664,19.959675788879395
4665,21.234610080718994
4666,20.817237854003906
4667,21.89674472808838
4668,26.048831939697266
4669,26.912410736083984
4670,12.051576137542725
4671,11.266769409179688
4672,12.311204671859741
4673,22.097359657287598
4674,12.373643398284912
4675,27.7455735206604
4676,26.049373149871826
4677,34.955904960632324
4678,21.4276065826416
4679,19.93561363220215
4680,26.29929828643799
4681,11.545527219772339
4682,67.43993091583252
4683,10.935964107513428
4684,20.74043893814087
4685,20.698546886444092
4686,37.33692693710327
4687,12.318299293518066
4688,35.62282609939575
4689,20.5844783782959
4690,46.224467277526855
4691,21.1145920753479
4692,25.73531484603882
4693,12.248667240142822
4694,30.853715896606445
4695,20.30446434020996
4696,19.12080192565918
4697,20.76987361907959
4698,12.446406364440918
4699,33.11158895492554
4700,11.902508735656738
4701,20.13330340385437
4702,12.62847352027893
4703,21.421372413635254
4704,26.698912143707275
4705,21.014241218566895
4706,11.91834044456482
4707,37.075278759002686
4708,12.760541200637817
4709,26.116297245025635
4710,31.103304862976074
4711,12.500914573669434
4712,26.2099609375
4713,11.925500392913818
4714,20.827481746673584
4715,11.726757287979126
4716,26.288124561309814
4717,41.3379545211792
4718,26.572813510894775
4719,12.34567403793335
4720,21.945425510406494
4721,27.026137828826904
4722,21.665778160095215
4723,25.66048765182495
4724,46.69677543640137
4725,41.23686122894287
4726,11.553059816360474
4727,12.245273351669312
4728,11.090471506118774
4729,44.62561225891113
4730,26.518813133239746
4731,20.678758144378662
4732,12.285318613052368
4733,20.93851900100708
4734,25.28568124771118
4735,37.087317943573
4736,32.51982355117798
4737,20.980090141296387
4738,25.820342540740967
4739,11.645322799682617
4740,36.81011199951172
4741,19.902188301086426
4742,24.935085773468018
4743,52.5173225402832
4744,14.33487319946289
4745,65.38639545440674
4746,12.379695653915405
4747,27.655892848968506
4748,20.330188989639282
4749,11.727699041366577
4750,19.807193756103516
4751,11.876888990402222
4752,49.718220710754395
4753,11.21065640449524
4754,41.09656572341919
4755,31.62300729751587
4756,20.84481716156006
4757,12.058045864105225
4758,26.350385665893555
4759,30.58080530166626
4760,26.772972583770752
4761,12.544877767562866
4762,24.861618041992188
4763,43.64748287200928
4764,40.6116738319397
4765,12.222069025039673
4766,16.095166444778442
4767,13.089747905731201
4768,12.301547288894653
4769,12.297934293746948
4770,37.888092041015625
4771,26.784896850585938
4772,47.515541076660156
4773,43.32217788696289
4774,35.51527214050293
4775,20.821077823638916
4776,35.06591558456421
4777,20.962273597717285
4778,12.353759050369263
4779,26.721698760986328
4780,21.107383251190186
4781,26.8854718208313
4782,25.50154685974121
4783,20.742398262023926
4784,27.780067920684814
4785,12.800977230072021
4786,26.098701000213623
4787,12.703969478607178
4788,12.64097809791565
4789,12.900139331817627
4790,38.71654987335205
4791,24.88119602203369
4792,58.09468746185303
4793,12.086122989654541
4794,21.124832153320312
4795,12.477879524230957
4796,51.7961311340332
4797,20.871327877044678
4798,12.626930952072144
4799,20.944804191589355
4800,12.267891883850098
4801,11.857569932937622
4802,12.412208318710327
4803,46.86080074310303
4804,42.96756649017334
4805,12.027464866638184
4806,35.50443172454834
4807,13.119373321533203
4808,26.394497871398926
4809,25.63368511199951
4810,11.856588125228882
4811,41.25945854187012
4812,11.50721788406372
4813,20.89746379852295
4814,20.712823390960693
4815,11.653736352920532
4816,11.583233118057251
4817,20.475104808807373
4818,48.313294410705566
4819,20.803738594055176
4820,20.44527554512024
4821,11.846649885177612
4822,12.030945539474487
4823,37.74839973449707
4824,24.77967882156372
4825,20.842917442321777
4826,11.758352518081665
4827,49.3284969329834
4828,24.446505546569824
4829,11.639094591140747
4830,31.725332260131836
4831,25.252451419830322
4832,19.02003240585327
4833,36.858394145965576
4834,20.070637464523315
4835,26.557669162750244
4836,25.8482666015625
4837,36.64521408081055
4838,43.14491844177246
4839,20.423923015594482
4840,11.937448501586914
4841,26.26463508605957
4842,20.314021825790405
4843,12.470761060714722
4844,21.23161268234253
4845,25.989158153533936
4846,12.67376446723938
4847,20.892119884490967
4848,20.793789863586426
4849,43.646254539489746
4850,31.13617706298828
4851,20.606399536132812
4852,20.908386707305908
4853,26.53672981262207
4854,20.488909006118774
4855,37.29560708999634
4856,57.988776206970215
4857,20.250776529312134
4858,12.86414384841919
4859,31.166965007781982
4860,12.578269720077515
4861,12.077131509780884
4862,26.992846965789795
4863,12.419373273849487
4864,12.89211106300354
4865,39.22207975387573
4866,11.799164533615112
4867,15.036895513534546
4868,12.26941204071045
4869,12.107396364212036
4870,12.55482792854309
4871,11.29294490814209
4872,11.7207612991333
4873,50.5172233581543
4874,37.46788740158081
4875,22.036425590515137
4876,12.101523876190186
4877,25.36555242538452
4878,34.747862815856934
4879,21.265860080718994
4880,20.428727626800537
4881,18.316102981567383
4882,41.782437324523926
4883,45.007710456848145
4884,36.16456317901611
4885,44.47933769226074
4886,32.99103546142578
4887,20.107303619384766
4888,35.037497997283936
4889,12.038469314575195
4890,20.477900505065918
4891,21.20279836654663
4892,20.459338188171387
4893,20.923130989074707
4894,21.806393146514893
4895,20.820441246032715
4896,12.392082214355469
4897,26.816569328308105
4898,57.09973621368408
4899,20.417266368865967
4900,12.05038833618164
4901,20.141871452331543
4902,21.532925128936768
4903,32.17059373855591
4904,34.442402362823486
4905,45.60900115966797
4906,25.24167013168335
4907,12.555304050445557
4908,51.77238082885742
4909,45.78731346130371
4910,12.025118112564087
4911,35.28709411621094
4912,21.677382946014404
4913,12.519461631774902
4914,20.979758739471436
4915,20.880131483078003
4916,25.80017900466919
4917,12.196136236190796
4918,20.223727703094482
4919,21.283723831176758
4920,49.73099327087402
4921,49.15078258514404
4922,74.3269567489624
4923,39.949177265167236
4924,36.71841335296631
4925,11.864750146865845
4926,12.318340301513672
4927,52.60372447967529
4928,21.167927742004395
4929,11.943482637405396
4930,20.29858636856079
4931,20.927359104156494
4932,18.412616968154907
4933,31.706149101257324
4934,45.78451728820801
4935,20.33708906173706
4936,20.768646717071533
4937,20.65154242515564
4938,21.32707929611206
4939,12.1787691116333
4940,12.566488265991211
4941,20.28704333305359
4942,40.20402145385742
4943,50.69993495941162
4944,12.136871576309204
4945,12.16953444480896
4946,40.96646595001221
4947,11.803134441375732
4948,21.96985149383545
4949,20.591814517974854
4950,13.632440567016602
4951,12.265220165252686
4952,31.508262157440186
4953,20.75565195083618
4954,25.026129722595215
4955,41.358991622924805
4956,12.373194217681885
4957,25.766971111297607
4958,21.3513503074646
4959,24.86929750442505
4960,40.23050117492676
4961,35.99081897735596
4962,31.73808765411377
4963,11.838945627212524
4964,21.22385835647583
4965,20.998875617980957
4966,41.48743724822998
4967,35.54572153091431
4968,12.2628173828125
4969,21.647255897521973
4970,43.5978479385376
4971,21.521917819976807
4972,26.771638870239258
4973,34.36418533325195
4974,24.696364402770996
4975,26.207152366638184
4976,20.118595600128174
4977,11.725023746490479
4978,21.118898391723633
4979,11.90839147567749
4980,26.28136682510376
4981,31.297062397003174
4982,21.28597593307495
4983,77.22201251983643
4984,11.998148918151855
4985,26.543221950531006
4986,31.218560695648193
4987,34.775803089141846
4988,20.69218349456787
4989,25.60390567779541
4990,20.618725776672363
4991,21.037211418151855
4992,35.60278940200806
4993,30.541447639465332
4994,65.76660537719727
4995,20.90783929824829
4996,21.062900066375732
4997,31.922276496887207
4998,26.075486660003662
4999,50.98042964935303
5000,36.24190378189087
5001,20.895966053009033
5002,71.66793060302734
5003,11.925264835357666
5004,20.191402673721313
5005,35.91883563995361
5006,26.930131912231445
5007,12.499252080917358
5008,30.468708992004395
5009,12.620658874511719
5010,26.604552268981934
5011,26.07880973815918
5012,21.62910747528076
5013,42.992496490478516
5014,12.542127132415771
5015,26.52911949157715
5016,25.392951488494873
5017,26.858786582946777
5018,74.06259632110596
5019,21.272526741027832
5020,23.014304637908936
5021,31.3197979927063
5022,11.908928394317627
5023,12.30628490447998
5024,20.851367473602295
5025,21.539660930633545
5026,20.892075061798096
5027,22.286276817321777
5028,26.75830364227295
5029,11.645889282226562
5030,66.98857021331787
5031,34.857383728027344
5032,12.318177938461304
5033,20.34205412864685
5034,21.611616134643555
5035,46.26413154602051
5036,11.730479717254639
5037,27.413190364837646
5038,29.770264148712158
5039,31.60569715499878
5040,19.67105984687805
5041,35.816925048828125
5042,19.55460262298584
5043,12.090533018112183
5044,12.625611543655396
5045,11.785628318786621
5046,20.196279287338257
5047,18.670851230621338
5048,20.8574857711792
5049,35.427387714385986
5050,25.99817132949829
5051,37.42805194854736
5052,25.75411033630371
5053,31.288564682006836
5054,45.97800827026367
5055,20.703537940979004
5056,21.229021549224854
5057,21.112525939941406
5058,26.37051486968994
5059,32.71618366241455
5060,50.46563720703125
5061,31.021027088165283
5062,35.96663427352905
5063,37.522576332092285
5064,25.790621280670166
5065,12.554874420166016
5066,12.39791464805603
5067,51.38851261138916
5068,13.224064588546753
5069,12.639980792999268
5070,32.12601089477539
5071,11.93075442314148
5072,37.978702545166016
5073,35.37235641479492
5074,11.841488361358643
5075,31.23983144760132
5076,36.48860549926758
5077,20.599327564239502
5078,31.14972972869873
5079,20.46045684814453
5080,37.52644920349121
5081,12.506779193878174
5082,24.73876667022705
5083,37.768784046173096
5084,19.30583620071411
5085,21.517464637756348
5086,41.90472984313965
5087,36.60281562805176
5088,32.227041721343994
5089,39.790424823760986
5090,20.974795818328857
5091,12.138752698898315
5092,49.81993865966797
5093,34.10132074356079
5094,41.12515735626221
5095,19.640739917755127
5096,11.852341175079346
5097,25.382511138916016
5098,11.982049703598022
5099,25.934566020965576
5100,26.564632415771484
5101,25.56745958328247
5102,43.83166790008545
5103,12.278548002243042
5104,25.322906494140625
5105,21.175063133239746
5106,35.40981674194336
5107,20.832391262054443
5108,11.789351224899292
5109,26.281658172607422
5110,37.108795166015625
5111,26.42229700088501
5112,42.45393180847168
5113,36.86295986175537
5114,25.781407356262207
5115,38.608274936676025
5116,26.3749418258667
5117,13.2097327709198
5118,20.011932373046875
5119,27.8016996383667
5120,20.14367437362671
5121,12.67130160331726
5122,26.081617832183838
5123,26.7459135055542
5124,21.586296558380127
5125,30.88687753677368
5126,31.85767126083374
5127,12.610451698303223
5128,11.86273980140686
5129,34.30439519882202
5130,64.98551559448242
5131,12.202357053756714
5132,11.41575813293457
5133,32.35718393325806
5134,12.037363767623901
5135,19.611395120620728
5136,32.46097469329834
5137,12.603647947311401
5138,11.748487710952759
5139,21.244043350219727
5140,12.565950155258179
5141,12.254851341247559
5142,31.873809337615967
5143,32.21946430206299
5144,11.94836711883545
5145,12.54145359992981
5146,20.818074226379395
5147,20.395294904708862
5148,50.212453842163086
5149,43.23466491699219
5150,21.43232011795044
5151,12.9931001663208
5152,20.18816900253296
5153,25.739192962646484
5154,21.30315589904785
5155,21.135273933410645
5156,25.912250995635986
5157,35.6399564743042
5158,25.65306043624878
5159,12.192601680755615
5160,45.56109046936035
5161,22.445013523101807
5162,19.62050700187683
5163,21.20150089263916
5164,11.90857458114624
5165,25.617615699768066
5166,33.994154930114746
5167,11.779123544692993
5168,11.798158884048462
5169,21.25628137588501
5170,26.125518798828125
5171,11.937349796295166
5172,37.39007568359375
5173,11.587669134140015
5174,11.818573236465454
5175,25.877707958221436
5176,20.61725664138794
5177,32.245229721069336
5178,19.127565622329712
5179,44.48789882659912
5180,11.874982118606567
5181,21.129841804504395
5182,26.23369026184082
5183,12.577308893203735
5184,26.910730838775635
5185,22.000060558319092
5186,21.098440170288086
5187,11.659041404724121
5188,20.219401836395264
5189,12.446244239807129
5190,11.642569541931152
5191,26.727047443389893
5192,11.512851238250732
5193,26.99738645553589
5194,20.59639024734497
5195,13.540961503982544
5196,17.73763656616211
5197,44.0324068069458
5198,11.216331243515015
5199,12.033243894577026
5200,21.29754066467285
5201,25.970214366912842
5202,50.69036865234375
5203,19.924461603164673
5204,12.42505955696106
5205,19.662214756011963
5206,26.92712688446045
5207,36.56491994857788
5208,25.87877893447876
5209,13.199795246124268
5210,34.85663175582886
5211,20.54918909072876
5212,13.372472524642944
5213,20.72078561782837
5214,11.410391330718994
5215,36.1926646232605
5216,20.559537649154663
5217,18.916149616241455
5218,12.2752366065979
5219,12.358213901519775
5220,12.610666990280151
5221,21.184718132019043
5222,11.856126070022583
5223,11.588659048080444
5224,31.499276161193848
5225,11.690389394760132
5226,24.962348461151123
5227,11.62862515449524
5228,20.859309196472168
5229,13.699332475662231
5230,25.460941791534424
5231,26.81287956237793
5232,36.624393463134766
5233,12.065814733505249
5234,11.264149188995361
5235,25.920488357543945
5236,41.064327239990234
5237,12.115637063980103
5238,25.835683822631836
5239,11.671250343322754
5240,26.990736484527588
5241,32.77898645401001
5242,11.848928928375244
5243,37.09969711303711
5244,21.108134269714355
5245,52.36957263946533
5246,31.03928565979004
5247,37.667770862579346
5248,33.81089496612549
5249,25.91222047805786
5250,19.564415454864502
5251,12.363388538360596
5252,26.621649265289307
5253,40.3089337348938
5254,56.657673835754395
5255,11.747433423995972
5256,20.719207763671875
5257,20.86093235015869
5258,25.915305614471436
5259,69.94898509979248
5260,19.73786425590515
5261,21.445563316345215
5262,26.110179901123047
5263,11.721900463104248
5264,20.303219318389893
5265,21.30150556564331
5266,20.46147322654724
5267,45.513038635253906
5268,38.88153696060181
5269,11.586312532424927
5270,25.787476062774658
5271,41.1545295715332
5272,20.21907377243042
5273,12.152914047241211
5274,19.742669105529785
5275,20.309661388397217
5276,36.14797496795654
5277,39.61377239227295
5278,12.087671041488647
5279,48.87561893463135
5280,20.780729293823242
5281,30.406816482543945
5282,20.959373474121094
5283,36.88471221923828
5284,12.48892068862915
5285,12.137190341949463
5286,25.374337673187256
5287,19.67474937438965
5288,11.826898336410522
5289,12.414661884307861
5290,21.12714719772339
5291,20.694984436035156
5292,20.902188301086426
5293,20.70772695541382
5294,11.682166576385498
5295,20.838308334350586
5296,11.955752611160278
5297,37.50723314285278
5298,43.4817590713501
5299,45.00215530395508
5300,13.26093077659607
5301,12.026918172836304
5302,13.05208706855774
5303,21.065807342529297
5304,68.93088054656982
5305,21.438100337982178
5306,39.07549715042114
5307,11.826164484024048
5308,31.916802883148193
5309,11.35013198852539
5310,12.423686742782593
5311,49.9004487991333
5312,12.788998365402222
5313,11.98499083518982
5314,46.25193214416504
5315,12.604933738708496
5316,21.741820335388184
5317,32.45327663421631
5318,18.75061058998108
5319,36.00622224807739
5320,42.19712829589844
5321,37.49274826049805
5322,20.93141508102417
5323,34.49467992782593
5324,21.172601222991943
5325,11.281290054321289
5326,12.067678213119507
5327,12.306634664535522
5328,13.377953052520752
5329,30.78389835357666
5330,11.75330924987793
5331,30.486767768859863
5332,11.899658679962158
5333,26.8461971282959
5334,25.796448707580566
5335,20.38116478919983
5336,21.190389156341553
5337,21.097105979919434
5338,13.012229442596436
5339,26.635108947753906
5340,21.41848373413086
5341,74.52293395996094
5342,25.269484519958496
5343,51.1148099899292
5344,49.22341060638428
5345,30.97013568878174
5346,12.56238865852356
5347,20.90887451171875
5348,12.653926372528076
5349,20.471195220947266
5350,37.507526874542236
5351,36.46256637573242
5352,20.91173791885376
5353,30.963569164276123
5354,12.331261157989502
5355,51.75804042816162
5356,20.124316692352295
5357,32.493860721588135
5358,33.8163743019104
5359,43.24388122558594
5360,39.91291666030884
5361,31.599670886993408
5362,20.722214698791504
5363,32.27362108230591
5364,19.303591012954712
5365,13.167300462722778
5366,35.57358169555664
5367,30.95503044128418
5368,12.442191123962402
5369,35.99571371078491
5370,25.62159538269043
5371,21.041691780090332
5372,11.873191833496094
5373,48.45641899108887
5374,21.849681854248047
5375,35.02750778198242
5376,35.55557107925415
5377,26.063661098480225
5378,41.03658628463745
5379,35.33616590499878
5380,48.66539478302002
5381,12.017903566360474
5382,22.282522201538086
5383,34.5189847946167
5384,12.7285737991333
5385,49.95524597167969
5386,24.725922107696533
5387,30.02443790435791
5388,32.41844129562378
5389,45.368906021118164
5390,41.67299270629883
5391,37.21923828125
5392,31.95493984222412
5393,25.603087425231934
5394,31.969011306762695
5395,26.1917142868042
5396,12.371213912963867
5397,11.886666774749756
5398,21.167562007904053
5399,33.91971206665039
5400,11.883041620254517
5401,31.539540767669678
5402,26.33550214767456
5403,46.129302978515625
5404,26.501137733459473
5405,18.88345503807068
5406,11.519253969192505
5407,12.321934461593628
5408,21.062686920166016
5409,26.19440507888794
5410,20.575189113616943
5411,26.635108947753906
5412,25.88810634613037
5413,11.84338927268982
5414,10.649052739143372
5415,12.635464668273926
5416,20.93718671798706
5417,31.69096612930298
5418,25.722228050231934
5419,48.151451110839844
5420,21.062694549560547
5421,34.78375959396362
5422,11.981154203414917
5423,30.377200603485107
5424,31.96900749206543
5425,32.12389278411865
5426,21.889758586883545
5427,19.886747360229492
5428,22.108448028564453
5429,24.921833515167236
5430,12.83301329612732
5431,35.96673822402954
5432,12.845428228378296
5433,32.74995470046997
5434,12.452564477920532
5435,35.061530113220215
5436,12.636627674102783
5437,20.943768978118896
5438,26.22360849380493
5439,27.206270694732666
5440,19.81037998199463
5441,13.002707242965698
5442,12.297575950622559
5443,20.557507514953613
5444,19.584890842437744
5445,12.48103642463684
5446,20.382479190826416
5447,30.98993158340454
5448,19.88765835762024
5449,32.282641887664795
5450,24.5914249420166
5451,11.7027268409729
5452,42.85535907745361
5453,39.48613119125366
5454,20.660642623901367
5455,21.848246097564697
5456,21.21103811264038
5457,44.20801258087158
5458,25.243406295776367
5459,11.92197036743164
5460,11.658651351928711
5461,11.929816961288452
5462,12.611841678619385
5463,67.69759464263916
5464,32.24462938308716
5465,31.76663064956665
5466,35.834238052368164
5467,26.830410480499268
5468,35.29407739639282
5469,11.61256217956543
5470,12.455122947692871
5471,35.19097661972046
5472,33.79846382141113
5473,20.696542263031006
5474,30.4929461479187
5475,20.135807991027832
5476,31.749712467193604
5477,11.149852991104126
5478,40.78559970855713
5479,11.994186401367188
5480,25.581270694732666
5481,41.230652809143066
5482,11.786544799804688
5483,11.781760454177856
5484,31.542156219482422
5485,20.7865948677063
5486,32.46965932846069
5487,12.155657052993774
5488,20.093544006347656
5489,20.249001264572144
5490,12.109422206878662
5491,12.981518030166626
5492,11.76565146446228
5493,47.59860801696777
5494,12.407581329345703
5495,36.91536283493042
5496,43.704681396484375
5497,12.450049877166748
5498,36.62089443206787
5499,31.977641582489014
5500,26.7314133644104
5501,12.538593292236328
5502,31.155685424804688
5503,25.61452579498291
5504,26.550028324127197
5505,34.77326440811157
5506,25.452614784240723
5507,35.83073139190674
5508,31.804970264434814
5509,20.13853693008423
5510,20.177260398864746
5511,11.833239555358887
5512,26.346943855285645
5513,20.64863109588623
5514,11.825112104415894
5515,18.788117170333862
5516,20.641260623931885
5517,26.89745807647705
5518,13.800877571105957
5519,35.247941970825195
5520,20.45539093017578
5521,20.794599533081055
5522,26.71027660369873
5523,20.225317239761353
5524,20.492194652557373
5525,26.1633620262146
5526,27.21286392211914
5527,42.67772674560547
5528,12.349285364151001
5529,20.56793975830078
5530,27.03981304168701
5531,24.972934246063232
5532,26.844562530517578
5533,27.510611057281494
5534,20.613798141479492
5535,30.27932596206665
5536,21.09625816345215
5537,32.594128131866455
5538,25.61777353286743
5539,21.081005573272705
5540,26.926831245422363
5541,20.76538610458374
5542,12.234864711761475
5543,20.74257516860962
5544,12.173805952072144
5545,26.715591430664062
5546,12.535078048706055
5547,50.418861389160156
5548,53.30860710144043
5549,25.89130735397339
5550,32.8393030166626
5551,11.941017389297485
5552,42.5684700012207
5553,25.530141830444336
5554,34.74045753479004
5555,11.545552968978882
5556,26.896373748779297
5557,20.74650001525879
5558,21.401962280273438
5559,35.064066886901855
5560,41.18026828765869
5561,26.3889217376709
5562,12.616372108459473
5563,21.674816608428955
5564,38.02000951766968
5565,12.161239862442017
5566,20.72799015045166
5567,21.07962942123413
5568,25.58457899093628
5569,20.907349586486816
5570,31.96714496612549
5571,40.54192495346069
5572,21.29443883895874
5573,12.038822889328003
5574,41.88139820098877
5575,20.615816593170166
5576,11.7207612991333
5577,12.001174449920654
5578,12.13667345046997
5579,20.081534385681152
5580,20.857227325439453
5581,24.355591773986816
5582,21.25777816772461
5583,12.39963698387146
5584,24.797518253326416
5585,31.686005115509033
5586,57.442636489868164
5587,35.097108364105225
5588,40.0821270942688
5589,12.015011310577393
5590,40.33213710784912
5591,32.1453742980957
5592,19.32143759727478
5593,26.029127597808838
5594,36.033080101013184
5595,25.662805557250977
5596,36.933053493499756
5597,20.65519618988037
5598,45.42037391662598
5599,26.159780502319336
5600,30.424522399902344
5601,24.691851139068604
5602,36.47644662857056
5603,20.52864122390747
5604,21.340057373046875
5605,11.919635534286499
5606,11.9178466796875
5607,47.501681327819824
5608,25.586734294891357
5609,30.643922805786133
5610,20.737103939056396
5611,31.583699226379395
5612,26.330503940582275
5613,66.2515754699707
5614,37.93557786941528
5615,20.26107621192932
5616,20.295677185058594
5617,53.211594581604004
5618,33.41186714172363
5619,13.116039514541626
5620,26.284000873565674
5621,12.301227569580078
5622,19.74927830696106
5623,25.06330442428589
5624,46.8115234375
5625,26.390502452850342
5626,37.97062540054321
5627,26.66936159133911
5628,31.72539758682251
5629,35.64665412902832
5630,31.00007390975952
5631,39.48883533477783
5632,30.682508945465088
5633,35.68655872344971
5634,43.35983180999756
5635,11.856126070022583
5636,13.042277574539185
5637,36.87194538116455
5638,27.158082008361816
5639,12.635121583938599
5640,27.02294921875
5641,39.45538520812988
5642,25.61722183227539
5643,11.68987512588501
5644,26.995080947875977
5645,20.990122318267822
5646,31.967381477355957
5647,22.095389366149902
5648,32.12709951400757
5649,50.306928634643555
5650,36.37706756591797
5651,12.319764375686646
5652,21.054818630218506
5653,25.892603397369385
5654,35.46723556518555
5655,25.718957901000977
5656,12.065924406051636
5657,41.208617210388184
5658,25.571722984313965
5659,12.4441499710083
5660,38.238388538360596
5661,21.06968879699707
5662,71.41540241241455
5663,26.744251251220703
5664,32.42375421524048
5665,12.195897579193115
5666,20.65881037712097
5667,20.98700475692749
5668,13.067841053009033
5669,13.745042324066162
5670,21.18709945678711
5671,32.1758074760437
5672,64.67414951324463
5673,11.289977073669434
5674,21.66499376296997
5675,24.89001750946045
5676,12.205302238464355
5677,20.558053016662598
5678,19.98881220817566
5679,26.053282737731934
5680,20.83123540878296
5681,31.08368158340454
5682,11.704233646392822
5683,12.505384922027588
5684,30.847588062286377
5685,36.039368629455566
5686,26.257748126983643
5687,31.245549201965332
5688,11.995055198669434
5689,48.235989570617676
5690,12.566273927688599
5691,49.6888952255249
5692,11.850757122039795
5693,31.96411371231079
5694,22.163604259490967
5695,12.314028978347778
5696,28.81683349609375
5697,21.112176418304443
5698,50.73297309875488
5699,13.31289005279541
5700,11.987359046936035
5701,39.52061223983765
5702,32.12758779525757
5703,11.671241760253906
5704,37.11944532394409
5705,28.138627529144287
5706,11.848126649856567
5707,12.342989206314087
5708,12.966121196746826
5709,26.29809856414795
5710,26.07435894012451
5711,21.921075344085693
5712,30.650318145751953
5713,47.6125373840332
5714,12.235977172851562
5715,11.906139373779297
5716,34.95369100570679
5717,20.894043445587158
5718,25.787556171417236
5719,26.277209281921387
5720,47.869690895080566
5721,20.840569019317627
5722,25.943734645843506
5723,11.774129390716553
5724,12.293108940124512
5725,32.788156032562256
5726,12.002872467041016
5727,12.504522562026978
5728,19.573583841323853
5729,20.429168224334717
5730,11.597586870193481
5731,12.002371311187744
5732,22.961167812347412
5733,25.82177972793579
5734,11.793712139129639
5735,20.938081741333008
5736,20.307389736175537
5737,11.699566841125488
5738,20.27527666091919
5739,32.65735960006714
5740,53.18998432159424
5741,16.70712423324585
5742,42.326205253601074
5743,19.23688316345215
5744,38.09641408920288
5745,12.750736236572266
5746,25.592040061950684
5747,34.61970901489258
5748,37.50246286392212
5749,26.740310192108154
5750,22.004494667053223
5751,12.084536075592041
5752,19.83266305923462
5753,21.07367992401123
5754,12.518320083618164
5755,20.66010618209839
5756,11.88672947883606
5757,20.67066478729248
5758,21.570165634155273
5759,25.0593318939209
5760,46.95151424407959
5761,12.081997394561768
5762,11.814486265182495
5763,34.9186372756958
5764,12.928605079650879
5765,31.08099126815796
5766,21.85720729827881
5767,53.983863830566406
5768,11.712157249450684
5769,31.22617197036743
5770,37.202646255493164
5771,53.19756507873535
5772,51.933698654174805
5773,11.522523403167725
5774,13.237596273422241
5775,11.677636623382568
5776,26.197534561157227
5777,20.475614547729492
5778,26.49411916732788
5779,26.668253421783447
5780,12.721306800842285
5781,26.86345338821411
5782,11.93416690826416
5783,19.94702434539795
5784,20.35217785835266
5785,12.385849475860596
5786,35.918224811553955
5787,26.338094234466553
5788,21.48064374923706
5789,45.839698791503906
5790,21.36481285095215
5791,12.209309577941895
5792,26.729588985443115
5793,40.40398979187012
5794,26.761627674102783
5795,19.564005851745605
5796,53.04044532775879
5797,12.622550010681152
5798,12.561777114868164
5799,31.331247806549072
5800,12.551403999328613
5801,30.929140090942383
5802,18.559364080429077
5803,41.85925006866455
5804,30.63965940475464
5805,12.239058494567871
5806,31.305156230926514
5807,12.388201475143433
5808,12.173872947692871
5809,11.674932956695557
5810,19.363171577453613
5811,40.76785182952881
5812,11.843807458877563
5813,20.593528509140015
5814,38.41287040710449
5815,41.62677764892578
5816,11.626141548156738
5817,11.774129390716553
5818,31.804476261138916
5819,21.066140174865723
5820,32.246185302734375
5821,21.186670303344727
5822,11.909635066986084
5823,12.176324844360352
5824,49.16044616699219
5825,20.544873476028442
5826,11.657206058502197
5827,20.92733335494995
5828,37.26165437698364
5829,35.81626749038696
5830,21.17505979537964
5831,13.185907363891602
5832,35.22892618179321
5833,37.106693744659424
5834,37.25082302093506
5835,31.773691654205322
5836,32.142493724823
5837,21.123827934265137
5838,65.91674709320068
5839,20.33626389503479
5840,25.23556137084961
5841,12.307318925857544
5842,20.56448221206665
5843,20.337374687194824
5844,24.812593936920166
5845,11.874637365341187
5846,12.688235998153687
5847,21.748352527618408
5848,52.311283111572266
5849,13.007609367370605
5850,62.73091793060303
5851,25.804664134979248
5852,21.477852821350098
5853,37.65933656692505
5854,20.67650079727173
5855,20.34751033782959
5856,12.794962882995605
5857,41.402775287628174
5858,39.23900604248047
5859,32.13220024108887
5860,26.41950750350952
5861,20.861845016479492
5862,21.33170986175537
5863,27.047677040100098
5864,31.249736309051514
5865,21.051618576049805
5866,31.796582221984863
5867,34.419379234313965
5868,32.62545299530029
5869,35.84439420700073
5870,30.82191801071167
5871,32.12815570831299
5872,13.689432144165039
5873,21.001793384552002
5874,27.464158535003662
5875,19.9367573261261
5876,20.590158939361572
5877,25.501680850982666
5878,26.0147385597229
5879,26.512723922729492
5880,26.872175216674805
5881,33.985275745391846
5882,20.606667041778564
5883,21.461761474609375
5884,12.573377132415771
5885,32.55992603302002
5886,12.21426510810852
5887,12.291518688201904
5888,26.49191427230835
5889,11.689015865325928
5890,36.608360290527344
5891,43.02177715301514
5892,49.006513595581055
5893,36.85482406616211
5894,20.146785020828247
5895,12.228629350662231
5896,21.277889728546143
5897,21.927062034606934
5898,12.251455783843994
5899,11.752193689346313
5900,12.243025779724121
5901,39.92466449737549
5902,36.93792390823364
5903,11.886532306671143
5904,21.131070137023926
5905,37.500537395477295
5906,31.861889839172363
5907,53.35374736785889
5908,11.997910499572754
5909,21.708442211151123
5910,46.95380783081055
5911,20.326900243759155
5912,12.061623096466064
5913,21.39429807662964
5914,25.65526247024536
5915,40.63735389709473
5916,43.22623825073242
5917,20.078291416168213
5918,20.58649253845215
5919,37.92412710189819
5920,21.973156929016113
5921,11.740315437316895
5922,20.42662763595581
5923,26.96486186981201
5924,11.969987630844116
5925,21.411972045898438
5926,33.13852643966675
5927,32.54746866226196
5928,74.09955024719238
5929,26.9628849029541
5930,12.481664896011353
5931,26.691960334777832
5932,12.292396783828735
5933,12.561230182647705
5934,31.717824459075928
5935,33.32063388824463
5936,36.631049156188965
5937,31.3647780418396
5938,41.20018768310547
5939,12.505162954330444
5940,21.9266095161438
5941,26.973328590393066
5942,21.257497787475586
5943,20.547625303268433
5944,12.019150257110596
5945,25.85888385772705
5946,31.35952854156494
5947,12.424838066101074
5948,26.57798719406128
5949,25.68874502182007
5950,12.068511724472046
5951,11.99005913734436
5952,40.6263370513916
5953,26.61211919784546
5954,11.989898920059204
5955,20.545217514038086
5956,20.947916507720947
5957,12.5865478515625
5958,37.63161754608154
5959,45.57746410369873
5960,32.45863485336304
5961,20.945044994354248
5962,11.656480312347412
5963,11.990241050720215
5964,18.889903783798218
5965,35.999308586120605
5966,41.112525939941406
5967,27.047250270843506
5968,34.938881397247314
5969,20.99127721786499
5970,12.083969831466675
5971,20.295873880386353
5972,19.985381603240967
5973,26.554813385009766
5974,12.561152458190918
5975,26.155778884887695
5976,21.02843189239502
5977,25.088633060455322
5978,21.101407051086426
5979,32.90839624404907
5980,21.123816967010498
5981,40.5306339263916
5982,12.652201890945435
5983,25.706615447998047
5984,11.755113363265991
5985,20.4230318069458
5986,31.144896030426025
5987,31.499773502349854
5988,37.260910987854004
5989,20.775376319885254
5990,12.271087408065796
5991,20.4142587184906
5992,35.522565841674805
5993,26.813403129577637
5994,20.66527557373047
5995,39.3975510597229
5996,34.27270317077637
5997,21.26191997528076
5998,24.99213933944702
5999,12.505106925964355
6000,31.136991500854492
6001,21.30228281021118
6002,41.22402906417847
6003,20.11776304244995
6004,11.837454795837402
6005,21.540594577789307
6006,49.88405990600586
6007,25.911701202392578
6008,32.053800106048584
6009,21.250678062438965
6010,27.046096801757812
6011,30.35513401031494
6012,12.829346895217896
6013,13.148683786392212
6014,22.116199016571045
6015,20.109801530838013
6016,37.79750204086304
6017,12.444865465164185
6018,12.503318309783936
6019,12.176939725875854
6020,12.458376169204712
6021,21.18152093887329
6022,21.076147079467773
6023,19.682823419570923
6024,39.63336706161499
6025,20.3063542842865
6026,16.4192636013031
6027,20.046165704727173
6028,12.019086837768555
6029,34.20453500747681
6030,26.023505687713623
6031,38.454017162323
6032,31.724859714508057
6033,33.439762592315674
6034,26.564075469970703
6035,34.83522319793701
6036,21.35972023010254
6037,12.499691009521484
6038,21.37584114074707
6039,25.937676906585693
6040,11.53157353401184
6041,20.662359714508057
6042,11.800940752029419
6043,19.073240280151367
6044,20.974492073059082
6045,36.16514778137207
6046,11.976579904556274
6047,20.602510452270508
6048,45.07446765899658
6049,26.339260578155518
6050,45.25691795349121
6051,75.81709098815918
6052,12.575552463531494
6053,20.60815715789795
6054,26.191983699798584
6055,30.98930597305298
6056,24.983466625213623
6057,43.002427101135254
6058,25.762192726135254
6059,11.987859964370728
6060,31.253116130828857
6061,20.097032070159912
6062,12.057784080505371
6063,21.46855926513672
6064,50.55724048614502
6065,12.475704908370972
6066,26.163884162902832
6067,34.025516510009766
6068,21.330193042755127
6069,46.320411682128906
6070,37.567936420440674
6071,37.53784656524658
6072,32.97598123550415
6073,31.598342418670654
6074,21.205145359039307
6075,13.07936429977417
6076,25.527177333831787
6077,21.09894323348999
6078,12.27851414680481
6079,36.680320739746094
6080,20.639928340911865
6081,53.50825881958008
6082,12.084982872009277
6083,26.87630796432495
6084,11.752292156219482
6085,11.734793663024902
6086,21.71602439880371
6087,31.506420612335205
6088,20.284264087677002
6089,20.527154684066772
6090,12.263324499130249
6091,26.780195236206055
6092,13.155503511428833
6093,45.21647644042969
6094,26.837122440338135
6095,25.447200775146484
6096,35.23398303985596
6097,26.293603897094727
6098,25.79057550430298
6099,21.455989360809326
6100,26.75776195526123
6101,12.484337568283081
6102,21.274510383605957
6103,11.635947704315186
6104,32.04354953765869
6105,19.201878547668457
6106,20.96965265274048
6107,21.289260864257812
6108,46.21802806854248
6109,21.698603630065918
6110,21.178369522094727
6111,21.375608921051025
6112,11.851657390594482
6113,45.71714401245117
6114,12.79646635055542
6115,20.9779109954834
6116,25.481059074401855
6117,12.472777605056763
6118,11.9437735080719
6119,31.493378162384033
6120,20.76403045654297
6121,11.996773719787598
6122,30.6269588470459
6123,12.411316633224487
6124,19.09037709236145
6125,42.03646755218506
6126,41.735108375549316
6127,26.44209337234497
6128,31.302786827087402
6129,44.55073261260986
6130,31.114741802215576
6131,20.755462646484375
6132,26.808830738067627
6133,35.12452220916748
6134,21.686156272888184
6135,47.81862163543701
6136,41.80470085144043
6137,46.64311981201172
6138,39.14632606506348
6139,43.64186096191406
6140,20.378440141677856
6141,31.63448476791382
6142,20.685670852661133
6143,26.498053550720215
6144,53.8059196472168
6145,37.931920528411865
6146,20.29212474822998
6147,20.81650733947754
6148,20.56361961364746
6149,26.844173908233643
6150,20.81418800354004
6151,30.577144145965576
6152,21.120213508605957
6153,50.606085777282715
6154,20.91646671295166
6155,34.8924617767334
6156,20.547825813293457
6157,12.529803991317749
6158,12.519533157348633
6159,26.395493507385254
6160,20.39277458190918
6161,21.867082118988037
6162,36.45021963119507
6163,13.172680854797363
6164,40.187926292419434
6165,11.730791807174683
6166,11.880245923995972
6167,11.52102780342102
6168,37.955424785614014
6169,12.406745433807373
6170,36.36420154571533
6171,11.48955774307251
6172,32.283047676086426
6173,39.84610414505005
6174,22.237841606140137
6175,26.24499225616455
6176,12.307054042816162
6177,16.653754711151123
6178,11.881921768188477
6179,24.524444580078125
6180,20.832664489746094
6181,26.01452922821045
6182,12.268336296081543
6183,32.84157705307007
6184,32.283777713775635
6185,50.82379722595215
6186,20.087775468826294
6187,43.463233947753906
6188,32.00740575790405
6189,21.281775951385498
6190,49.14624309539795
6191,27.019440174102783
6192,26.580856800079346
6193,26.69606637954712
6194,12.36110544204712
6195,48.82298278808594
6196,11.775485038757324
6197,13.283773422241211
6198,12.26905345916748
6199,20.810083389282227
6200,30.88718605041504
6201,25.104780673980713
6202,11.681684494018555
6203,11.887590646743774
6204,39.95159339904785
6205,27.14155387878418
6206,20.76809787750244
6207,36.65260457992554
6208,12.903531551361084
6209,25.24767017364502
6210,12.171894788742065
6211,35.35414218902588
6212,31.20278024673462
6213,12.827025413513184
6214,12.280248641967773
6215,26.16936159133911
6216,25.988901138305664
6217,12.179007291793823
6218,31.33393669128418
6219,12.194227695465088
6220,35.76902389526367
6221,25.63029956817627
6222,24.49660015106201
6223,20.764528274536133
6224,12.416428565979004
6225,30.429912567138672
6226,34.956090450286865
6227,12.460729837417603
6228,20.698802947998047
6229,13.208877801895142
6230,12.683541536331177
6231,11.570178031921387
6232,19.712804079055786
6233,21.450469970703125
6234,11.797955513000488
6235,63.69032573699951
6236,26.583749294281006
6237,35.00058031082153
6238,20.275054931640625
6239,13.31947135925293
6240,47.2501916885376
6241,19.53398299217224
6242,25.033056259155273
6243,31.058491706848145
6244,12.558866024017334
6245,12.53262186050415
6246,22.144168376922607
6247,29.938793659210205
6248,37.54462480545044
6249,11.792967557907104
6250,51.32731246948242
6251,35.223904609680176
6252,27.30669403076172
6253,26.688189029693604
6254,21.44224452972412
6255,40.24120330810547
6256,11.651440143585205
6257,32.27840614318848
6258,27.319244861602783
6259,36.827940464019775
6260,26.448468685150146
6261,37.52245330810547
6262,21.087313652038574
6263,20.993375778198242
6264,42.0297908782959
6265,31.72077703475952
6266,31.171154499053955
6267,11.706244468688965
6268,21.061891555786133
6269,43.65371227264404
6270,20.391159057617188
6271,24.84338665008545
6272,35.757386207580566
6273,26.42369794845581
6274,27.400187492370605
6275,21.326351165771484
6276,26.115219593048096
6277,12.515559434890747
6278,33.68943166732788
6279,19.930894136428833
6280,43.19747734069824
6281,25.39971113204956
6282,12.094367027282715
6283,19.5153968334198
6284,26.305782794952393
6285,21.44489049911499
6286,11.29597020149231
6287,12.332988023757935
6288,12.63625192642212
6289,19.94515609741211
6290,21.13007354736328
6291,27.44630527496338
6292,54.415645599365234
6293,21.107887744903564
6294,12.44432020187378
6295,12.306864976882935
6296,58.45272350311279
6297,45.98215103149414
6298,26.868675708770752
6299,20.66393804550171
6300,12.241668462753296
6301,11.816620826721191
6302,34.71300172805786
6303,32.410550594329834
6304,11.88745927810669
6305,42.16061592102051
6306,37.661460876464844
6307,12.180431842803955
6308,13.29833722114563
6309,21.029695510864258
6310,20.88254404067993
6311,34.858033180236816
6312,20.8260178565979
6313,20.715647220611572
6314,30.99703311920166
6315,34.951465129852295
6316,33.50184774398804
6317,21.924622535705566
6318,12.166842699050903
6319,12.034871578216553
6320,20.84890651702881
6321,21.03596544265747
6322,22.390571117401123
6323,12.072166204452515
6324,12.350503921508789
6325,12.45359492301941
6326,26.00532341003418
6327,36.056079387664795
6328,43.828532218933105
6329,26.253981590270996
6330,20.45410394668579
6331,25.251272201538086
6332,11.899357318878174
6333,21.674202919006348
6334,20.83309507369995
6335,44.99209690093994
6336,21.426276683807373
6337,50.84788417816162
6338,12.036345481872559
6339,35.41301155090332
6340,12.439149379730225
6341,11.59949517250061
6342,31.422813892364502
6343,12.193981647491455
6344,12.56889009475708
6345,12.743985652923584
6346,40.25612926483154
6347,12.15570878982544
6348,26.304972171783447
6349,40.53318119049072
6350,27.149991035461426
6351,26.068631649017334
6352,21.068618297576904
6353,11.654032468795776
6354,67.15278339385986
6355,12.460580110549927
6356,65.2354383468628
6357,45.33397197723389
6358,31.024607181549072
6359,11.109196901321411
6360,21.72555446624756
6361,35.09211206436157
6362,24.890870094299316
6363,33.41723966598511
6364,20.5287024974823
6365,19.742703914642334
6366,31.7039852142334
6367,37.11535167694092
6368,30.558966159820557
6369,40.83502197265625
6370,32.02496528625488
6371,50.952080726623535
6372,25.957350730895996
6373,12.494577169418335
6374,31.527305126190186
6375,25.961912631988525
6376,22.171332836151123
6377,12.183174133300781
6378,11.720159530639648
6379,11.106156826019287
6380,31.551756381988525
6381,11.945799112319946
6382,40.47359561920166
6383,25.033661365509033
6384,32.38743257522583
6385,25.767337799072266
6386,26.037090301513672
6387,36.703635692596436
6388,25.85279083251953
6389,35.82655096054077
6390,19.656360387802124
6391,30.975055694580078
6392,12.126471042633057
6393,26.522862434387207
6394,11.886828184127808
6395,25.691262245178223
6396,44.0214900970459
6397,12.562422752380371
6398,26.002867221832275
6399,21.5396466255188
6400,26.414126873016357
6401,12.126408815383911
6402,37.459514141082764
6403,26.61585283279419
6404,25.94163751602173
6405,36.50302839279175
6406,20.393478870391846
6407,53.94777584075928
6408,21.059257984161377
6409,26.516687393188477
6410,56.32055377960205
6411,61.082200050354004
6412,12.01105523109436
6413,24.92394781112671
6414,35.2324104309082
6415,35.66838979721069
6416,42.071709632873535
6417,21.285802841186523
6418,20.370231866836548
6419,13.139131307601929
6420,26.849595069885254
6421,31.91749620437622
6422,31.79643726348877
6423,41.20650577545166
6424,20.417995929718018
6425,37.70550346374512
6426,25.191901683807373
6427,25.39310884475708
6428,20.7406587600708
6429,35.15531539916992
6430,11.906287670135498
6431,37.24041795730591
6432,13.019255638122559
6433,20.787707805633545
6434,26.938127994537354
6435,11.151676416397095
6436,18.465806245803833
6437,11.888118982315063
6438,26.060112476348877
6439,20.620388984680176
6440,22.056673526763916
6441,20.440555572509766
6442,12.54150104522705
6443,21.206363201141357
6444,21.258564472198486
6445,20.51658535003662
6446,20.43322467803955
6447,12.922709703445435
6448,31.695713996887207
6449,19.832485914230347
6450,12.272161722183228
6451,25.32295322418213
6452,11.731945514678955
6453,20.71638512611389
6454,40.65538501739502
6455,12.53857970237732
6456,20.617266178131104
6457,24.671120166778564
6458,34.94292497634888
6459,12.23560357093811
6460,35.93456506729126
6461,40.16236114501953
6462,49.30970573425293
6463,21.005826950073242
6464,21.082045078277588
6465,24.97804594039917
6466,12.824840784072876
6467,20.88748574256897
6468,32.198737144470215
6469,11.722270965576172
6470,21.12605094909668
6471,37.61979055404663
6472,12.45350193977356
6473,38.115522384643555
6474,26.067407608032227
6475,25.00576114654541
6476,27.394553184509277
6477,11.63801884651184
6478,20.019973039627075
6479,25.785090923309326
6480,20.89264488220215
6481,34.606624603271484
6482,26.508909225463867
6483,40.137216091156006
6484,12.065801858901978
6485,12.163461208343506
6486,11.943827867507935
6487,31.414958477020264
6488,22.616700649261475
6489,12.286464214324951
6490,36.80489730834961
6491,11.931848764419556
6492,31.807983875274658
6493,35.19600963592529
6494,74.4699239730835
6495,20.17716360092163
6496,12.006768941879272
6497,11.922779560089111
6498,32.200732707977295
6499,32.426700592041016
6500,37.78872060775757
6501,40.16755676269531
6502,12.354182481765747
6503,19.886178970336914
6504,32.743881702423096
6505,11.975964784622192
6506,32.492000579833984
6507,50.28321933746338
6508,38.55027914047241
6509,31.33028268814087
6510,20.931737899780273
6511,20.686623096466064
6512,31.070217609405518
6513,13.700759887695312
6514,11.797461986541748
6515,56.49051856994629
6516,27.171323776245117
6517,11.55005168914795
6518,21.35532855987549
6519,65.12591075897217
6520,25.509448528289795
6521,26.291910648345947
6522,50.637410163879395
6523,12.481685161590576
6524,20.628758430480957
6525,58.6059455871582
6526,26.28804349899292
6527,21.5800461769104
6528,31.255616188049316
6529,34.77782964706421
6530,35.55515098571777
6531,12.956082105636597
6532,18.89756464958191
6533,26.590645790100098
6534,51.98160171508789
6535,43.50173568725586
6536,31.946956157684326
6537,25.64921808242798
6538,21.672626495361328
6539,21.044596672058105
6540,26.112898349761963
6541,20.793392181396484
6542,24.633965015411377
6543,12.539355278015137
6544,31.942567825317383
6545,13.374034643173218
6546,20.97483491897583
6547,25.448977947235107
6548,34.828672885894775
6549,13.032692909240723
6550,65.84288883209229
6551,45.06729698181152
6552,49.36203098297119
6553,24.814723014831543
6554,68.87497806549072
6555,12.671963691711426
6556,37.09270524978638
6557,50.79157066345215
6558,12.529646873474121
6559,21.013853549957275
6560,25.831807136535645
6561,26.079355716705322
6562,20.225178003311157
6563,20.552173614501953
6564,53.422654151916504
6565,25.416154384613037
6566,12.189178466796875
6567,37.24427509307861
6568,20.155434608459473
6569,35.04788255691528
6570,24.89709711074829
6571,31.83202886581421
6572,20.535640239715576
6573,11.996167182922363
6574,59.830196380615234
6575,13.556515216827393
6576,20.157123804092407
6577,25.499523639678955
6578,36.42797374725342
6579,35.33112812042236
6580,25.935263633728027
6581,11.449398279190063
6582,12.085985660552979
6583,21.157077312469482
6584,12.04101848602295
6585,26.35155439376831
6586,43.37281608581543
6587,12.481959581375122
6588,11.52271842956543
6589,12.07056212425232
6590,12.482223272323608
6591,35.620262145996094
6592,21.00321626663208
6593,19.8647620677948
6594,20.73986577987671
6595,26.939988136291504
6596,37.9884467124939
6597,21.060390949249268
6598,25.887356758117676
6599,26.785345554351807
6600,20.793761253356934
6601,20.32719850540161
6602,32.64422607421875
6603,20.94359254837036
6604,26.355520248413086
6605,26.2862811088562
6606,26.07643175125122
6607,36.897918701171875
6608,13.016650676727295
6609,34.97054100036621
6610,20.26285457611084
6611,20.439770936965942
6612,12.290769577026367
6613,47.79459571838379
6614,11.520142316818237
6615,26.780760765075684
6616,42.43880844116211
6617,20.091856956481934
6618,31.686709880828857
6619,34.455824851989746
6620,20.48139715194702
6621,26.093366622924805
6622,12.318542957305908
6623,27.833648681640625
6624,49.81281661987305
6625,12.309513330459595
6626,21.418935775756836
6627,64.32992839813232
6628,19.46442937850952
6629,31.512254238128662
6630,20.985004901885986
6631,20.654627799987793
6632,21.620436668395996
6633,21.05728244781494
6634,21.178442001342773
6635,12.411888599395752
6636,40.729166984558105
6637,11.860401630401611
6638,35.05610418319702
6639,45.204670906066895
6640,26.645198345184326
6641,21.200098037719727
6642,12.590742588043213
6643,20.24470329284668
6644,45.89713764190674
6645,12.425466060638428
6646,12.755335092544556
6647,49.18588447570801
6648,20.558017253875732
6649,26.552469730377197
6650,35.74484634399414
6651,39.658015727996826
6652,19.3783221244812
6653,20.90590000152588
6654,11.531174898147583
6655,21.229668617248535
6656,21.111451148986816
6657,25.244197845458984
6658,26.038596153259277
6659,12.060787200927734
6660,20.385570764541626
6661,20.673059940338135
6662,26.691044330596924
6663,36.715858459472656
6664,12.33469271659851
6665,11.860409259796143
6666,19.75839638710022
6667,21.600963592529297
6668,20.56688356399536
6669,30.052838802337646
6670,37.88934803009033
6671,12.093929052352905
6672,20.61517572402954
6673,47.34011459350586
6674,20.79450750350952
6675,11.80640983581543
6676,20.868041515350342
6677,26.204772472381592
6678,21.009132385253906
6679,26.00460433959961
6680,38.08579206466675
6681,12.595826387405396
6682,35.21769571304321
6683,25.385268211364746
6684,19.418512105941772
6685,21.628599166870117
6686,20.18089985847473
6687,12.66156554222107
6688,26.634316444396973
6689,43.309685707092285
6690,46.81862831115723
6691,19.474578142166138
6692,32.0341911315918
6693,27.77832555770874
6694,41.835164070129395
6695,12.114096879959106
6696,20.955158233642578
6697,45.944334983825684
6698,22.352280616760254
6699,12.309302568435669
6700,27.23547077178955
6701,77.05803966522217
6702,26.580923557281494
6703,12.232115507125854
6704,19.941726207733154
6705,20.857168674468994
6706,45.686095237731934
6707,20.67779016494751
6708,25.98168134689331
6709,35.86644172668457
6710,26.603079795837402
6711,36.078266620635986
6712,40.24448204040527
6713,12.096567392349243
6714,11.731066703796387
6715,11.609282970428467
6716,31.40806484222412
6717,20.859047889709473
6718,12.285380363464355
6719,11.167720079421997
6720,21.433335304260254
6721,20.945735931396484
6722,11.599725008010864
6723,21.423006057739258
6724,20.335625886917114
6725,20.85869836807251
6726,28.184021472930908
6727,46.95819568634033
6728,25.629478454589844
6729,12.81780743598938
6730,13.186062097549438
6731,37.30778884887695
6732,19.944453954696655
6733,12.038884401321411
6734,25.25884771347046
6735,27.234679222106934
6736,30.502148151397705
6737,12.369340658187866
6738,25.34969997406006
6739,34.61205244064331
6740,20.405842304229736
6741,36.20754051208496
6742,56.52126979827881
6743,31.59154987335205
6744,41.890193939208984
6745,37.72803831100464
6746,11.387618780136108
6747,26.04692268371582
6748,37.63920545578003
6749,20.3516526222229
6750,12.407961368560791
6751,16.274734020233154
6752,20.715190410614014
6753,32.00092029571533
6754,20.25563335418701
6755,27.38766622543335
6756,12.217538833618164
6757,12.103003025054932
6758,19.555352449417114
6759,24.456181526184082
6760,36.30879592895508
6761,26.081868171691895
6762,25.59938907623291
6763,50.378061294555664
6764,30.617456912994385
6765,40.074127197265625
6766,21.78299856185913
6767,25.70503807067871
6768,21.186305046081543
6769,12.521846294403076
6770,26.59575366973877
6771,20.403132915496826
6772,21.421358108520508
6773,21.363043785095215
6774,34.63096857070923
6775,12.464478015899658
6776,26.598028659820557
6777,49.18617916107178
6778,12.076411008834839
6779,20.616973161697388
6780,40.65621566772461
6781,41.179765701293945
6782,42.78279685974121
6783,20.103302717208862
6784,19.345459938049316
6785,32.326701164245605
6786,26.20182228088379
6787,20.463581085205078
6788,20.980907440185547
6789,25.986936569213867
6790,11.805773973464966
6791,51.124223709106445
6792,12.120638132095337
6793,12.474666833877563
6794,30.50060510635376
6795,26.48137378692627
6796,11.844222068786621
6797,11.806142568588257
6798,12.395955801010132
6799,11.756528854370117
6800,52.82323455810547
6801,26.70599937438965
6802,35.278780937194824
6803,37.20493173599243
6804,26.4326434135437
6805,25.807573318481445
6806,11.781275510787964
6807,34.68542146682739
6808,12.241800308227539
6809,11.736939668655396
6810,27.29147958755493
6811,20.296730995178223
6812,11.829742431640625
6813,25.19383955001831
6814,20.779630661010742
6815,11.981624126434326
6816,11.625499248504639
6817,41.35650444030762
6818,11.492621183395386
6819,11.999756813049316
6820,11.711251020431519
6821,13.00642728805542
6822,19.99730944633484
6823,21.173095703125
6824,42.768110275268555
6825,26.89140558242798
6826,20.626895427703857
6827,21.256779670715332
6828,29.879467487335205
6829,11.681654453277588
6830,31.62406015396118
6831,38.04343509674072
6832,20.447269678115845
6833,24.940067768096924
6834,21.2586030960083
6835,40.90734672546387
6836,12.374319791793823
6837,26.53772735595703
6838,12.218530178070068
6839,20.859618663787842
6840,11.259353160858154
6841,12.570902109146118
6842,22.084352493286133
6843,13.506086826324463
6844,49.58036708831787
6845,20.76863384246826
6846,21.148584365844727
6847,26.460604190826416
6848,22.262637615203857
6849,21.394139766693115
6850,12.164483547210693
6851,35.311673164367676
6852,25.921082019805908
6853,35.44545888900757
6854,25.876813888549805
6855,40.62683057785034
6856,20.29352378845215
6857,47.03951454162598
6858,20.789061069488525
6859,32.49338436126709
6860,11.90003252029419
6861,21.605153560638428
6862,32.515259742736816
6863,34.83161020278931
6864,35.300029277801514
6865,25.79581117630005
6866,30.369805335998535
6867,11.936957836151123
6868,11.790945053100586
6869,41.428701400756836
6870,13.18749713897705
6871,35.83763837814331
6872,11.539034605026245
6873,51.42354202270508
6874,12.585906744003296
6875,12.736822366714478
6876,11.762736797332764
6877,54.0279016494751
6878,20.94545030593872
6879,39.83363580703735
6880,21.44184112548828
6881,35.4016637802124
6882,25.447972297668457
6883,68.00099754333496
6884,53.50371742248535
6885,19.031763792037964
6886,12.224078178405762
6887,36.236520290374756
6888,21.072082996368408
6889,36.37419080734253
6890,35.47633123397827
6891,22.097537517547607
6892,27.615851402282715
6893,26.28461980819702
6894,35.3201060295105
6895,20.744033813476562
6896,25.592130661010742
6897,27.05568838119507
6898,21.193159580230713
6899,12.21193265914917
6900,26.061856269836426
6901,12.195870637893677
6902,27.5317063331604
6903,21.86782932281494
6904,33.21905994415283
6905,30.647377490997314
6906,44.42255210876465
6907,39.73803758621216
6908,11.855571985244751
6909,12.394417762756348
6910,12.177539587020874
6911,42.99809455871582
6912,20.672342777252197
6913,11.84996247291565
6914,26.276691436767578
6915,13.072468042373657
6916,37.50715255737305
6917,37.609092712402344
6918,20.85040283203125
6919,25.49215793609619
6920,12.490708827972412
6921,21.402867794036865
6922,36.14909744262695
6923,25.63660955429077
6924,53.77781009674072
6925,27.11640977859497
6926,21.124083995819092
6927,32.44213628768921
6928,64.519211769104
6929,31.44550323486328
6930,11.768872261047363
6931,36.45296239852905
6932,39.84639072418213
6933,11.85455846786499
6934,12.557120084762573
6935,26.833505630493164
6936,21.773067951202393
6937,11.871746301651001
6938,26.84044313430786
6939,32.641533851623535
6940,20.522464752197266
6941,21.13468885421753
6942,34.95889949798584
6943,21.317203521728516
6944,38.5414342880249
6945,26.597843170166016
6946,26.977912425994873
6947,12.142896175384521
6948,40.760276794433594
6949,35.61837959289551
6950,11.728087663650513
6951,49.886494636535645
6952,32.145283222198486
6953,35.34323978424072
6954,35.47282409667969
6955,38.50902032852173
6956,39.903104305267334
6957,20.77078104019165
6958,33.95981168746948
6959,33.73348140716553
6960,21.572261810302734
6961,41.764662742614746
6962,11.63679838180542
6963,11.712997198104858
6964,12.556567907333374
6965,36.530081272125244
6966,49.059797286987305
6967,19.85459852218628
6968,21.514976978302002
6969,57.38847541809082
6970,20.891878128051758
6971,20.86471652984619
6972,12.327989339828491
6973,36.98119497299194
6974,20.041579484939575
6975,26.340914726257324
6976,12.277680397033691
6977,25.380342483520508
6978,34.5199670791626
6979,31.039896965026855
6980,35.65682601928711
6981,11.906620502471924
6982,40.385021686553955
6983,20.405317306518555
6984,20.913705825805664
6985,31.65642213821411
6986,20.525705337524414
6987,12.102317094802856
6988,59.747018814086914
6989,34.12937307357788
6990,11.802583694458008
6991,26.87566566467285
6992,12.543545007705688
6993,20.81149387359619
6994,50.03844451904297
6995,42.84243965148926
6996,12.369296550750732
6997,25.94601058959961
6998,13.041813373565674
6999,20.855873584747314
7000,50.07516384124756
7001,50.34967613220215
7002,20.989222049713135
7003,35.617608070373535
7004,34.07955312728882
7005,37.39257192611694
7006,31.58718729019165
7007,20.567070960998535
7008,25.2658953666687
7009,12.581309080123901
7010,20.863630771636963
7011,30.859346389770508
7012,21.083788871765137
7013,12.616855382919312
7014,35.320141315460205
7015,20.14024806022644
7016,26.79819679260254
7017,12.329528331756592
7018,11.371599912643433
7019,25.909029960632324
7020,20.634284019470215
7021,73.07212352752686
7022,25.144294261932373
7023,26.149327278137207
7024,21.448533058166504
7025,32.32112646102905
7026,25.135884761810303
7027,21.506913661956787
7028,12.420531988143921
7029,25.745066165924072
7030,26.585488319396973
7031,45.23638439178467
7032,12.377403736114502
7033,21.731464385986328
7034,21.62256145477295
7035,19.064584493637085
7036,39.95298910140991
7037,11.330265522003174
7038,36.29471492767334
7039,16.9588406085968
7040,25.861400604248047
7041,37.13704538345337
7042,24.50835371017456
7043,20.36109209060669
7044,26.10920763015747
7045,25.54789924621582
7046,26.470831394195557
7047,19.740413665771484
7048,40.415621757507324
7049,45.695176124572754
7050,20.735785007476807
7051,32.358376026153564
7052,12.015180349349976
7053,26.95026159286499
7054,12.140826225280762
7055,19.93017077445984
7056,20.370092630386353
7057,21.96557855606079
7058,13.00515103340149
7059,20.850539207458496
7060,20.766605854034424
7061,20.551738262176514
7062,26.071407318115234
7063,30.936602115631104
7064,11.876821756362915
7065,34.58534097671509
7066,11.507334470748901
7067,12.659247875213623
7068,31.52971076965332
7069,35.135972023010254
7070,21.385204792022705
7071,12.370097875595093
7072,12.331544399261475
7073,20.844048023223877
7074,20.84858250617981
7075,40.20178413391113
7076,12.879250049591064
7077,25.263424396514893
7078,32.560423374176025
7079,21.246758460998535
7080,20.203115940093994
7081,32.25228023529053
7082,21.22806692123413
7083,20.06510877609253
7084,12.789867877960205
7085,21.086580276489258
7086,27.13800287246704
7087,11.597965717315674
7088,26.336907863616943
7089,27.372684001922607
7090,12.837978601455688
7091,12.709949731826782
7092,37.68221998214722
7093,35.854053020477295
7094,25.678939819335938
7095,34.90249681472778
7096,50.293253898620605
7097,12.711334943771362
7098,25.557533740997314
7099,31.862582683563232
7100,12.271139860153198
7101,42.62454605102539
7102,20.654683113098145
7103,21.557804584503174
7104,19.880348682403564
7105,19.9655339717865
7106,26.86370086669922
7107,20.435966968536377
7108,22.146038055419922
7109,25.824331760406494
7110,20.904219150543213
7111,35.02614784240723
7112,25.8541898727417
7113,21.840781211853027
7114,12.550375938415527
7115,44.456910133361816
7116,20.82416820526123
7117,19.97616672515869
7118,27.428564071655273
7119,21.5847225189209
7120,11.683890104293823
7121,20.424413204193115
7122,44.48306369781494
7123,12.362199544906616
7124,26.324745655059814
7125,12.419111490249634
7126,43.183162689208984
7127,12.608649253845215
7128,11.674417972564697
7129,31.622427940368652
7130,12.618422508239746
7131,71.79029273986816
7132,25.217761516571045
7133,12.003729581832886
7134,25.45857572555542
7135,35.56757402420044
7136,12.30158257484436
7137,47.530290603637695
7138,25.544443607330322
7139,26.393723011016846
7140,37.59212255477905
7141,30.107906341552734
7142,26.11672592163086
7143,39.82082796096802
7144,12.389864444732666
7145,12.526019096374512
7146,20.052265882492065
7147,26.936129570007324
7148,37.09366321563721
7149,11.597447633743286
7150,12.084284543991089
7151,31.07991313934326
7152,40.17760229110718
7153,11.809625387191772
7154,11.646214485168457
7155,26.325714588165283
7156,39.98721218109131
7157,27.338343143463135
7158,31.490357398986816
7159,40.61141872406006
7160,48.87601089477539
7161,11.621160507202148
7162,20.21442699432373
7163,40.80513000488281
7164,21.002873420715332
7165,21.192975997924805
7166,25.673709392547607
7167,11.669262409210205
7168,13.093140840530396
7169,12.928552389144897
7170,57.11716079711914
7171,12.838752269744873
7172,12.386628866195679
7173,25.025214672088623
7174,26.529119968414307
7175,25.95145559310913
7176,21.06985902786255
7177,15.701041221618652
7178,21.632893562316895
7179,12.547284841537476
7180,37.39665460586548
7181,12.365010023117065
7182,12.620450973510742
7183,20.507450580596924
7184,12.41502571105957
7185,20.424996852874756
7186,42.67995643615723
7187,20.98975419998169
7188,25.069620609283447
7189,37.38437843322754
7190,26.989338874816895
7191,20.84018325805664
7192,52.95517921447754
7193,32.22899150848389
7194,20.702113151550293
7195,38.29398536682129
7196,11.670924663543701
7197,25.641979694366455
7198,35.05390548706055
7199,26.567102432250977
7200,20.980484008789062
7201,25.696475982666016
7202,20.155898094177246
7203,27.220764636993408
7204,73.4676399230957
7205,11.950981855392456
7206,20.80637788772583
7207,12.592403411865234
7208,26.630940914154053
7209,20.884104251861572
7210,26.287196159362793
7211,26.21546459197998
7212,11.314549922943115
7213,20.933340549468994
7214,12.746666431427002
7215,11.8948814868927
7216,55.09415340423584
7217,12.006622552871704
7218,17.749111890792847
7219,12.106311082839966
7220,20.9620304107666
7221,22.21330165863037
7222,26.25027894973755
7223,11.652454614639282
7224,21.914299964904785
7225,20.21287512779236
7226,26.532657623291016
7227,12.457058429718018
7228,12.198120832443237
7229,30.97733449935913
7230,21.477617740631104
7231,52.46850395202637
7232,26.402787685394287
7233,11.941040277481079
7234,48.67966175079346
7235,34.38225793838501
7236,21.171535968780518
7237,26.0119948387146
7238,31.148408889770508
7239,20.270509958267212
7240,12.577937126159668
7241,26.979604721069336
7242,19.970457077026367
7243,25.12438154220581
7244,21.6861572265625
7245,38.50869417190552
7246,26.581863403320312
7247,32.31197500228882
7248,21.226818084716797
7249,40.519086837768555
7250,35.87142276763916
7251,11.521767139434814
7252,45.90652561187744
7253,39.626373291015625
7254,11.918166399002075
7255,43.26252841949463
7256,25.327777862548828
7257,12.378385782241821
7258,12.67082667350769
7259,40.34417915344238
7260,12.398219347000122
7261,41.17094802856445
7262,12.054472923278809
7263,26.76659059524536
7264,13.985815048217773
7265,21.105985641479492
7266,11.725977897644043
7267,19.0039222240448
7268,26.065556526184082
7269,48.5659704208374
7270,38.68480348587036
7271,30.86499309539795
7272,20.695250034332275
7273,20.99187707901001
7274,11.991587400436401
7275,21.84125280380249
7276,11.448291778564453
7277,21.234811782836914
7278,25.025548934936523
7279,21.946789741516113
7280,20.526843070983887
7281,12.514002323150635
7282,64.65352249145508
7283,20.396556854248047
7284,21.592596530914307
7285,11.978048086166382
7286,32.00925827026367
7287,11.862175464630127
7288,36.51634931564331
7289,21.05440044403076
7290,40.45708751678467
7291,26.277437686920166
7292,30.324679851531982
7293,13.058147668838501
7294,25.197133541107178
7295,11.963884115219116
7296,26.17712688446045
7297,19.587205171585083
7298,27.065431118011475
7299,20.496659755706787
7300,40.76385021209717
7301,25.238423824310303
7302,45.85591220855713
7303,21.10774564743042
7304,12.869922161102295
7305,45.040276527404785
7306,27.606104850769043
7307,26.66888189315796
7308,25.397311687469482
7309,20.466339826583862
7310,12.464077949523926
7311,25.750067710876465
7312,12.093127727508545
7313,19.705400943756104
7314,11.8202965259552
7315,11.166145086288452
7316,41.866573333740234
7317,32.41787004470825
7318,11.616751194000244
7319,20.48318338394165
7320,49.68203830718994
7321,12.36866307258606
7322,32.43726587295532
7323,37.867680072784424
7324,36.77413034439087
7325,11.166145086288452
7326,50.56828022003174
7327,34.80893850326538
7328,46.05167865753174
7329,12.388524293899536
7330,36.28645086288452
7331,11.880886793136597
7332,26.12749433517456
7333,12.601473331451416
7334,20.98673915863037
7335,44.789143562316895
7336,27.43809175491333
7337,31.353116512298584
7338,11.905086040496826
7339,12.045407056808472
7340,25.82924795150757
7341,47.96094989776611
7342,12.532150745391846
7343,13.155624866485596
7344,19.84955620765686
7345,33.388834953308105
7346,20.86300802230835
7347,11.97468614578247
7348,27.031481742858887
7349,20.448913097381592
7350,11.60973048210144
7351,12.305326461791992
7352,25.71162509918213
7353,21.105956554412842
7354,26.65879726409912
7355,20.322235584259033
7356,12.332827806472778
7357,42.35503101348877
7358,12.369340658187866
7359,40.341997146606445
7360,69.35125255584717
7361,20.197612524032593
7362,20.789048671722412
7363,17.058876037597656
7364,21.413050174713135
7365,20.223388671875
7366,21.105206966400146
7367,36.27439308166504
7368,11.95028805732727
7369,26.34165620803833
7370,21.055080890655518
7371,12.737382650375366
7372,35.82107925415039
7373,26.960707187652588
7374,20.084664583206177
7375,20.251314163208008
7376,46.48934459686279
7377,12.464393377304077
7378,12.578482866287231
7379,67.25319766998291
7380,20.872878074645996
7381,35.34601306915283
7382,22.091278553009033
7383,45.418880462646484
7384,12.01197862625122
7385,26.2486310005188
7386,12.575776100158691
7387,39.667513847351074
7388,21.275540828704834
7389,21.616219520568848
7390,25.978878498077393
7391,30.744132041931152
7392,19.09798836708069
7393,12.186644315719604
7394,18.4211585521698
7395,35.21788024902344
7396,17.84218120574951
7397,42.961527824401855
7398,18.93096947669983
7399,12.071691989898682
7400,25.82331943511963
7401,41.7531099319458
7402,11.818788528442383
7403,37.24759578704834
7404,43.86015033721924
7405,31.12905788421631
7406,11.789027214050293
7407,26.144591808319092
7408,35.86887168884277
7409,38.794472217559814
7410,11.554988861083984
7411,26.262420654296875
7412,12.489024639129639
7413,65.31746196746826
7414,20.861526489257812
7415,21.93058443069458
7416,20.991919994354248
7417,20.84807586669922
7418,11.741883039474487
7419,20.929701328277588
7420,19.81858205795288
7421,37.73655843734741
7422,21.201473236083984
7423,38.66010284423828
7424,21.565932750701904
7425,12.531990766525269
7426,12.578502655029297
7427,35.717445373535156
7428,21.262313842773438
7429,22.7637619972229
7430,51.95983028411865
7431,58.106690406799316
7432,19.513222455978394
7433,32.388545513153076
7434,20.981262683868408
7435,40.08230638504028
7436,12.498600244522095
7437,21.66702651977539
7438,55.58550548553467
7439,21.168949604034424
7440,11.827465057373047
7441,21.301465034484863
7442,25.573467254638672
7443,12.95395278930664
7444,32.13593149185181
7445,25.779614448547363
7446,44.81393814086914
7447,20.42928957939148
7448,47.22696018218994
7449,20.34212875366211
7450,10.96708071231842
7451,11.141233205795288
7452,20.503830432891846
7453,41.68837356567383
7454,21.02286195755005
7455,12.62642502784729
7456,45.55690383911133
7457,20.379458904266357
7458,31.206767559051514
7459,11.700015783309937
7460,21.101407051086426
7461,20.721997261047363
7462,25.025883197784424
7463,12.637995481491089
7464,34.833433628082275
7465,11.843926191329956
7466,11.638099670410156
7467,26.52172040939331
7468,21.6389741897583
7469,11.72058892250061
7470,26.235041618347168
7471,11.85448670387268
7472,31.2786283493042
7473,49.908034324645996
7474,41.833102226257324
7475,34.770466327667236
7476,35.35413646697998
7477,26.412672519683838
7478,39.88510799407959
7479,40.33213949203491
7480,12.894737482070923
7481,11.918229341506958
7482,21.406755924224854
7483,43.262033462524414
7484,35.734792709350586
7485,11.792622089385986
7486,31.43256711959839
7487,33.730284214019775
7488,26.296640872955322
7489,25.68276357650757
7490,25.749993324279785
7491,21.10066556930542
7492,51.08487796783447
7493,11.798670053482056
7494,21.079625606536865
7495,36.761072635650635
7496,12.207800149917603
7497,12.501772403717041
7498,27.08282232284546
7499,20.85322380065918
7500,32.88036251068115
7501,25.393750190734863
7502,11.958499431610107
7503,31.841130256652832
7504,20.127009868621826
7505,25.926108360290527
7506,12.500257730484009
7507,20.4582417011261
7508,31.41257619857788
7509,11.979614019393921
7510,25.25534152984619
7511,26.074323177337646
7512,25.466064453125
7513,44.92003917694092
7514,30.822096347808838
7515,48.19717502593994
7516,19.679536819458008
7517,26.689788818359375
7518,13.04612398147583
7519,20.7685546875
7520,11.686667203903198
7521,26.236034393310547
7522,21.58562469482422
7523,31.136648654937744
7524,10.976116180419922
7525,21.594274520874023
7526,31.40989875793457
7527,25.52533721923828
7528,37.96647596359253
7529,27.243918418884277
7530,26.42573356628418
7531,21.330546855926514
7532,12.314568519592285
7533,37.083359718322754
7534,12.523884057998657
7535,13.040782451629639
7536,20.960326194763184
7537,45.24971294403076
7538,20.376419067382812
7539,26.22619915008545
7540,11.937227249145508
7541,34.45168352127075
7542,22.427868843078613
7543,20.02157473564148
7544,11.914562702178955
7545,54.53392791748047
7546,36.93998050689697
7547,21.05018711090088
7548,42.647382736206055
7549,73.81278419494629
7550,20.79681396484375
7551,27.022135257720947
7552,26.851305961608887
7553,26.71428108215332
7554,21.438025951385498
7555,35.56659460067749
7556,20.36396884918213
7557,49.59618854522705
7558,42.346964836120605
7559,11.759472131729126
7560,48.28862762451172
7561,12.54790472984314
7562,26.246440887451172
7563,48.22676086425781
7564,12.407319784164429
7565,47.20530033111572
7566,21.009582996368408
7567,12.674621343612671
7568,11.888097524642944
7569,20.403396606445312
7570,20.636134147644043
7571,27.348190307617188
7572,26.28564739227295
7573,42.5877628326416
7574,12.72616457939148
7575,37.94227695465088
7576,39.76493692398071
7577,21.61541175842285
7578,35.16182518005371
7579,26.122275352478027
7580,12.433745622634888
7581,26.04597759246826
7582,25.16590976715088
7583,13.990411520004272
7584,26.087361812591553
7585,36.33869981765747
7586,25.713565349578857
7587,27.08316135406494
7588,25.792309761047363
7589,26.40725326538086
7590,20.128591060638428
7591,34.94573497772217
7592,20.33158016204834
7593,33.61298608779907
7594,43.586541175842285
7595,32.09695911407471
7596,21.038437366485596
7597,32.578205585479736
7598,32.02665948867798
7599,37.12191867828369
7600,11.901792764663696
7601,20.317291259765625
7602,12.68390941619873
7603,25.234535694122314
7604,26.803401470184326
7605,37.27373933792114
7606,12.530231475830078
7607,12.122706651687622
7608,20.778475284576416
7609,31.47332239151001
7610,20.55303192138672
7611,34.94470691680908
7612,20.70312261581421
7613,20.99128818511963
7614,20.443095445632935
7615,11.861091375350952
7616,12.37921690940857
7617,30.569689750671387
7618,37.26576280593872
7619,35.10180902481079
7620,20.862582206726074
7621,12.79370379447937
7622,34.71515369415283
7623,20.221580505371094
7624,20.9930100440979
7625,20.907682418823242
7626,38.688560962677
7627,12.04101848602295
7628,11.969533443450928
7629,20.748863697052002
7630,11.789438486099243
7631,32.197288036346436
7632,26.394128799438477
7633,21.583606719970703
7634,20.66420888900757
7635,32.350892066955566
7636,11.986923217773438
7637,33.11416959762573
7638,35.93052911758423
7639,19.200194597244263
7640,33.83981657028198
7641,26.572295665740967
7642,19.75225019454956
7643,40.185962200164795
7644,24.894038200378418
7645,20.912442684173584
7646,12.640750169754028
7647,29.664796829223633
7648,35.682918548583984
7649,35.93307447433472
7650,40.147496700286865
7651,26.9408278465271
7652,11.929383277893066
7653,12.33023715019226
7654,51.19718074798584
7655,31.689330101013184
7656,36.06150436401367
7657,11.878675937652588
7658,35.184804916381836
7659,25.905001163482666
7660,37.466628074645996
7661,20.88298225402832
7662,21.005170345306396
7663,26.092020988464355
7664,27.287258625030518
7665,30.938589572906494
7666,19.58233141899109
7667,17.99835467338562
7668,25.796125411987305
7669,20.66708755493164
7670,25.07356023788452
7671,22.12226629257202
7672,41.191226959228516
7673,27.14210271835327
7674,11.67777419090271
7675,12.312074184417725
7676,32.66136837005615
7677,20.182528972625732
7678,24.931902408599854
7679,26.829521656036377
7680,12.834532022476196
7681,12.003235816955566
7682,32.43564224243164
7683,52.22909069061279
7684,21.155649662017822
7685,44.86645030975342
7686,33.95652961730957
7687,11.517923593521118
7688,18.27833867073059
7689,20.24285054206848
7690,21.905333995819092
7691,20.529988288879395
7692,21.37025785446167
7693,20.705188751220703
7694,21.012897491455078
7695,20.38285517692566
7696,11.921199798583984
7697,21.007948398590088
7698,20.87541913986206
7699,52.84453773498535
7700,12.320080757141113
7701,21.04847526550293
7702,12.550456523895264
7703,41.61385726928711
7704,48.287418365478516
7705,12.485450983047485
7706,13.068530797958374
7707,12.4815034866333
7708,31.285401344299316
7709,11.913517951965332
7710,19.31521224975586
7711,36.61351728439331
7712,30.65726947784424
7713,20.798959732055664
7714,41.154133796691895
7715,12.045425176620483
7716,20.662514209747314
7717,42.91386890411377
7718,37.128450870513916
7719,26.41854190826416
7720,12.47472620010376
7721,11.982615232467651
7722,31.885109901428223
7723,21.339078903198242
7724,20.63575315475464
7725,51.013182640075684
7726,11.651806831359863
7727,20.624080657958984
7728,35.1822509765625
7729,12.434811353683472
7730,21.581026554107666
7731,32.46175575256348
7732,26.906192779541016
7733,34.62446355819702
7734,26.291694164276123
7735,31.646120071411133
7736,35.674678802490234
7737,20.557250022888184
7738,26.221278190612793
7739,12.39998483657837
7740,64.60326099395752
7741,48.520891189575195
7742,34.596062660217285
7743,27.262435913085938
7744,12.713677406311035
7745,35.79363441467285
7746,11.654812097549438
7747,11.850009441375732
7748,12.5616614818573
7749,21.181670665740967
7750,25.763763427734375
7751,25.775548458099365
7752,26.659502506256104
7753,12.644554615020752
7754,50.60188007354736
7755,52.153419494628906
7756,21.1314697265625
7757,37.80833864212036
7758,25.563397884368896
7759,26.425293445587158
7760,12.591956615447998
7761,26.243220806121826
7762,12.369340658187866
7763,11.89269495010376
7764,12.543352127075195
7765,20.402156352996826
7766,12.67104172706604
7767,12.929439783096313
7768,26.70064926147461
7769,33.767239570617676
7770,52.562729835510254
7771,36.38706922531128
7772,11.916797637939453
7773,21.435933589935303
7774,12.346255540847778
7775,31.079283237457275
7776,26.201287746429443
7777,54.93898677825928
7778,59.012938499450684
7779,12.648343563079834
7780,35.46797704696655
7781,11.824453830718994
7782,12.00507378578186
7783,39.910094261169434
7784,39.096940994262695
7785,31.590988636016846
7786,12.030943393707275
7787,20.38482141494751
7788,12.909093141555786
7789,18.65076756477356
7790,12.699593782424927
7791,12.51095700263977
7792,26.19290018081665
7793,26.30676031112671
7794,66.3828935623169
7795,79.67503833770752
7796,40.704816818237305
7797,21.541770935058594
7798,26.841302394866943
7799,21.20955467224121
7800,12.478944063186646
7801,26.376392364501953
7802,26.11800241470337
7803,24.832139015197754
7804,20.246222972869873
7805,21.353519916534424
7806,33.78743028640747
7807,20.62272310256958
7808,47.448509216308594
7809,21.0271635055542
7810,12.291145086288452
7811,12.3142249584198
7812,31.3935227394104
7813,25.743560314178467
7814,12.603376150131226
7815,12.506633043289185
7816,12.32118558883667
7817,12.370249032974243
7818,12.177009582519531
7819,32.39215326309204
7820,35.57533502578735
7821,12.274113178253174
7822,12.208236455917358
7823,12.369340658187866
7824,27.203888416290283
7825,67.55091953277588
7826,52.45473861694336
7827,20.809746742248535
7828,22.085736751556396
7829,20.337586402893066
7830,20.322072505950928
7831,26.031057834625244
7832,11.77845287322998
7833,19.976383447647095
7834,26.013482570648193
7835,18.746593713760376
7836,32.472920417785645
7837,20.474270820617676
7838,20.42891836166382
7839,42.568599700927734
7840,20.825439929962158
7841,20.12145972251892
7842,49.2333869934082
7843,22.008851528167725
7844,38.64106273651123
7845,37.908562660217285
7846,21.818535327911377
7847,50.29799461364746
7848,12.306374073028564
7849,25.20793867111206
7850,25.787741661071777
7851,21.458920001983643
7852,32.17837190628052
7853,20.170933485031128
7854,21.015103816986084
7855,21.011909008026123
7856,25.298020362854004
7857,23.305757522583008
7858,67.91203308105469
7859,20.822251796722412
7860,11.887001752853394
7861,20.12666940689087
7862,27.183555603027344
7863,20.74601936340332
7864,37.46134042739868
7865,32.036344051361084
7866,31.346869945526123
7867,26.632885932922363
7868,39.87047529220581
7869,12.864270448684692
7870,20.15212655067444
7871,49.079532623291016
7872,12.468589544296265
7873,32.2570161819458
7874,37.43769407272339
7875,48.89708232879639
7876,12.712355136871338
7877,30.279653549194336
7878,11.627576351165771
7879,20.948523998260498
7880,31.557923793792725
7881,40.22189235687256
7882,25.95457363128662
7883,21.17008352279663
7884,31.882914543151855
7885,36.09141254425049
7886,11.892003059387207
7887,40.05661153793335
7888,41.94643974304199
7889,11.515393018722534
7890,24.46554708480835
7891,21.995893001556396
7892,22.11637258529663
7893,25.553199768066406
7894,52.192108154296875
7895,20.605044841766357
7896,31.402234077453613
7897,12.455121040344238
7898,12.596579313278198
7899,20.57144260406494
7900,11.809639930725098
7901,20.779768466949463
7902,11.70262622833252
7903,19.169925451278687
7904,20.898160934448242
7905,19.55497717857361
7906,38.78956365585327
7907,12.184360265731812
7908,12.692822933197021
7909,21.434401988983154
7910,37.52283573150635
7911,19.329659700393677
7912,20.797394275665283
7913,26.884504318237305
7914,25.823433876037598
7915,34.14479684829712
7916,49.873056411743164
7917,20.193394899368286
7918,37.322060108184814
7919,52.62014865875244
7920,37.15263748168945
7921,11.813882827758789
7922,31.345576286315918
7923,21.857579231262207
7924,20.113381385803223
7925,12.166673421859741
7926,26.236652851104736
7927,25.689186573028564
7928,43.76420497894287
7929,11.687586069107056
7930,31.39886713027954
7931,67.8328857421875
7932,20.553924083709717
7933,11.182088851928711
7934,20.161678075790405
7935,12.221543312072754
7936,21.40492820739746
7937,20.605807781219482
7938,22.17947006225586
7939,26.412434101104736
7940,20.622573375701904
7941,21.383690357208252
7942,21.199952125549316
7943,39.365089416503906
7944,31.50965404510498
7945,12.144043684005737
7946,12.002183198928833
7947,31.89207935333252
7948,12.313974857330322
7949,52.6805419921875
7950,25.803235054016113
7951,48.09393119812012
7952,34.31938648223877
7953,39.771631717681885
7954,21.644068717956543
7955,47.63847827911377
7956,19.977104663848877
7957,50.448862075805664
7958,12.172670602798462
7959,44.22244834899902
7960,36.40769100189209
7961,12.230106115341187
7962,26.362114429473877
7963,54.50404167175293
7964,35.23151254653931
7965,26.028286457061768
7966,25.74643039703369
7967,11.442918300628662
7968,45.08126640319824
7969,34.296303272247314
7970,49.27785110473633
7971,11.806932926177979
7972,12.862096309661865
7973,40.736411571502686
7974,12.097251892089844
7975,26.07715368270874
7976,38.59287691116333
7977,34.1780686378479
7978,31.186766147613525
7979,31.595386505126953
7980,11.697463274002075
7981,19.812934160232544
7982,21.07213306427002
7983,25.306994438171387
7984,26.9100604057312
7985,49.17020511627197
7986,52.35142993927002
7987,25.669487476348877
7988,31.76744031906128
7989,52.97666645050049
7990,12.563709735870361
7991,32.233447551727295
7992,41.70188236236572
7993,11.994761228561401
7994,32.076979637145996
7995,32.39723205566406
7996,12.196204900741577
7997,20.59755849838257
7998,12.803327322006226
7999,20.183576583862305
8000,26.633207321166992
8001,21.098938941955566
8002,26.136128902435303
8003,47.50920104980469
8004,11.940816640853882
8005,30.92051601409912
8006,25.8413724899292
8007,25.495795726776123
8008,21.057482719421387
8009,37.96757650375366
8010,21.427875518798828
8011,32.12156581878662
8012,12.496509313583374
8013,35.692859172821045
8014,16.42018961906433
8015,11.873374938964844
8016,21.616824626922607
8017,25.228211879730225
8018,12.244643211364746
8019,12.307416677474976
8020,12.822256326675415
8021,21.080702781677246
8022,50.83808994293213
8023,17.882059574127197
8024,21.65796184539795
8025,12.107930898666382
8026,20.821120023727417
8027,12.388735294342041
8028,12.333962202072144
8029,35.47860288619995
8030,71.54512596130371
8031,20.966575622558594
8032,38.12354755401611
8033,35.40858602523804
8034,30.35068416595459
8035,13.332089185714722
8036,35.1478328704834
8037,20.43770718574524
8038,25.19242238998413
8039,40.018370628356934
8040,30.271844387054443
8041,12.832553386688232
8042,12.084014654159546
8043,40.500535011291504
8044,20.094990253448486
8045,37.95772314071655
8046,26.567359924316406
8047,21.03780508041382
8048,35.7330641746521
8049,20.524837017059326
8050,69.37319469451904
8051,27.537097454071045
8052,21.021360874176025
8053,12.610082864761353
8054,20.6889910697937
8055,20.52847909927368
8056,44.540146827697754
8057,31.00269889831543
8058,32.9937686920166
8059,25.625253677368164
8060,50.263925552368164
8061,21.315531730651855
8062,30.630172729492188
8063,12.231162309646606
8064,12.382025957107544
8065,21.132152557373047
8066,26.963656425476074
8067,20.462048053741455
8068,26.107458114624023
8069,50.72498035430908
8070,54.86734104156494
8071,11.749058961868286
8072,66.6908950805664
8073,19.152207374572754
8074,12.751374244689941
8075,12.91935396194458
8076,41.982696533203125
8077,32.38620185852051
8078,12.191871881484985
8079,20.455216646194458
8080,36.15307903289795
8081,47.186015129089355
8082,27.168381690979004
8083,20.599185466766357
8084,12.415225744247437
8085,25.465816497802734
8086,26.91429567337036
8087,25.489397525787354
8088,73.59388065338135
8089,32.01248264312744
8090,35.83906126022339
8091,21.599717617034912
8092,21.39959478378296
8093,12.0131995677948
8094,20.298069953918457
8095,32.54506874084473
8096,40.837693214416504
8097,26.0361590385437
8098,31.123127937316895
8099,20.98006820678711
8100,20.451456308364868
8101,12.603583812713623
8102,20.97042751312256
8103,26.05127477645874
8104,12.660261869430542
8105,31.796310901641846
8106,20.522239685058594
8107,21.52733612060547
8108,42.279518127441406
8109,26.110374927520752
8110,26.68666410446167
8111,26.798763751983643
8112,21.177266597747803
8113,18.23188853263855
8114,12.102541446685791
8115,20.600829601287842
8116,12.787566900253296
8117,39.83146286010742
8118,20.71624755859375
8119,21.044203281402588
8120,48.47715187072754
8121,36.0067982673645
8122,11.698829650878906
8123,20.691478729248047
8124,20.907968521118164
8125,35.068888664245605
8126,40.27021360397339
8127,26.22157335281372
8128,40.84458255767822
8129,12.328487157821655
8130,11.982877016067505
8131,11.585103273391724
8132,20.448792934417725
8133,12.482510328292847
8134,49.736273765563965
8135,25.404438018798828
8136,20.936039447784424
8137,26.39829444885254
8138,20.671319007873535
8139,12.82088589668274
8140,25.695460319519043
8141,11.83979344367981
8142,20.9309663772583
8143,11.979019403457642
8144,25.205633640289307
8145,20.689699172973633
8146,40.26650285720825
8147,35.5980019569397
8148,51.70278263092041
8149,26.90581178665161
8150,42.87378454208374
8151,26.00698184967041
8152,41.80933094024658
8153,33.824889183044434
8154,25.44758701324463
8155,48.97644901275635
8156,31.661662101745605
8157,19.8841712474823
8158,31.078918933868408
8159,35.40144968032837
8160,37.20959520339966
8161,21.22148561477661
8162,52.1616325378418
8163,25.757032871246338
8164,12.471884489059448
8165,25.89963150024414
8166,35.715670108795166
8167,26.570866584777832
8168,25.30634307861328
8169,12.211806058883667
8170,12.018129825592041
8171,40.796263217926025
8172,31.87034797668457
8173,12.650183916091919
8174,25.16035556793213
8175,35.07623338699341
8176,20.7830810546875
8177,36.20023488998413
8178,11.507831573486328
8179,12.84807300567627
8180,35.56017303466797
8181,12.48647165298462
8182,35.67066287994385
8183,31.714762210845947
8184,25.65860652923584
8185,25.606478691101074
8186,20.733209133148193
8187,32.22631502151489
8188,21.104398727416992
8189,48.92830276489258
8190,21.401960372924805
8191,34.98888540267944
8192,21.341728687286377
8193,39.993825912475586
8194,12.338347911834717
8195,26.359623908996582
8196,26.375864028930664
8197,11.951773643493652
8198,32.339585304260254
8199,11.702741622924805
8200,26.139546394348145
8201,12.745165824890137
8202,32.352606773376465
8203,12.654130220413208
8204,25.76903533935547
8205,22.749410152435303
8206,46.20200443267822
8207,20.39760732650757
8208,24.917465686798096
8209,48.91657543182373
8210,32.844749450683594
8211,12.473179578781128
8212,21.09362268447876
8213,30.366084575653076
8214,31.063915252685547
8215,26.30454158782959
8216,25.028480052947998
8217,12.412693977355957
8218,12.331499576568604
8219,35.21469163894653
8220,26.49569320678711
8221,34.488882541656494
8222,30.555705070495605
8223,47.98359298706055
8224,26.478004932403564
8225,31.466684341430664
8226,34.917513370513916
8227,21.11932897567749
8228,20.49860715866089
8229,20.882930278778076
8230,20.818339824676514
8231,20.917278289794922
8232,25.89790678024292
8233,48.68610382080078
8234,30.535725593566895
8235,30.99841594696045
8236,20.959927558898926
8237,41.89135265350342
8238,12.25166368484497
8239,20.54666233062744
8240,37.27374267578125
8241,22.070719718933105
8242,30.530158519744873
8243,12.605241060256958
8244,12.746439456939697
8245,21.444666862487793
8246,12.656434297561646
8247,31.699642181396484
8248,26.185492515563965
8249,25.373889923095703
8250,20.678868770599365
8251,46.24771022796631
8252,36.89556694030762
8253,34.53738880157471
8254,26.763465881347656
8255,20.68342924118042
8256,25.575190544128418
8257,11.612883806228638
8258,12.26980447769165
8259,26.90975570678711
8260,20.696372985839844
8261,27.22378969192505
8262,32.844990730285645
8263,13.671623468399048
8264,39.989506244659424
8265,35.56148433685303
8266,19.986462593078613
8267,50.76752948760986
8268,48.76243019104004
8269,51.05509376525879
8270,38.18308877944946
8271,12.223271131515503
8272,12.29503083229065
8273,26.95063018798828
8274,12.485999345779419
8275,20.638123989105225
8276,42.64484119415283
8277,21.02152919769287
8278,25.857584953308105
8279,27.670779705047607
8280,43.09770488739014
8281,31.144773960113525
8282,18.24015235900879
8283,12.816515684127808
8284,50.46666717529297
8285,20.830430030822754
8286,18.128327131271362
8287,31.5306134223938
8288,11.839918613433838
8289,25.91435432434082
8290,14.129435777664185
8291,26.168346881866455
8292,21.852426052093506
8293,26.318490505218506
8294,12.456704378128052
8295,33.71459245681763
8296,20.673664093017578
8297,11.975731372833252
8298,20.799959659576416
8299,11.899991512298584
8300,12.252723217010498
8301,12.211127996444702
8302,11.871575832366943
8303,20.87352180480957
8304,37.96221303939819
8305,21.85609006881714
8306,47.82333278656006
8307,21.30483388900757
8308,26.261250495910645
8309,27.757288455963135
8310,32.43975114822388
8311,25.515901565551758
8312,20.657621383666992
8313,20.79249143600464
8314,32.23709774017334
8315,25.905593872070312
8316,35.294819831848145
8317,21.026168823242188
8318,31.862707138061523
8319,12.38043475151062
8320,20.42718744277954
8321,12.47664475440979
8322,26.173022747039795
8323,20.83948040008545
8324,25.896647930145264
8325,24.868647575378418
8326,25.84176778793335
8327,20.33702778816223
8328,12.10883641242981
8329,26.1315336227417
8330,12.355551958084106
8331,21.666000843048096
8332,20.40582275390625
8333,12.238621950149536
8334,45.96292781829834
8335,42.686705589294434
8336,11.745910406112671
8337,12.03585171699524
8338,32.074219703674316
8339,26.3431339263916
8340,41.019752502441406
8341,26.800283908843994
8342,20.554965496063232
8343,30.881669998168945
8344,36.420105934143066
8345,20.76665687561035
8346,25.628857612609863
8347,20.145000457763672
8348,12.271913766860962
8349,21.4399995803833
8350,25.14341402053833
8351,21.716567516326904
8352,34.43838167190552
8353,12.394428968429565
8354,42.11159610748291
8355,26.228353023529053
8356,32.55029582977295
8357,12.696190118789673
8358,55.42922782897949
8359,12.427294969558716
8360,32.382976055145264
8361,35.01979160308838
8362,34.523695945739746
8363,12.352483034133911
8364,11.665964603424072
8365,21.281157970428467
8366,31.593433380126953
8367,12.535264492034912
8368,25.684310913085938
8369,26.318923950195312
8370,46.92991065979004
8371,30.492167472839355
8372,31.580005645751953
8373,48.40274620056152
8374,31.700270652770996
8375,27.07640504837036
8376,26.3708815574646
8377,25.88497495651245
8378,20.77273416519165
8379,11.933554649353027
8380,40.703569412231445
8381,35.82258701324463
8382,34.97542095184326
8383,27.165586471557617
8384,12.503371715545654
8385,20.143554210662842
8386,57.742103576660156
8387,37.81478309631348
8388,33.7849497795105
8389,45.01192665100098
8390,20.612191200256348
8391,12.698648452758789
8392,22.583863258361816
8393,50.00969219207764
8394,32.80991983413696
8395,34.656829833984375
8396,26.35752248764038
8397,20.9769344329834
8398,25.854742527008057
8399,25.81134033203125
8400,25.18680429458618
8401,30.004913806915283
8402,26.116453170776367
8403,37.05831861495972
8404,25.952847003936768
8405,21.661367416381836
8406,20.472046375274658
8407,18.431182861328125
8408,12.51434326171875
8409,21.341172695159912
8410,11.27558445930481
8411,36.067307472229004
8412,11.90998125076294
8413,36.73939609527588
8414,50.036126136779785
8415,25.310651302337646
8416,27.57343626022339
8417,38.86869430541992
8418,25.982457160949707
8419,12.046734809875488
8420,37.13839244842529
8421,47.454365730285645
8422,25.449522495269775
8423,20.897598266601562
8424,30.417738914489746
8425,12.076661348342896
8426,20.86726140975952
8427,12.036490201950073
8428,22.395642280578613
8429,12.491020441055298
8430,20.338416576385498
8431,12.57111668586731
8432,36.13741064071655
8433,20.777921199798584
8434,11.823764324188232
8435,56.33548355102539
8436,35.91834354400635
8437,35.50221633911133
8438,33.08182668685913
8439,35.342487812042236
8440,31.843580722808838
8441,21.5588436126709
8442,20.99882411956787
8443,20.56932258605957
8444,12.06766963005066
8445,12.013456344604492
8446,20.565889358520508
8447,64.35302543640137
8448,44.857802391052246
8449,27.552364349365234
8450,26.117748260498047
8451,49.68302536010742
8452,45.56829071044922
8453,18.805099487304688
8454,31.76032304763794
8455,26.548680782318115
8456,40.36856555938721
8457,36.86708688735962
8458,31.929032802581787
8459,25.608341217041016
8460,31.94953489303589
8461,45.43723011016846
8462,12.57552433013916
8463,12.401277780532837
8464,12.29140567779541
8465,40.43091440200806
8466,31.800918579101562
8467,12.569424867630005
8468,31.95418691635132
8469,20.88572120666504
8470,24.866321563720703
8471,11.18447732925415
8472,20.40834140777588
8473,26.432527542114258
8474,26.352559566497803
8475,31.801543712615967
8476,26.047306537628174
8477,19.883709192276
8478,12.020374298095703
8479,12.038904428482056
8480,39.674532413482666
8481,25.325005531311035
8482,21.084686756134033
8483,12.215157747268677
8484,11.63802170753479
8485,32.891560077667236
8486,12.298275470733643
8487,51.51151943206787
8488,19.930984258651733
8489,26.309834480285645
8490,12.22855281829834
8491,13.25049090385437
8492,25.076398849487305
8493,21.39697265625
8494,11.452535390853882
8495,21.33472490310669
8496,21.726598739624023
8497,40.14528226852417
8498,20.73545551300049
8499,42.5233211517334
8500,20.43234920501709
8501,13.189367771148682
8502,11.755777835845947
8503,50.37894916534424
8504,36.08105754852295
8505,24.817735195159912
8506,19.461135387420654
8507,12.599053144454956
8508,19.916249990463257
8509,35.76041030883789
8510,20.843145847320557
8511,12.604437589645386
8512,26.083650588989258
8513,12.095722913742065
8514,33.976266860961914
8515,20.855201721191406
8516,34.56619644165039
8517,37.17119884490967
8518,39.990464210510254
8519,47.19676494598389
8520,40.73169660568237
8521,11.793488025665283
8522,21.19771432876587
8523,12.563846111297607
8524,36.23948049545288
8525,36.40735721588135
8526,26.598027229309082
8527,43.90506839752197
8528,25.701833248138428
8529,20.928744316101074
8530,20.52242112159729
8531,12.383464097976685
8532,12.76171875
8533,30.992436408996582
8534,19.07694172859192
8535,26.34080743789673
8536,12.249625444412231
8537,40.2286171913147
8538,41.978644371032715
8539,21.10893154144287
8540,25.02093267440796
8541,35.18971252441406
8542,39.34168338775635
8543,12.686965942382812
8544,52.789756774902344
8545,31.45329761505127
8546,23.682137966156006
8547,20.692036151885986
8548,13.153460025787354
8549,20.622560024261475
8550,25.380083560943604
8551,20.735010623931885
8552,21.56628179550171
8553,22.38372039794922
8554,26.233322143554688
8555,40.084089279174805
8556,12.230847597122192
8557,12.624918699264526
8558,35.32928943634033
8559,21.096249103546143
8560,19.910682916641235
8561,11.830217361450195
8562,21.065940856933594
8563,26.617034912109375
8564,13.096555709838867
8565,38.324400901794434
8566,32.64347839355469
8567,20.682777881622314
8568,21.31630849838257
8569,12.596705436706543
8570,20.191413402557373
8571,20.754390239715576
8572,34.48541498184204
8573,11.962629318237305
8574,20.66228175163269
8575,12.324400663375854
8576,32.64024114608765
8577,25.86232614517212
8578,20.607343196868896
8579,32.31633520126343
8580,20.589189052581787
8581,19.622979640960693
8582,21.036961555480957
8583,20.138233184814453
8584,12.451537847518921
8585,26.282306671142578
8586,11.772673845291138
8587,43.9842414855957
8588,12.175076484680176
8589,32.37198781967163
8590,26.840331554412842
8591,11.499650001525879
8592,20.038771152496338
8593,30.716167449951172
8594,12.158967971801758
8595,12.3291175365448
8596,42.49308204650879
8597,11.791100263595581
8598,24.89468240737915
8599,11.52333402633667
8600,12.18706464767456
8601,26.223865509033203
8602,33.5622673034668
8603,21.178369522094727
8604,31.938176155090332
8605,49.91591835021973
8606,44.337942123413086
8607,25.62915325164795
8608,19.520432472229004
8609,20.6219482421875
8610,11.793737173080444
8611,18.30856490135193
8612,20.22490406036377
8613,32.34049081802368
8614,21.47588586807251
8615,21.49765920639038
8616,11.79793643951416
8617,31.82151508331299
8618,37.827953815460205
8619,31.42016077041626
8620,26.283349990844727
8621,25.14470863342285
8622,20.551679134368896
8623,21.269290924072266
8624,18.98448133468628
8625,37.34050941467285
8626,37.3896164894104
8627,41.2590389251709
8628,31.260754108428955
8629,26.85550832748413
8630,21.379976749420166
8631,20.433542728424072
8632,48.64744186401367
8633,35.47920846939087
8634,40.35494899749756
8635,25.28083086013794
8636,19.418477058410645
8637,32.0147123336792
8638,21.237614631652832
8639,33.92036819458008
8640,26.263468742370605
8641,11.515459775924683
8642,12.19331169128418
8643,11.905531406402588
8644,20.50187087059021
8645,35.78179693222046
8646,35.25481700897217
8647,20.535561084747314
8648,25.98188877105713
8649,36.978806018829346
8650,11.689107418060303
8651,11.964884996414185
8652,26.10749053955078
8653,22.004485607147217
8654,26.5075945854187
8655,12.099808692932129
8656,27.066046714782715
8657,20.75388240814209
8658,12.56496548652649
8659,12.715751647949219
8660,31.87502431869507
8661,20.894691467285156
8662,58.80404472351074
8663,21.427083015441895
8664,60.90275859832764
8665,35.015329360961914
8666,32.204707622528076
8667,25.266111850738525
8668,12.556047201156616
8669,12.101335763931274
8670,11.892942905426025
8671,19.772736072540283
8672,21.582905292510986
8673,25.983798503875732
8674,12.463527917861938
8675,42.17677116394043
8676,33.310649394989014
8677,21.26412343978882
8678,20.61160898208618
8679,21.676859378814697
8680,45.5115442276001
8681,12.879372358322144
8682,21.94004774093628
8683,20.517558813095093
8684,21.068673610687256
8685,19.50259757041931
8686,12.499937772750854
8687,26.937561988830566
8688,20.585956573486328
8689,11.69261884689331
8690,40.417399883270264
8691,12.196905374526978
8692,21.15753746032715
8693,25.413111686706543
8694,11.840324401855469
8695,45.49789905548096
8696,26.515503406524658
8697,21.11151885986328
8698,11.264995813369751
8699,12.699600458145142
8700,12.366851091384888
8701,21.549051761627197
8702,20.765555381774902
8703,30.59113121032715
8704,26.303332328796387
8705,41.86764717102051
8706,34.97172689437866
8707,49.933746337890625
8708,11.247210264205933
8709,31.57618284225464
8710,24.974589347839355
8711,21.98770809173584
8712,20.90155029296875
8713,21.239651203155518
8714,50.60353374481201
8715,11.914770603179932
8716,32.202518463134766
8717,11.449865818023682
8718,12.42062258720398
8719,11.71996545791626
8720,26.50000238418579
8721,20.526351928710938
8722,34.28139925003052
8723,32.18327856063843
8724,20.602458953857422
8725,27.031883239746094
8726,13.490339279174805
8727,20.71915102005005
8728,34.91515254974365
8729,41.28511047363281
8730,32.03569412231445
8731,48.626970291137695
8732,20.781294345855713
8733,20.510159492492676
8734,26.302842140197754
8735,20.71051549911499
8736,20.773170948028564
8737,12.482932090759277
8738,29.45569372177124
8739,21.663583755493164
8740,20.35336971282959
8741,27.203797817230225
8742,40.442944049835205
8743,20.8736515045166
8744,11.646703720092773
8745,35.567062854766846
8746,26.59402894973755
8747,32.10940647125244
8748,32.284486293792725
8749,20.810976028442383
8750,20.969178676605225
8751,26.186432361602783
8752,12.321687698364258
8753,21.378116607666016
8754,21.13425636291504
8755,12.5808744430542
8756,49.97585582733154
8757,12.176462411880493
8758,38.08187246322632
8759,21.655940055847168
8760,11.171165704727173
8761,12.276854753494263
8762,33.61114978790283
8763,31.95002031326294
8764,14.65981388092041
8765,19.97199535369873
8766,40.7260947227478
8767,37.08561372756958
8768,32.2730712890625
8769,12.601684331893921
8770,40.31772994995117
8771,49.743019104003906
8772,12.056725978851318
8773,12.248359680175781
8774,12.116688013076782
8775,38.80088138580322
8776,20.383116722106934
8777,21.616243839263916
8778,12.367785692214966
8779,19.61567187309265
8780,21.433660984039307
8781,54.437177658081055
8782,11.86037826538086
8783,48.08674144744873
8784,20.823575973510742
8785,20.802961349487305
8786,31.45770263671875
8787,41.017136573791504
8788,46.610618591308594
8789,12.195845127105713
8790,20.52254295349121
8791,11.832782983779907
8792,12.713361263275146
8793,38.97630834579468
8794,20.71162462234497
8795,31.018489837646484
8796,47.3406867980957
8797,11.689433813095093
8798,20.066097021102905
8799,20.917296886444092
8800,31.08919620513916
8801,11.676892757415771
8802,27.374477863311768
8803,39.764283657073975
8804,36.877426624298096
8805,32.70054578781128
8806,21.930943965911865
8807,33.55444288253784
8808,13.409102439880371
8809,20.349010467529297
8810,20.792622566223145
8811,20.306730270385742
8812,12.43674635887146
8813,37.5067572593689
8814,12.625652074813843
8815,11.772977352142334
8816,47.32228088378906
8817,21.91869354248047
8818,12.29665470123291
8819,21.11054754257202
8820,43.71738147735596
8821,50.868927001953125
8822,19.767952919006348
8823,12.363096952438354
8824,26.402478218078613
8825,27.674518585205078
8826,30.285168647766113
8827,34.508699893951416
8828,21.1656813621521
8829,11.840523719787598
8830,33.9330792427063
8831,43.97590351104736
8832,51.086727142333984
8833,32.28386306762695
8834,42.980929374694824
8835,22.286276817321777
8836,33.19813251495361
8837,21.515620231628418
8838,12.116915702819824
8839,31.521011352539062
8840,19.024813652038574
8841,12.88685941696167
8842,20.06902527809143
8843,27.473138332366943
8844,20.71506118774414
8845,25.426084995269775
8846,35.18108654022217
8847,12.680736780166626
8848,42.287200927734375
8849,20.003945350646973
8850,36.554330348968506
8851,20.84934425354004
8852,12.579512596130371
8853,41.4768648147583
8854,21.194286823272705
8855,21.55292272567749
8856,20.914172649383545
8857,36.347742557525635
8858,51.36690711975098
8859,12.403395652770996
8860,27.237502574920654
8861,11.858704090118408
8862,38.55290365219116
8863,21.66470956802368
8864,11.672077417373657
8865,22.210572719573975
8866,11.887324810028076
8867,11.625129699707031
8868,67.02361583709717
8869,20.927963256835938
8870,12.093287467956543
8871,44.22388553619385
8872,35.44539022445679
8873,12.218957424163818
8874,12.727952480316162
8875,30.697794437408447
8876,31.342966079711914
8877,12.520548105239868
8878,26.668357372283936
8879,27.178943157196045
8880,37.808838844299316
8881,44.21862030029297
8882,20.927960872650146
8883,30.84104871749878
8884,11.765640020370483
8885,35.18434476852417
8886,13.466588497161865
8887,33.196489334106445
8888,26.997620582580566
8889,26.407804012298584
8890,49.687744140625
8891,48.835336685180664
8892,33.79006862640381
8893,47.2173376083374
8894,50.253085136413574
8895,20.777806282043457
8896,12.153477191925049
8897,32.46468687057495
8898,21.178115367889404
8899,35.500635623931885
8900,21.019628047943115
8901,21.264896869659424
8902,35.37683057785034
8903,24.931161880493164
8904,46.155954360961914
8905,21.087904930114746
8906,19.837350368499756
8907,34.79885816574097
8908,22.690643787384033
8909,45.611443519592285
8910,21.46756649017334
8911,60.76723003387451
8912,45.065311431884766
8913,49.277652740478516
8914,12.468069076538086
8915,42.154096603393555
8916,32.96240568161011
8917,25.330683708190918
8918,38.55798101425171
8919,12.536479711532593
8920,37.31719779968262
8921,20.995244026184082
8922,43.63747024536133
8923,32.75309419631958
8924,32.2420768737793
8925,19.59521794319153
8926,12.13530421257019
8927,11.725254535675049
8928,21.114559173583984
8929,12.209606885910034
8930,31.650893688201904
8931,21.904598712921143
8932,16.56107211112976
8933,25.38201141357422
8934,33.29409837722778
8935,20.671741008758545
8936,12.477093696594238
8937,25.394598484039307
8938,40.84541988372803
8939,11.754809617996216
8940,13.19974398612976
8941,21.472033977508545
8942,11.916730642318726
8943,31.54542303085327
8944,25.88172960281372
8945,28.08318042755127
8946,12.530627012252808
8947,20.610579013824463
8948,13.537522315979004
8949,20.563122272491455
8950,20.62635850906372
8951,20.425374507904053
8952,31.03647804260254
8953,22.226272583007812
8954,21.718295097351074
8955,30.31503391265869
8956,20.644413471221924
8957,11.714377641677856
8958,20.203122854232788
8959,21.094021797180176
8960,20.78481388092041
8961,12.093127727508545
8962,20.32947874069214
8963,43.32850456237793
8964,20.57847261428833
8965,20.597405910491943
8966,40.96828079223633
8967,12.527318239212036
8968,26.0297794342041
8969,13.06812834739685
8970,21.681838512420654
8971,25.91435480117798
8972,11.12663722038269
8973,20.82715654373169
8974,11.791621685028076
8975,12.415904998779297
8976,12.490224838256836
8977,11.882288694381714
8978,37.48398733139038
8979,21.46574306488037
8980,13.082399606704712
8981,31.88753652572632
8982,49.51131534576416
8983,20.55774736404419
8984,30.569129467010498
8985,25.121849536895752
8986,19.749829292297363
8987,20.67543077468872
8988,30.80514430999756
8989,32.2015061378479
8990,39.7986626625061
8991,12.692882776260376
8992,34.9719443321228
8993,12.268595218658447
8994,12.390594959259033
8995,26.40871524810791
8996,12.609364986419678
8997,12.47912883758545
8998,33.724449157714844
8999,31.827134132385254
9000,26.768068313598633
9001,20.12378692626953
9002,32.28392171859741
9003,12.338972806930542
9004,21.84856367111206
9005,25.562228202819824
9006,21.186305046081543
9007,37.82645606994629
9008,20.423230171203613
9009,12.467325925827026
9010,32.18944215774536
9011,26.044215202331543
9012,32.57973289489746
9013,26.52001953125
9014,11.156652927398682
9015,21.133983612060547
9016,20.349727153778076
9017,20.41670823097229
9018,13.206568241119385
9019,12.795495986938477
9020,36.807273387908936
9021,40.97805881500244
9022,44.105045318603516
9023,46.58349609375
9024,21.537580013275146
9025,26.073562145233154
9026,34.373629570007324
9027,43.236544609069824
9028,45.75094032287598
9029,31.50282573699951
9030,11.845335483551025
9031,29.37951898574829
9032,42.006253242492676
9033,20.36713743209839
9034,37.506839752197266
9035,19.814939975738525
9036,21.468236923217773
9037,31.049686431884766
9038,26.331603527069092
9039,11.864729404449463
9040,32.256006717681885
9041,21.07802963256836
9042,35.56628894805908
9043,27.92975664138794
9044,65.66488075256348
9045,30.781428813934326
9046,39.22027921676636
9047,20.874305725097656
9048,20.79865837097168
9049,34.02098846435547
9050,50.7366943359375
9051,31.928341388702393
9052,43.60010623931885
9053,11.891161680221558
9054,31.88628053665161
9055,41.36971092224121
9056,33.650179862976074
9057,30.910905361175537
9058,21.232001781463623
9059,11.575313091278076
9060,20.449108123779297
9061,20.986974716186523
9062,13.1122407913208
9063,20.476571083068848
9064,41.907198905944824
9065,24.073391437530518
9066,34.89137506484985
9067,25.729538917541504
9068,12.462598085403442
9069,45.433979988098145
9070,19.835062265396118
9071,48.52454090118408
9072,27.857852458953857
9073,31.04907989501953
9074,20.97336769104004
9075,21.117184162139893
9076,21.237518310546875
9077,34.38971519470215
9078,11.940728425979614
9079,35.815377712249756
9080,25.973440170288086
9081,12.367323160171509
9082,20.66390371322632
9083,11.535699844360352
9084,12.385706424713135
9085,20.261098861694336
9086,49.29344940185547
9087,21.529035091400146
9088,25.841174125671387
9089,20.19344711303711
9090,31.86537742614746
9091,35.30642032623291
9092,31.45321750640869
9093,12.370093584060669
9094,19.454237699508667
9095,26.123685359954834
9096,31.377222061157227
9097,25.955052852630615
9098,12.205573320388794
9099,21.43534564971924
9100,12.085188627243042
9101,11.94798231124878
9102,26.054299354553223
9103,25.979904174804688
9104,31.051591873168945
9105,11.828400135040283
9106,19.138389587402344
9107,12.91109824180603
9108,25.80975103378296
9109,11.626657962799072
9110,11.909923315048218
9111,12.449200868606567
9112,12.444998741149902
9113,26.869342803955078
9114,11.937545776367188
9115,12.222078084945679
9116,30.814400672912598
9117,35.16256237030029
9118,41.288570404052734
9119,20.167973041534424
9120,43.309072494506836
9121,20.760817527770996
9122,21.74599313735962
9123,19.95691204071045
9124,20.71632194519043
9125,20.35658097267151
9126,12.084968328475952
9127,49.41194725036621
9128,26.306511878967285
9129,20.95991325378418
9130,12.098820924758911
9131,12.473865509033203
9132,35.57343578338623
9133,27.189422130584717
9134,47.391106605529785
9135,33.7535138130188
9136,31.34408140182495
9137,20.740058422088623
9138,12.077610492706299
9139,34.75420522689819
9140,25.971915245056152
9141,20.718127250671387
9142,21.720091819763184
9143,35.365365505218506
9144,13.12077283859253
9145,12.153346538543701
9146,34.693177700042725
9147,40.353599548339844
9148,11.82161283493042
9149,13.64487338066101
9150,38.3470344543457
9151,12.741058111190796
9152,46.374773025512695
9153,32.528717041015625
9154,19.679965257644653
9155,21.38534641265869
9156,41.83711910247803
9157,21.696106910705566
9158,20.694130420684814
9159,31.083302974700928
9160,21.154221534729004
9161,49.17523002624512
9162,26.133573532104492
9163,43.25130558013916
9164,18.51376986503601
9165,40.387600898742676
9166,38.12498712539673
9167,27.033443927764893
9168,11.870963335037231
9169,74.29975986480713
9170,12.083699464797974
9171,27.161569118499756
9172,11.66950273513794
9173,26.94045925140381
9174,21.614357471466064
9175,21.238203525543213
9176,12.249722957611084
9177,20.571235179901123
9178,26.269509315490723
9179,20.516268253326416
9180,20.56822633743286
9181,34.141422748565674
9182,21.453292846679688
9183,12.347288608551025
9184,25.02839946746826
9185,20.97969913482666
9186,26.638697624206543
9187,25.345713138580322
9188,48.61107540130615
9189,26.142903804779053
9190,18.91425633430481
9191,20.89559555053711
9192,21.08927011489868
9193,24.99944305419922
9194,20.65415668487549
9195,26.765522956848145
9196,63.48525810241699
9197,35.32223176956177
9198,12.276115417480469
9199,49.65940475463867
9200,20.82970094680786
9201,12.179353475570679
9202,32.8496880531311
9203,35.37050819396973
9204,31.26920461654663
9205,20.53464436531067
9206,25.640846252441406
9207,31.319579124450684
9208,11.800605297088623
9209,30.000813007354736
9210,31.52772617340088
9211,12.002684354782104
9212,44.40488529205322
9213,13.218923568725586
9214,21.91432809829712
9215,51.342824935913086
9216,12.943796157836914
9217,25.578747272491455
9218,12.09316086769104
9219,19.073827743530273
9220,12.66285514831543
9221,20.754802227020264
9222,35.906514167785645
9223,20.234216928482056
9224,12.264944076538086
9225,20.690608978271484
9226,29.90035629272461
9227,20.475135803222656
9228,12.108452558517456
9229,45.526278495788574
9230,13.09149694442749
9231,39.25816059112549
9232,20.71266746520996
9233,11.982940912246704
9234,12.696494817733765
9235,37.203426361083984
9236,11.383896589279175
9237,26.728161334991455
9238,26.89275360107422
9239,26.55556583404541
9240,20.708076000213623
9241,21.370154857635498
9242,20.843045234680176
9243,23.001919269561768
9244,31.746959686279297
9245,26.51695489883423
9246,36.352580070495605
9247,20.276901245117188
9248,48.838172912597656
9249,46.56015205383301
9250,31.643627643585205
9251,49.93959903717041
9252,66.03394317626953
9253,36.9820990562439
9254,21.06974983215332
9255,12.096875429153442
9256,11.933019161224365
9257,26.02052402496338
9258,31.392724990844727
9259,11.732149600982666
9260,12.965811252593994
9261,12.161182403564453
9262,12.501095056533813
9263,19.81770348548889
9264,20.432459831237793
9265,37.5973596572876
9266,40.22261571884155
9267,38.48147392272949
9268,38.11467790603638
9269,26.26023817062378
9270,36.30316686630249
9271,20.103509426116943
9272,12.183926582336426
9273,20.4704487323761
9274,32.452497482299805
9275,19.045936346054077
9276,20.705289363861084
9277,19.394787311553955
9278,24.736202716827393
9279,21.363213539123535
9280,50.20478534698486
9281,11.731331586837769
9282,11.918699741363525
9283,39.33673715591431
9284,25.938100337982178
9285,26.12105941772461
9286,26.71592092514038
9287,20.546895503997803
9288,32.512539863586426
9289,18.306848287582397
9290,40.16329622268677
9291,31.95653009414673
9292,50.56056213378906
9293,11.773162841796875
9294,11.893863677978516
9295,20.763442039489746
9296,12.444791793823242
9297,24.90963315963745
9298,32.23478031158447
9299,21.690635204315186
9300,45.69373035430908
9301,32.97624921798706
9302,20.81512451171875
9303,12.290716886520386
9304,31.907835006713867
9305,30.496208667755127
9306,43.71512413024902
9307,26.16316318511963
9308,30.920474529266357
9309,20.378689289093018
9310,30.909640789031982
9311,26.275230407714844
9312,22.27455186843872
9313,20.527642488479614
9314,35.73757076263428
9315,19.61870837211609
9316,57.2883996963501
9317,12.32757830619812
9318,26.6750168800354
9319,20.921315670013428
9320,11.826960802078247
9321,26.59652042388916
9322,54.93654537200928
9323,20.713712692260742
9324,11.84523892402649
9325,26.722912788391113
9326,21.567862033843994
9327,48.163333892822266
9328,39.444955348968506
9329,20.149624824523926
9330,20.657429695129395
9331,41.99699020385742
9332,12.30160665512085
9333,30.70264720916748
9334,31.31877326965332
9335,40.741859912872314
9336,35.6030216217041
9337,16.804635286331177
9338,11.996490001678467
9339,21.80510663986206
9340,20.98844814300537
9341,11.872345685958862
9342,31.28790807723999
9343,35.65926218032837
9344,36.0513858795166
9345,35.4414381980896
9346,11.948421478271484
9347,25.025104522705078
9348,41.046003341674805
9349,35.81626749038696
9350,60.4644136428833
9351,13.114973306655884
9352,11.245410680770874
9353,42.17722511291504
9354,21.119271278381348
9355,31.075316429138184
9356,12.900099277496338
9357,45.98914432525635
9358,22.05040168762207
9359,20.838098526000977
9360,32.38626718521118
9361,20.86481285095215
9362,11.952033281326294
9363,17.358100652694702
9364,34.49043607711792
9365,12.447727918624878
9366,36.769291400909424
9367,19.827898025512695
9368,11.914459705352783
9369,50.19393062591553
9370,30.905670166015625
9371,13.27256464958191
9372,21.87833023071289
9373,12.499133110046387
9374,25.924386978149414
9375,31.213757514953613
9376,19.80877113342285
9377,26.061307430267334
9378,25.943800449371338
9379,36.8146185874939
9380,44.462910652160645
9381,39.42372369766235
9382,21.19367790222168
9383,20.204710721969604
9384,11.752811670303345
9385,35.638028144836426
9386,12.240413427352905
9387,11.728347301483154
9388,26.801471710205078
9389,21.96408987045288
9390,25.633502960205078
9391,11.586594343185425
9392,26.62899112701416
9393,11.847724676132202
9394,21.078343868255615
9395,20.982797622680664
9396,39.14185190200806
9397,14.289868831634521
9398,20.42192554473877
9399,21.059268474578857
9400,12.601248025894165
9401,31.51961040496826
9402,12.157687187194824
9403,30.59034252166748
9404,34.17061233520508
9405,11.883267641067505
9406,31.77021884918213
9407,35.98134994506836
9408,11.666892290115356
9409,35.54179525375366
9410,22.09929323196411
9411,43.67943286895752
9412,12.543243885040283
9413,11.373294115066528
9414,11.743530035018921
9415,20.260745763778687
9416,20.942551612854004
9417,11.949235200881958
9418,36.90099763870239
9419,26.40171766281128
9420,25.58310079574585
9421,45.46335315704346
9422,30.10671329498291
9423,11.837948560714722
9424,20.88421392440796
9425,20.237099409103394
9426,20.600090503692627
9427,43.28741264343262
9428,43.65554332733154
9429,19.55708360671997
9430,26.030327796936035
9431,35.167635440826416
9432,11.826960802078247
9433,11.868914365768433
9434,11.659859895706177
9435,58.458170890808105
9436,12.279013872146606
9437,12.28987717628479
9438,35.66035032272339
9439,11.216054916381836
9440,12.254815578460693
9441,20.84689950942993
9442,12.274622917175293
9443,20.58526039123535
9444,26.25066089630127
9445,12.691285848617554
9446,13.15765905380249
9447,20.755708694458008
9448,34.429922103881836
9449,12.096919536590576
9450,34.647602558135986
9451,26.325637817382812
9452,21.286838054656982
9453,11.702568769454956
9454,12.526159763336182
9455,35.247379779815674
9456,12.662830591201782
9457,20.99572229385376
9458,27.081148624420166
9459,42.91285037994385
9460,49.50722122192383
9461,21.26780891418457
9462,26.289260864257812
9463,36.20364332199097
9464,42.2939453125
9465,12.34105372428894
9466,11.93626856803894
9467,55.409475326538086
9468,31.180519580841064
9469,20.926225662231445
9470,25.975168704986572
9471,35.42958450317383
9472,25.95264482498169
9473,26.5160870552063
9474,65.11510276794434
9475,11.82343053817749
9476,69.95510292053223
9477,26.688429355621338
9478,35.40590858459473
9479,19.461005687713623
9480,45.37744903564453
9481,20.558650016784668
9482,47.07745838165283
9483,11.947675228118896
9484,12.01420259475708
9485,35.353800773620605
9486,21.127782344818115
9487,21.342849254608154
9488,19.488783836364746
9489,26.1779203414917
9490,45.81775760650635
9491,25.47139263153076
9492,20.746289253234863
9493,25.490725994110107
9494,20.930336475372314
9495,12.259743452072144
9496,21.377466678619385
9497,31.79590892791748
9498,11.584752321243286
9499,20.557809352874756
9500,21.172414302825928
9501,21.30095386505127
9502,50.75377941131592
9503,11.464657545089722
9504,31.8464093208313
9505,32.14129018783569
9506,21.27122735977173
9507,12.73335075378418
9508,26.3915696144104
9509,20.189563751220703
9510,26.263853549957275
9511,11.606502771377563
9512,43.373318672180176
9513,26.796443462371826
9514,20.890966415405273
9515,19.34111475944519
9516,48.704261779785156
9517,19.763028383255005
9518,20.6782169342041
9519,20.606014251708984
9520,21.470457077026367
9521,12.106945514678955
9522,26.251848220825195
9523,19.8049898147583
9524,37.54235029220581
9525,34.453105449676514
9526,32.701570987701416
9527,32.10774278640747
9528,19.282857179641724
9529,31.877253532409668
9530,27.054844856262207
9531,12.507450342178345
9532,12.517632961273193
9533,26.477195262908936
9534,11.845763206481934
9535,11.939279794692993
9536,26.474037170410156
9537,20.93816328048706
9538,26.546656608581543
9539,30.414796352386475
9540,12.728721857070923
9541,31.937854290008545
9542,12.890754699707031
9543,51.02638816833496
9544,13.168444156646729
9545,12.059303760528564
9546,27.6318416595459
9547,19.90696620941162
9548,11.9697847366333
9549,31.444846153259277
9550,20.14015007019043
9551,12.742023944854736
9552,27.79127836227417
9553,36.33112907409668
9554,48.675912857055664
9555,35.854941844940186
9556,25.87650489807129
9557,30.72223138809204
9558,25.890127658843994
9559,20.79001760482788
9560,12.659146070480347
9561,20.98886013031006
9562,31.78803062438965
9563,13.441287994384766
9564,11.974120616912842
9565,20.095905542373657
9566,12.158904314041138
9567,27.41171932220459
9568,12.3490731716156
9569,32.38195276260376
9570,22.094595909118652
9571,37.748037338256836
9572,25.57256555557251
9573,25.250800132751465
9574,32.350173473358154
9575,20.569790840148926
9576,20.50845718383789
9577,56.20230293273926
9578,11.197666645050049
9579,11.697962760925293
9580,20.446032524108887
9581,31.049294471740723
9582,21.22474718093872
9583,12.26144528388977
9584,50.225340843200684
9585,19.883716344833374
9586,22.022050380706787
9587,12.504990100860596
9588,20.948280334472656
9589,27.539938926696777
9590,21.615649700164795
9591,12.912032842636108
9592,25.994051933288574
9593,11.465282678604126
9594,38.12403631210327
9595,12.621162414550781
9596,36.62506628036499
9597,32.97625207901001
9598,25.68777322769165
9599,26.09022569656372
9600,60.180118560791016
9601,11.710874795913696
9602,37.70862865447998
9603,11.848113059997559
9604,41.02582406997681
9605,49.81447887420654
9606,19.451993227005005
9607,38.16131067276001
9608,20.24993658065796
9609,20.280185222625732
9610,35.677589893341064
9611,12.710638761520386
9612,11.232435703277588
9613,35.13502645492554
9614,12.516669511795044
9615,32.07730293273926
9616,12.262930631637573
9617,24.600177764892578
9618,42.834858894348145
9619,26.110613346099854
9620,26.396724224090576
9621,20.82933759689331
9622,12.233316659927368
9623,12.591697931289673
9624,41.747958183288574
9625,11.612534284591675
9626,19.15187692642212
9627,21.03894567489624
9628,20.14102840423584
9629,18.741239070892334
9630,32.18175458908081
9631,25.575942993164062
9632,40.92289447784424
9633,21.5297532081604
9634,42.114033699035645
9635,25.846381664276123
9636,46.955055236816406
9637,35.14114713668823
9638,27.117666244506836
9639,27.552106857299805
9640,31.033854007720947
9641,30.97330141067505
9642,34.957958698272705
9643,20.854453563690186
9644,12.300357818603516
9645,26.28593158721924
9646,37.224464893341064
9647,25.99268627166748
9648,20.535704612731934
9649,20.17846655845642
9650,26.23704433441162
9651,43.353525161743164
9652,20.73186445236206
9653,12.36420726776123
9654,31.992891311645508
9655,11.614541292190552
9656,19.881730794906616
9657,24.77587652206421
9658,26.78996753692627
9659,12.399531841278076
9660,20.965466022491455
9661,26.217650413513184
9662,41.87037467956543
9663,37.91097545623779
9664,27.25360631942749
9665,20.954463005065918
9666,31.963286876678467
9667,12.916304349899292
9668,12.73952841758728
9669,34.61217641830444
9670,35.635855197906494
9671,26.90090799331665
9672,26.034438133239746
9673,11.807117700576782
9674,41.37010097503662
9675,20.549822330474854
9676,32.3794732093811
9677,25.905025959014893
9678,20.585119009017944
9679,38.279398918151855
9680,35.63643264770508
9681,20.949737071990967
9682,34.651957988739014
9683,21.38057518005371
9684,26.91271162033081
9685,25.393470287322998
9686,11.861959457397461
9687,19.672574043273926
9688,21.001948833465576
9689,46.329989433288574
9690,12.110605716705322
9691,11.819697141647339
9692,12.330183982849121
9693,26.801279067993164
9694,25.82004165649414
9695,11.691608667373657
9696,11.986372470855713
9697,26.888657569885254
9698,11.645209550857544
9699,12.926392316818237
9700,35.92684984207153
9701,12.127997398376465
9702,11.884235620498657
9703,24.897414684295654
9704,46.52108860015869
9705,20.277129650115967
9706,12.281721115112305
9707,19.528419017791748
9708,35.05243110656738
9709,21.179683208465576
9710,20.46398639678955
9711,11.812993288040161
9712,12.446419477462769
9713,12.174234867095947
9714,11.517923593521118
9715,21.61475896835327
9716,31.87916898727417
9717,30.19927406311035
9718,30.636497020721436
9719,11.152875661849976
9720,26.195366859436035
9721,12.809445858001709
9722,31.862244606018066
9723,35.120697021484375
9724,39.65313005447388
9725,20.88572120666504
9726,12.144954919815063
9727,25.697218894958496
9728,26.503350257873535
9729,32.21146821975708
9730,48.30044937133789
9731,20.702572345733643
9732,21.664762496948242
9733,12.84149432182312
9734,37.256428241729736
9735,12.219075679779053
9736,11.887540340423584
9737,21.281550884246826
9738,12.35097050666809
9739,20.830434799194336
9740,12.651362657546997
9741,20.942331790924072
9742,26.960110187530518
9743,21.674202919006348
9744,30.283756732940674
9745,11.71161150932312
9746,28.03104305267334
9747,39.77238321304321
9748,25.721039295196533
9749,42.14119815826416
9750,31.89982795715332
9751,19.638917207717896
9752,25.95874834060669
9753,38.250253200531006
9754,20.388675451278687
9755,35.86820363998413
9756,12.292018413543701
9757,12.52662706375122
9758,35.33413791656494
9759,35.57891368865967
9760,21.803511142730713
9761,12.300439596176147
9762,31.974424839019775
9763,11.881124496459961
9764,20.431745052337646
9765,26.70905590057373
9766,26.11587905883789
9767,26.229540824890137
9768,11.888687133789062
9769,11.84338927268982
9770,11.621090173721313
9771,58.43388271331787
9772,13.154516696929932
9773,12.721534490585327
9774,11.994221687316895
9775,12.483774423599243
9776,32.433093547821045
9777,35.17032432556152
9778,12.08851671218872
9779,40.2745623588562
9780,12.119520902633667
9781,26.88448715209961
9782,21.61137819290161
9783,35.6736741065979
9784,35.891040325164795
9785,41.853426933288574
9786,12.552926063537598
9787,51.05966663360596
9788,12.157552242279053
9789,12.025644302368164
9790,26.77030658721924
9791,52.36306571960449
9792,41.782437324523926
9793,42.100022315979004
9794,25.885599613189697
9795,36.093013763427734
9796,20.510920763015747
9797,20.29989790916443
9798,35.845579624176025
9799,21.3683819770813
9800,20.590693950653076
9801,25.678680419921875
9802,12.094703674316406
9803,37.56769275665283
9804,19.39229917526245
9805,11.107139587402344
9806,13.527909994125366
9807,20.420024394989014
9808,32.17664575576782
9809,25.037052154541016
9810,11.823620080947876
9811,11.846311092376709
9812,19.874667167663574
9813,12.985198736190796
9814,41.855146408081055
9815,35.13327121734619
9816,12.283332586288452
9817,12.000913143157959
9818,40.10712003707886
9819,65.96277046203613
9820,24.81001091003418
9821,11.824353456497192
9822,32.62961196899414
9823,47.112969398498535
9824,31.753031253814697
9825,20.602038860321045
9826,20.83135747909546
9827,31.46673011779785
9828,20.72168493270874
9829,20.899611473083496
9830,11.810323476791382
9831,20.89125680923462
9832,20.796391487121582
9833,21.791359901428223
9834,11.677351713180542
9835,19.775129318237305
9836,20.29668092727661
9837,26.15754461288452
9838,20.852334022521973
9839,25.363731384277344
9840,26.5925350189209
9841,49.28726387023926
9842,20.832423210144043
9843,25.331570625305176
9844,26.227438926696777
9845,25.61478090286255
9846,35.443986892700195
9847,32.16549301147461
9848,24.973727703094482
9849,42.26118469238281
9850,54.531962394714355
9851,19.2142596244812
9852,12.29357099533081
9853,32.743982791900635
9854,12.551397562026978
9855,12.176837921142578
9856,32.25735330581665
9857,26.603559970855713
9858,19.109065055847168
9859,12.0760657787323
9860,29.857357025146484
9861,21.48762559890747
9862,31.2278995513916
9863,22.031763553619385
9864,21.121117115020752
9865,13.303560256958008
9866,12.278087615966797
9867,43.63368225097656
9868,36.702091217041016
9869,35.86058855056763
9870,32.12697172164917
9871,11.857781887054443
9872,20.189725399017334
9873,12.524574041366577
9874,25.35202980041504
9875,21.521337032318115
9876,12.103127241134644
9877,31.067888259887695
9878,38.09458351135254
9879,12.287655591964722
9880,11.694690227508545
9881,12.794654369354248
9882,49.701796531677246
9883,39.85513162612915
9884,25.98111629486084
9885,21.4468035697937
9886,32.37012577056885
9887,27.093730449676514
9888,12.392538070678711
9889,20.168865442276
9890,26.097440719604492
9891,11.814538955688477
9892,19.206148624420166
9893,20.6557674407959
9894,21.04326581954956
9895,27.423832893371582
9896,19.908700227737427
9897,25.65492868423462
9898,20.874406337738037
9899,24.566275119781494
9900,20.49029016494751
9901,60.091548919677734
9902,11.98691701889038
9903,20.58349919319153
9904,25.13422966003418
9905,27.13875102996826
9906,25.474912643432617
9907,26.00329351425171
9908,30.318063735961914
9909,48.29293251037598
9910,40.37536907196045
9911,20.630864143371582
9912,21.097144603729248
9913,12.673173904418945
9914,31.325722217559814
9915,37.21261787414551
9916,42.54007816314697
9917,30.14338731765747
9918,12.271610498428345
9919,42.504868507385254
9920,20.344528675079346
9921,42.305447578430176
9922,20.62071466445923
9923,12.004303216934204
9924,12.230273962020874
9925,25.993991374969482
9926,26.12149715423584
9927,19.34771156311035
9928,39.844712257385254
9929,36.0146164894104
9930,12.268521785736084
9931,30.782440185546875
9932,19.08754014968872
9933,21.107285022735596
9934,19.831741333007812
9935,20.436644554138184
9936,12.018480062484741
9937,11.660574197769165
9938,12.37198519706726
9939,36.20754337310791
9940,61.856499671936035
9941,26.96414089202881
9942,24.727767944335938
9943,20.73497772216797
9944,12.412858247756958
9945,12.051657915115356
9946,13.236278295516968
9947,35.08822202682495
9948,37.57189655303955
9949,12.524608373641968
9950,37.222007274627686
9951,37.66150712966919
9952,26.38969612121582
9953,71.97378826141357
9954,32.732930183410645
9955,25.521859169006348
9956,20.650946140289307
9957,11.81653094291687
9958,20.753933906555176
9959,26.2595477104187
9960,12.801443099975586
9961,37.284926891326904
9962,26.902337074279785
9963,35.43910264968872
9964,11.735909938812256
9965,11.915677070617676
9966,31.432556629180908
9967,12.418435096740723
9968,36.616004943847656
9969,12.601623058319092
9970,26.700464248657227
9971,30.3346266746521
9972,12.684462547302246
9973,35.49332284927368
9974,20.8387713432312
9975,27.41631507873535
9976,12.256583452224731
9977,26.584164142608643
9978,37.80468797683716
9979,11.654817342758179
9980,26.01939296722412
9981,21.03133201599121
9982,27.118998527526855
9983,20.237873554229736
9984,59.61027908325195
9985,12.507790803909302
9986,26.577869415283203
9987,12.580230951309204
9988,35.19730615615845
9989,40.61513042449951
9990,21.586137771606445
9991,22.376354217529297
9992,21.185018062591553
9993,36.23189115524292
9994,25.218926429748535
9995,11.999756813049316
9996,12.486423254013062
9997,46.2203311920166
9998,35.46279335021973
9999,34.83762788772583
10000,25.8052716255188
10001,26.90656042098999
10002,12.002884149551392
10003,21.547771453857422
10004,32.49682903289795
10005,37.949793338775635
10006,30.742202281951904
10007,26.56460666656494
10008,12.13679552078247
10009,50.12492084503174
10010,12.871941089630127
10011,21.156540870666504
10012,12.492486000061035
10013,12.381219387054443
10014,20.206584453582764
10015,22.004996299743652
10016,20.641911506652832
10017,21.252965450286865
10018,31.911784172058105
10019,31.351415634155273
10020,37.09457063674927
10021,30.3466215133667
10022,25.31767177581787
10023,21.03886842727661
10024,69.72317600250244
10025,12.559406280517578
10026,40.189608097076416
10027,20.107940912246704
10028,35.119635581970215
10029,12.933952331542969
10030,13.363307237625122
10031,12.98102331161499
10032,30.209209442138672
10033,30.2717866897583
10034,21.475472927093506
10035,46.26536560058594
10036,37.617926597595215
10037,41.780579566955566
10038,12.827597856521606
10039,20.732524871826172
10040,31.09114360809326
10041,48.87292003631592
10042,20.829965591430664
10043,20.913273811340332
10044,25.860929012298584
10045,11.258495569229126
10046,20.95927667617798
10047,12.243115901947021
10048,21.04121446609497
10049,38.48890018463135
10050,20.87896490097046
10051,12.18748927116394
10052,25.25605058670044
10053,15.861525774002075
10054,25.372809410095215
10055,12.36594533920288
10056,19.56094193458557
10057,26.137061595916748
10058,32.48143672943115
10059,49.72513198852539
10060,25.690743923187256
10061,35.812007427215576
10062,11.847900152206421
10063,12.178251504898071
10064,34.09351587295532
10065,19.522533416748047
10066,20.447602033615112
10067,12.30882453918457
10068,34.85416603088379
10069,20.19809603691101
10070,12.679571866989136
10071,11.929058313369751
10072,20.87406635284424
10073,12.234107732772827
10074,34.415969371795654
10075,12.07483959197998
10076,46.461236000061035
10077,12.19425368309021
10078,26.1882004737854
10079,31.861265182495117
10080,57.10295104980469
10081,25.24984836578369
10082,29.547783851623535
10083,25.22519540786743
10084,11.987971782684326
10085,53.70862293243408
10086,12.53626561164856
10087,18.70734977722168
10088,20.885828495025635
10089,22.091878414154053
10090,25.668970108032227
10091,12.06511640548706
10092,12.08326506614685
10093,19.854339122772217
10094,12.514612436294556
10095,12.297572612762451
10096,31.754912853240967
10097,43.322195053100586
10098,24.64249610900879
10099,12.297535419464111
10100,12.896182775497437
10101,37.979177951812744
10102,18.574812650680542
10103,21.11460781097412
10104,21.42826795578003
10105,25.859601497650146
10106,22.464407920837402
10107,19.966635942459106
10108,13.056432247161865
10109,31.93232297897339
10110,26.55339527130127
10111,11.129655122756958
10112,11.151670694351196
10113,12.974807024002075
10114,12.200355052947998
10115,21.693471908569336
10116,29.79033136367798
10117,26.084510326385498
10118,35.48603677749634
10119,21.786367416381836
10120,12.761305093765259
10121,26.77168893814087
10122,40.670738220214844
10123,20.687950134277344
10124,32.8757209777832
10125,21.357606887817383
10126,27.756043910980225
10127,31.5116024017334
10128,25.637409210205078
10129,51.063841819763184
10130,49.56253242492676
10131,25.358196258544922
10132,31.795681476593018
10133,35.29322338104248
10134,20.866937160491943
10135,25.565760135650635
10136,26.175809383392334
10137,31.382835388183594
10138,21.410009384155273
10139,31.28501558303833
10140,26.668890953063965
10141,35.2656774520874
10142,20.50652837753296
10143,12.331470012664795
10144,26.241942882537842
10145,36.9984827041626
10146,21.74285650253296
10147,34.50540018081665
10148,36.41600561141968
10149,30.726750373840332
10150,34.89578199386597
10151,20.922671794891357
10152,20.806121826171875
10153,37.65709924697876
10154,37.647786140441895
10155,11.823698282241821
10156,21.225935459136963
10157,35.45890712738037
10158,36.03381538391113
10159,33.47659492492676
10160,20.68698215484619
10161,25.974305629730225
10162,12.853423833847046
10163,12.768498182296753
10164,25.81921672821045
10165,26.73369264602661
10166,21.39834451675415
10167,12.655038356781006
10168,54.408629417419434
10169,12.94163203239441
10170,20.970818042755127
10171,33.55499315261841
10172,35.608850955963135
10173,36.034406661987305
10174,12.420727252960205
10175,25.881001949310303
10176,12.410699605941772
10177,20.675833702087402
10178,25.22503900527954
10179,46.03440475463867
10180,12.784323692321777
10181,57.39729404449463
10182,25.95253038406372
10183,48.3106689453125
10184,20.577056169509888
10185,25.846553802490234
10186,12.725722074508667
10187,27.725857734680176
10188,26.907229900360107
10189,20.398744344711304
10190,49.73232650756836
10191,21.139054775238037
10192,49.02803134918213
10193,26.45491123199463
10194,27.69604206085205
10195,34.07180213928223
10196,20.774614810943604
10197,25.668060779571533
10198,12.368788957595825
10199,11.706769466400146
10200,31.92809247970581
10201,47.12851142883301
10202,25.032613277435303
10203,24.776466369628906
10204,17.63055729866028
10205,59.32173252105713
10206,20.88134455680847
10207,20.77592134475708
10208,43.10670757293701
10209,22.27190399169922
10210,36.908175468444824
10211,25.290947914123535
10212,12.425178527832031
10213,22.061704635620117
10214,11.846311092376709
10215,32.97072649002075
10216,12.54664397239685
10217,26.884058952331543
10218,34.94069719314575
10219,26.489685535430908
10220,40.640896797180176
10221,47.156776428222656
10222,31.926520347595215
10223,21.129972457885742
10224,22.11670207977295
10225,11.88960337638855
10226,49.714842796325684
10227,25.682508945465088
10228,34.83815908432007
10229,12.501940250396729
10230,12.661987543106079
10231,26.663387298583984
10232,47.69899082183838
10233,33.98448657989502
10234,11.905558347702026
10235,38.61029672622681
10236,20.383987426757812
10237,11.648082971572876
10238,12.510602235794067
10239,25.977009296417236
10240,38.07291841506958
10241,30.722482681274414
10242,21.252927780151367
10243,26.041608810424805
10244,25.618317127227783
10245,20.335294008255005
10246,20.796366214752197
10247,37.18062162399292
10248,20.989436149597168
10249,20.043994665145874
10250,11.789565324783325
10251,21.640634536743164
10252,20.98390293121338
10253,31.41041898727417
10254,26.465333938598633
10255,21.739654064178467
10256,20.346635818481445
10257,20.65394139289856
10258,26.55678367614746
10259,34.023613929748535
10260,20.26875329017639
10261,36.39112138748169
10262,21.199233531951904
10263,12.594844341278076
10264,26.934195518493652
10265,32.01719665527344
10266,31.488009452819824
10267,19.579183101654053
10268,20.719271659851074
10269,31.10856580734253
10270,26.253118991851807
10271,25.264528274536133
10272,20.451436519622803
10273,21.49967050552368
10274,11.581094026565552
10275,26.263935089111328
10276,51.31941795349121
10277,56.73839092254639
10278,11.944177627563477
10279,37.32367706298828
10280,37.94049310684204
10281,26.170152187347412
10282,37.28334665298462
10283,32.53193378448486
10284,11.856899499893188
10285,37.681514263153076
10286,12.690435409545898
10287,20.678239345550537
10288,24.821075916290283
10289,21.623677253723145
10290,25.071821212768555
10291,11.802756071090698
10292,26.05235767364502
10293,20.57659673690796
10294,11.942238330841064
10295,30.680098056793213
10296,21.05600357055664
10297,21.426732540130615
10298,38.462913036346436
10299,26.806909561157227
10300,12.53721809387207
10301,20.405131816864014
10302,36.4779577255249
10303,20.81358766555786
10304,12.414975643157959
10305,11.435018062591553
10306,20.688376426696777
10307,21.455732345581055
10308,12.003798723220825
10309,20.409926414489746
10310,12.343567609786987
10311,26.40793514251709
10312,34.568886280059814
10313,51.74013614654541
10314,12.631994724273682
10315,44.8703498840332
10316,12.157818794250488
10317,52.2198600769043
10318,11.72596788406372
10319,25.385639190673828
10320,35.415961265563965
10321,20.917527675628662
10322,11.768433570861816
10323,12.272133350372314
10324,12.234893798828125
10325,37.3698673248291
10326,21.36187171936035
10327,51.771328926086426
10328,20.84138774871826
10329,20.601892948150635
10330,11.503679513931274
10331,48.02628517150879
10332,25.188440799713135
10333,35.36245250701904
10334,11.734437465667725
10335,11.628160238265991
10336,48.802857398986816
10337,21.07650327682495
10338,12.72736930847168
10339,20.608598709106445
10340,11.83581829071045
10341,12.639794826507568
10342,21.79754400253296
10343,42.37559986114502
10344,33.44597864151001
10345,21.21525526046753
10346,20.951877117156982
10347,31.214319705963135
10348,44.983635902404785
10349,12.876336574554443
10350,50.4539909362793
10351,54.57912540435791
10352,25.498074531555176
10353,30.668171405792236
10354,25.487152576446533
10355,12.467809915542603
10356,12.28711986541748
10357,20.424832344055176
10358,21.301228046417236
10359,12.711408615112305
10360,36.61959505081177
10361,20.807814598083496
10362,20.338868618011475
10363,26.851398944854736
10364,46.42884635925293
10365,27.14168119430542
10366,54.31667900085449
10367,35.53084945678711
10368,12.677505016326904
10369,13.202186822891235
10370,25.546177864074707
10371,36.928614139556885
10372,20.197676420211792
10373,12.978570699691772
10374,27.203882694244385
10375,20.942408561706543
10376,38.71317958831787
10377,20.419387340545654
10378,37.84446954727173
10379,11.609198808670044
10380,20.920644760131836
10381,34.32958698272705
10382,36.282177448272705
10383,12.384846687316895
10384,20.161641597747803
10385,20.868103504180908
10386,30.50131320953369
10387,20.933318614959717
10388,42.4149751663208
10389,20.302050352096558
10390,25.17205810546875
10391,25.519050121307373
10392,26.359885215759277
10393,27.334489345550537
10394,21.770997524261475
10395,20.448235273361206
10396,12.014768838882446
10397,37.37356376647949
10398,20.963309288024902
10399,12.887655258178711
10400,25.803460597991943
10401,21.109436511993408
10402,20.983993530273438
10403,12.922730922698975
10404,12.194286584854126
10405,35.13707494735718
10406,20.993064880371094
10407,21.69606351852417
10408,38.67877435684204
10409,54.89206027984619
10410,12.079109191894531
10411,39.9244966506958
10412,31.259652614593506
10413,27.490145683288574
10414,12.204638004302979
10415,12.19045352935791
10416,35.1544394493103
10417,52.51121997833252
10418,12.054567813873291
10419,35.82414722442627
10420,12.469671487808228
10421,11.666495084762573
10422,40.19940519332886
10423,12.081241369247437
10424,21.013691902160645
10425,12.48975396156311
10426,26.448756217956543
10427,12.269902229309082
10428,21.15946912765503
10429,21.42861843109131
10430,35.36323833465576
10431,40.054362297058105
10432,19.267744064331055
10433,12.686678171157837
10434,21.211845874786377
10435,31.021334648132324
10436,34.262887954711914
10437,22.130420684814453
10438,35.192238330841064
10439,36.336812019348145
10440,32.53411865234375
10441,49.79081726074219
10442,17.738886833190918
10443,62.7640266418457
10444,20.8291277885437
10445,21.024664878845215
10446,32.65061569213867
10447,20.52837085723877
10448,32.54551124572754
10449,12.118110179901123
10450,12.761866569519043
10451,25.92396354675293
10452,50.265252113342285
10453,21.041176319122314
10454,46.558716773986816
10455,12.63120150566101
10456,65.51021194458008
10457,12.385714530944824
10458,35.07340669631958
10459,12.072101593017578
10460,12.300597429275513
10461,21.136165142059326
10462,11.856574773788452
10463,26.50049924850464
10464,18.736210346221924
10465,21.48352575302124
10466,41.03351974487305
10467,31.667085647583008
10468,31.13931894302368
10469,31.755776405334473
10470,45.93628978729248
10471,22.21487855911255
10472,49.498332023620605
10473,20.08547019958496
10474,25.39534091949463
10475,73.13708877563477
10476,11.825975179672241
10477,31.590219974517822
10478,44.372297286987305
10479,32.31258249282837
10480,11.847462892532349
10481,11.720642805099487
10482,33.239524364471436
10483,21.925938606262207
10484,49.75816822052002
10485,19.748332977294922
10486,20.177032709121704
10487,26.514199256896973
10488,11.311218976974487
10489,33.35777139663696
10490,20.781331539154053
10491,26.708012580871582
10492,32.147850036621094
10493,33.94177722930908
10494,35.685290813446045
10495,21.224426746368408
10496,13.457585573196411
10497,20.271323680877686
10498,12.939606189727783
10499,11.909651279449463
10500,11.909839868545532
10501,11.503507375717163
10502,27.496724605560303
10503,20.629488468170166
10504,21.137004375457764
10505,50.652971267700195
10506,12.510900497436523
10507,49.13036346435547
10508,39.071513175964355
10509,39.99084424972534
10510,12.493189334869385
10511,34.03198432922363
10512,33.66205978393555
10513,44.26593780517578
10514,26.001198291778564
10515,26.740986347198486
10516,11.516729354858398
10517,12.515254735946655
10518,25.92989158630371
10519,26.043251991271973
10520,20.603217124938965
10521,12.269108295440674
10522,20.73818302154541
10523,20.558173179626465
10524,12.463247537612915
10525,21.181848526000977
10526,28.2252516746521
10527,47.73863887786865
10528,12.410306692123413
10529,39.1098427772522
10530,39.527069091796875
10531,26.236502647399902
10532,26.435975551605225
10533,26.248151302337646
10534,40.2428240776062
10535,20.797173023223877
10536,12.013746976852417
10537,40.04026174545288
10538,20.85649061203003
10539,20.35228967666626
10540,20.985218048095703
10541,11.692619323730469
10542,18.3900785446167
10543,21.121842861175537
10544,31.915165901184082
10545,12.406694889068604
10546,11.86642336845398
10547,41.416056632995605
10548,12.120457172393799
10549,11.711352348327637
10550,30.933640003204346
10551,12.358220100402832
10552,35.075393199920654
10553,20.971125602722168
10554,40.6107497215271
10555,21.173267364501953
10556,20.99566888809204
10557,12.669106245040894
10558,41.318552017211914
10559,25.269283294677734
10560,35.72550916671753
10561,32.02333688735962
10562,11.809849500656128
10563,41.40797805786133
10564,25.200390338897705
10565,18.590120792388916
10566,22.811988353729248
10567,11.748239278793335
10568,30.998393535614014
10569,11.827276706695557
10570,15.907356262207031
10571,33.985966205596924
10572,26.75670862197876
10573,34.8285608291626
10574,12.540258646011353
10575,31.660881519317627
10576,25.87481451034546
10577,11.751210927963257
10578,26.72599697113037
10579,11.102786779403687
10580,21.042113304138184
10581,12.905858278274536
10582,32.13352727890015
10583,45.09160041809082
10584,20.250466346740723
10585,30.58397912979126
10586,33.912585735321045
10587,21.27522087097168
10588,11.986266374588013
10589,20.92902135848999
10590,27.784549236297607
10591,12.165204048156738
10592,34.30962514877319
10593,25.86706018447876
10594,24.84767198562622
10595,20.4141526222229
10596,42.03701686859131
10597,25.56668472290039
10598,46.451632499694824
10599,11.815167427062988
10600,36.67447233200073
10601,26.278477668762207
10602,36.56578350067139
10603,26.463449954986572
10604,41.27997016906738
10605,21.06899070739746
10606,12.327518224716187
10607,32.23921251296997
10608,20.376973628997803
10609,40.47559070587158
10610,59.038055419921875
10611,26.14867639541626
10612,37.19254779815674
10613,31.185129642486572
10614,25.61683177947998
10615,20.48020839691162
10616,24.636201858520508
10617,27.650432109832764
10618,35.117857933044434
10619,26.329063415527344
10620,20.606677055358887
10621,31.270613193511963
10622,20.066696643829346
10623,51.24292278289795
10624,16.862101078033447
10625,51.92094039916992
10626,33.9670672416687
10627,21.273730278015137
10628,20.117565155029297
10629,12.638312816619873
10630,12.237716436386108
10631,12.117431640625
10632,27.080718994140625
10633,19.97876000404358
10634,12.068891763687134
10635,12.622913360595703
10636,25.728205680847168
10637,12.763638496398926
10638,21.200385093688965
10639,12.941291570663452
10640,35.53672409057617
10641,21.125811100006104
10642,26.14256238937378
10643,49.60835647583008
10644,42.332576751708984
10645,20.071051597595215
10646,12.50528359413147
10647,12.438732385635376
10648,20.285329580307007
10649,40.29200029373169
10650,12.677961349487305
10651,41.1655158996582
10652,37.81731081008911
10653,21.251763343811035
10654,12.249231338500977
10655,12.031249523162842
10656,20.204906463623047
10657,18.885042190551758
10658,32.84434700012207
10659,12.516510725021362
10660,13.488487482070923
10661,26.743475437164307
10662,33.64363431930542
10663,12.388606309890747
10664,21.425267219543457
10665,45.208489418029785
10666,26.738847255706787
10667,38.333106994628906
10668,12.503412008285522
10669,12.651730060577393
10670,11.82597804069519
10671,12.6066415309906
10672,35.51390266418457
10673,20.976391792297363
10674,35.82174587249756
10675,32.2237982749939
10676,12.226900339126587
10677,65.11807250976562
10678,13.108513355255127
10679,12.086931228637695
10680,57.40016269683838
10681,30.37941598892212
10682,11.932278394699097
10683,31.731975555419922
10684,45.65926456451416
10685,25.2903094291687
10686,21.421297550201416
10687,32.139002323150635
10688,77.19575691223145
10689,17.02224564552307
10690,53.68277835845947
10691,28.182276725769043
10692,20.97056293487549
10693,11.519089460372925
10694,21.38713312149048
10695,26.03452444076538
10696,13.196671962738037
10697,12.280020713806152
10698,25.229605197906494
10699,21.04912519454956
10700,69.1709852218628
10701,20.806942462921143
10702,20.28295660018921
10703,31.780577182769775
10704,12.839426040649414
10705,11.736920833587646
10706,20.532612800598145
10707,20.445926666259766
10708,36.79239225387573
10709,12.042982339859009
10710,20.59604239463806
10711,43.98884201049805
10712,11.772897720336914
10713,42.268431663513184
10714,24.70775318145752
10715,35.63141345977783
10716,30.36941957473755
10717,21.36104679107666
10718,12.519506931304932
10719,35.5349440574646
10720,42.92774200439453
10721,12.812426090240479
10722,26.245071411132812
10723,20.330945014953613
10724,34.83253574371338
10725,27.007463932037354
10726,25.941600799560547
10727,36.02056169509888
10728,20.754901885986328
10729,26.447192192077637
10730,43.08849334716797
10731,21.525253772735596
10732,37.278504371643066
10733,25.75066566467285
10734,20.479933738708496
10735,20.515734910964966
10736,33.71381998062134
10737,20.51590394973755
10738,31.571858406066895
10739,49.425174713134766
10740,11.8829984664917
10741,11.432493686676025
10742,32.3167610168457
10743,43.21591854095459
10744,31.12541437149048
10745,12.629878759384155
10746,32.24412441253662
10747,21.347665786743164
10748,20.07280707359314
10749,11.117180585861206
10750,20.167625427246094
10751,20.815319061279297
10752,12.313377618789673
10753,12.096181392669678
10754,27.907341480255127
10755,24.84798288345337
10756,27.08681869506836
10757,20.16935920715332
10758,11.674074411392212
10759,28.754901885986328
10760,12.933861255645752
10761,13.725099563598633
10762,26.18046998977661
10763,42.85052490234375
10764,12.37471628189087
10765,39.90222454071045
10766,12.418569087982178
10767,12.17960810661316
10768,49.08582401275635
10769,27.49187183380127
10770,12.213777303695679
10771,26.294687747955322
10772,19.902660131454468
10773,25.40937614440918
10774,25.481893062591553
10775,25.78566551208496
10776,11.670240640640259
10777,56.50599384307861
10778,25.803812503814697
10779,21.11601972579956
10780,21.174915313720703
10781,47.808528900146484
10782,20.88254404067993
10783,32.175262451171875
10784,11.666382789611816
10785,54.454938888549805
10786,35.89052772521973
10787,21.24819850921631
10788,20.665192127227783
10789,34.72749090194702
10790,20.85536241531372
10791,39.55146789550781
10792,45.93224334716797
10793,11.746529817581177
10794,12.04176950454712
10795,20.064855813980103
10796,12.058165311813354
10797,21.562336444854736
10798,26.56876277923584
10799,34.08958673477173
10800,31.237390995025635
10801,26.060649394989014
10802,35.30522155761719
10803,21.10585880279541
10804,21.099934577941895
10805,42.07921314239502
10806,20.926897048950195
10807,11.747752904891968
10808,29.869917392730713
10809,21.4861798286438
10810,39.791980266571045
10811,45.24151420593262
10812,31.055533409118652
10813,21.434141159057617
10814,20.926626205444336
10815,26.830777168273926
10816,20.69783115386963
10817,34.77314376831055
10818,20.07066249847412
10819,11.706600427627563
10820,20.334906578063965
10821,12.463986873626709
10822,21.569353103637695
10823,25.73381233215332
10824,19.66215682029724
10825,11.537986040115356
10826,52.757869720458984
10827,27.017300128936768
10828,20.86609411239624
10829,16.158230304718018
10830,12.297755241394043
10831,25.83483600616455
10832,38.187952518463135
10833,22.304296016693115
10834,40.18476629257202
10835,26.51337766647339
10836,20.42446804046631
10837,39.5611515045166
10838,13.041635274887085
10839,31.46025514602661
10840,38.63703918457031
10841,34.022809982299805
10842,31.493234634399414
10843,22.105218410491943
10844,41.452402114868164
10845,35.6222243309021
10846,34.21611022949219
10847,20.59196949005127
10848,11.826977014541626
10849,35.21207523345947
10850,30.31300449371338
10851,25.89564275741577
10852,29.948569297790527
10853,49.14245891571045
10854,12.571810245513916
10855,11.78568696975708
10856,32.33330726623535
10857,20.13206958770752
10858,11.958523750305176
10859,44.94014835357666
10860,51.920976638793945
10861,37.240599632263184
10862,11.246892929077148
10863,31.67409372329712
10864,21.060807704925537
10865,11.848332166671753
10866,38.41858530044556
10867,13.047850847244263
10868,36.942718505859375
10869,52.64637565612793
10870,36.82768249511719
10871,41.196868896484375
10872,26.687230587005615
10873,26.452378273010254
10874,37.20770263671875
10875,27.18361234664917
10876,51.6541633605957
10877,21.160510063171387
10878,50.155460357666016
10879,34.829803466796875
10880,35.21725654602051
10881,41.60156536102295
10882,24.95015048980713
10883,40.55910921096802
10884,35.45507526397705
10885,12.74250316619873
10886,25.830776691436768
10887,12.598847150802612
10888,20.556875944137573
10889,26.002293586730957
10890,19.638664722442627
10891,21.366112232208252
10892,43.96024036407471
10893,35.021732807159424
10894,26.22577667236328
10895,55.089599609375
10896,21.20167303085327
10897,49.91469764709473
10898,22.11747646331787
10899,12.510587453842163
10900,30.973156929016113
10901,26.270671844482422
10902,34.14351272583008
10903,21.006842136383057
10904,32.22538089752197
10905,11.73499059677124
10906,36.080002307891846
10907,35.31320524215698
10908,48.64357566833496
10909,11.747377634048462
10910,26.395756721496582
10911,30.638331413269043
10912,21.567128658294678
10913,27.2875018119812
10914,11.93272590637207
10915,19.63480019569397
10916,26.12106990814209
10917,12.30739688873291
10918,20.860333919525146
10919,12.094889163970947
10920,20.512912273406982
10921,24.412596702575684
10922,26.015236377716064
10923,20.309456825256348
10924,21.681474685668945
10925,49.95724010467529
10926,21.114215850830078
10927,11.111028671264648
10928,21.858903884887695
10929,11.593024015426636
10930,31.359444618225098
10931,20.981364250183105
10932,25.91326379776001
10933,21.036834716796875
10934,33.96034574508667
10935,21.180644035339355
10936,31.469120025634766
10937,12.436102390289307
10938,20.719078063964844
10939,40.47613525390625
10940,20.883556842803955
10941,26.596463680267334
10942,35.32829809188843
10943,21.310728549957275
10944,21.010098457336426
10945,35.74493598937988
10946,34.193819522857666
10947,12.270336151123047
10948,20.819886207580566
10949,25.12598180770874
10950,11.63855242729187
10951,35.25339889526367
10952,63.90688419342041
10953,26.919703006744385
10954,25.318851947784424
10955,12.590521097183228
10956,20.139904975891113
10957,54.90826225280762
10958,35.94550657272339
10959,32.09746170043945
10960,30.854936122894287
10961,12.613236904144287
10962,45.48902988433838
10963,37.6119270324707
10964,11.908989429473877
10965,26.841576099395752
10966,19.995800971984863
10967,26.344597339630127
10968,11.715011596679688
10969,12.273318767547607
10970,21.07258415222168
10971,12.370028018951416
10972,11.534932613372803
10973,12.1724374294281
10974,20.85950994491577
10975,31.498782634735107
10976,71.81450843811035
10977,11.763895273208618
10978,30.532623291015625
10979,34.8676176071167
10980,40.85171413421631
10981,40.96600914001465
10982,21.24377155303955
10983,40.39446401596069
10984,12.245946645736694
10985,20.907948970794678
10986,21.406020164489746
10987,35.35594177246094
10988,11.950063467025757
10989,32.6043586730957
10990,20.049883604049683
10991,49.11265182495117
10992,12.158270359039307
10993,12.601805686950684
10994,34.20509576797485
10995,47.87398719787598
10996,11.60640549659729
10997,12.10767126083374
10998,54.33451461791992
10999,27.92270278930664
11000,50.63417911529541
11001,21.04382038116455
11002,12.550093173980713
11003,20.7296199798584
11004,21.388071537017822
11005,12.8853280544281
11006,32.83398723602295
11007,25.577963829040527
11008,12.278031349182129
11009,21.210937023162842
11010,21.407894611358643
11011,20.839402198791504
11012,12.504761695861816
11013,31.3403959274292
11014,34.16062307357788
11015,35.58079671859741
11016,39.64120054244995
11017,20.863908290863037
11018,11.066711664199829
11019,39.785826683044434
11020,37.681472301483154
11021,41.951781272888184
11022,20.403783321380615
11023,35.07622766494751
11024,12.186108589172363
11025,20.370866537094116
11026,20.722513675689697
11027,26.15443706512451
11028,35.717528343200684
11029,57.61172008514404
11030,11.960164546966553
11031,27.12622308731079
11032,30.00486135482788
11033,23.666640281677246
11034,11.974701404571533
11035,46.6061487197876
11036,21.491387844085693
11037,12.180488348007202
11038,68.94462013244629
11039,65.3579044342041
11040,19.908978700637817
11041,12.570460557937622
11042,20.164341926574707
11043,20.117756843566895
11044,20.56509757041931
11045,12.890546321868896
11046,43.228257179260254
11047,36.983662605285645
11048,36.09961128234863
11049,41.221251487731934
11050,12.150813341140747
11051,20.54365873336792
11052,12.643098831176758
11053,39.9495267868042
11054,20.709260940551758
11055,26.41766595840454
11056,12.308203935623169
11057,45.132201194763184
11058,39.26910972595215
11059,36.69957113265991
11060,20.524086713790894
11061,34.54349756240845
11062,26.678293704986572
11063,26.5402774810791
11064,19.215425491333008
11065,39.9081916809082
11066,12.631177425384521
11067,12.246520519256592
11068,20.39751386642456
11069,20.590967178344727
11070,20.84127187728882
11071,12.264260292053223
11072,24.93246364593506
11073,34.253061294555664
11074,12.58271861076355
11075,30.610727787017822
11076,11.716190576553345
11077,19.68487024307251
11078,20.69306182861328
11079,12.123029708862305
11080,30.805755138397217
11081,26.403092861175537
11082,11.5983145236969
11083,45.62221813201904
11084,20.708096027374268
11085,51.1160831451416
11086,21.437528133392334
11087,12.803705215454102
11088,11.72718095779419
11089,36.42824411392212
11090,27.111719608306885
11091,11.484759330749512
11092,12.20659589767456
11093,11.554490089416504
11094,12.127981901168823
11095,20.629722118377686
11096,31.378413200378418
11097,55.00845432281494
11098,25.835140228271484
11099,55.7159538269043
11100,31.74048376083374
11101,49.676453590393066
11102,52.423813819885254
11103,31.419521808624268
11104,21.39708185195923
11105,11.925185441970825
11106,31.1772198677063
11107,30.84767484664917
11108,31.6921443939209
11109,20.893217086791992
11110,12.665148735046387
11111,31.783627033233643
11112,25.951634407043457
11113,11.855746030807495
11114,20.35717535018921
11115,25.68915557861328
11116,12.23671293258667
11117,25.19111967086792
11118,49.15536117553711
11119,36.47644567489624
11120,40.608755111694336
11121,19.94898819923401
11122,44.306636810302734
11123,12.330233812332153
11124,12.427066326141357
11125,26.399678230285645
11126,11.859940528869629
11127,34.19079637527466
11128,32.720988750457764
11129,31.06087017059326
11130,25.676132678985596
11131,21.298288345336914
11132,21.072570323944092
11133,21.65451955795288
11134,12.62358832359314
11135,25.25867462158203
11136,12.339523792266846
11137,52.132174491882324
11138,19.174962759017944
11139,11.67961573600769
11140,20.818987369537354
11141,37.24957466125488
11142,38.234567642211914
11143,12.196542263031006
11144,12.488841533660889
11145,26.236958026885986
11146,50.98987865447998
11147,31.089975357055664
11148,11.82326340675354
11149,27.48109722137451
11150,36.26602268218994
11151,20.20811152458191
11152,21.520448207855225
11153,48.508111000061035
11154,32.48523807525635
11155,19.55034875869751
11156,32.0508975982666
11157,20.003037214279175
11158,37.811421394348145
11159,22.11850118637085
11160,20.3301260471344
11161,21.009737014770508
11162,43.461670875549316
11163,20.177406549453735
11164,11.842523097991943
11165,12.314853429794312
11166,25.848019123077393
11167,44.57985496520996
11168,11.802252054214478
11169,20.088370323181152
11170,25.215511798858643
11171,25.85993003845215
11172,20.98351526260376
11173,19.68397092819214
11174,21.395959854125977
11175,19.50638699531555
11176,11.19959568977356
11177,19.160526037216187
11178,54.202117919921875
11179,26.425920009613037
11180,12.511895418167114
11181,30.3131685256958
11182,26.225122451782227
11183,31.715299606323242
11184,21.396418571472168
11185,31.315191745758057
11186,20.368311643600464
11187,31.517829418182373
11188,12.090396404266357
11189,11.922240495681763
11190,20.69815683364868
11191,21.099867343902588
11192,33.36033630371094
11193,31.04979133605957
11194,22.04990243911743
11195,34.22071552276611
11196,47.62192916870117
11197,12.26666808128357
11198,21.221567630767822
11199,12.223884344100952
11200,38.922412395477295
11201,43.788228034973145
11202,11.707031726837158
11203,38.2371301651001
11204,50.69995403289795
11205,12.138901948928833
11206,26.511969566345215
11207,25.545130729675293
11208,51.045769691467285
11209,20.75270986557007
11210,37.58784770965576
11211,11.877893686294556
11212,21.063754558563232
11213,11.927103757858276
11214,21.22352695465088
11215,12.646337747573853
11216,11.841888189315796
11217,38.72881317138672
11218,18.830498933792114
11219,35.344987869262695
11220,32.085209369659424
11221,25.77678632736206
11222,56.725937843322754
11223,26.36565637588501
11224,35.291507720947266
11225,66.67279624938965
11226,31.73572301864624
11227,21.17974328994751
11228,57.67851734161377
11229,19.542301177978516
11230,11.431102991104126
11231,32.45605421066284
11232,21.197946548461914
11233,11.635383367538452
11234,21.63211727142334
11235,37.03471803665161
11236,26.142739295959473
11237,11.680636405944824
11238,34.650763511657715
11239,45.67448806762695
11240,11.940374374389648
11241,20.589672803878784
11242,12.68495488166809
11243,25.360458374023438
11244,43.94904804229736
11245,36.13868236541748
11246,20.38363766670227
11247,20.07502269744873
11248,54.42147922515869
11249,12.504318952560425
11250,20.8001651763916
11251,12.781995058059692
11252,55.20657920837402
11253,20.434278964996338
11254,31.888216018676758
11255,32.896621227264404
11256,21.045181274414062
11257,26.1510591506958
11258,20.145131826400757
11259,26.137503623962402
11260,21.69224977493286
11261,40.15122318267822
11262,45.72285461425781
11263,21.658090114593506
11264,12.650603294372559
11265,11.762929916381836
11266,36.24302577972412
11267,12.710097551345825
11268,41.49588584899902
11269,19.982903957366943
11270,25.53158950805664
11271,32.3701376914978
11272,20.940833568572998
11273,42.28929424285889
11274,11.72806429862976
11275,31.11054277420044
11276,31.569132328033447
11277,12.631030321121216
11278,25.71492338180542
11279,50.56214904785156
11280,12.42873740196228
11281,55.60136604309082
11282,19.21186375617981
11283,36.10165452957153
11284,11.68410611152649
11285,12.346284627914429
11286,34.692660331726074
11287,26.20897102355957
11288,35.90492248535156
11289,10.971578121185303
11290,11.414600610733032
11291,11.361724615097046
11292,25.922889232635498
11293,13.108823537826538
11294,20.455461978912354
11295,20.68795919418335
11296,21.453654289245605
11297,11.64675259590149
11298,20.021748065948486
11299,37.31836938858032
11300,37.60922622680664
11301,34.256813526153564
11302,26.38813591003418
11303,20.935576915740967
11304,11.79253888130188
11305,11.817397117614746
11306,20.158220291137695
11307,37.29479265213013
11308,35.537652015686035
11309,11.816350936889648
11310,11.87651252746582
11311,26.53873920440674
11312,73.53013229370117
11313,31.166005611419678
11314,31.811206340789795
11315,32.50490379333496
11316,11.835700750350952
11317,11.8909592628479
11318,35.72161340713501
11319,12.254180431365967
11320,12.850196599960327
11321,21.67279052734375
11322,26.923024654388428
11323,12.45846152305603
11324,25.963541507720947
11325,12.253024101257324
11326,12.817231893539429
11327,11.711247444152832
11328,20.740607261657715
11329,25.03992748260498
11330,22.736977577209473
11331,21.647991180419922
11332,20.40916109085083
11333,78.62310886383057
11334,12.422979831695557
11335,37.84112882614136
11336,20.863318920135498
11337,31.351722717285156
11338,21.649765968322754
11339,23.09093475341797
11340,36.737215995788574
11341,40.15522050857544
11342,25.85935926437378
11343,19.584551095962524
11344,49.99055862426758
11345,40.95754051208496
11346,20.878621101379395
11347,51.72543144226074
11348,12.38955545425415
11349,20.357791900634766
11350,20.276901245117188
11351,26.16539716720581
11352,31.113454818725586
11353,34.9544038772583
11354,20.182318687438965
11355,20.882556438446045
11356,21.647018909454346
11357,17.0461208820343
11358,40.266862869262695
11359,27.178672313690186
11360,29.953836917877197
11361,12.168607473373413
11362,42.44007968902588
11363,11.997990846633911
11364,21.155362129211426
11365,31.831668853759766
11366,12.849284887313843
11367,22.17548894882202
11368,37.284157276153564
11369,30.69696283340454
11370,40.54838466644287
11371,41.758477210998535
11372,47.092217445373535
11373,30.299153804779053
11374,33.77480220794678
11375,26.062113285064697
11376,27.08181142807007
11377,35.54455089569092
11378,20.323530673980713
11379,26.80649471282959
11380,20.59473419189453
11381,46.37476825714111
11382,11.576588869094849
11383,20.746668338775635
11384,12.027788400650024
11385,30.373650550842285
11386,34.70414876937866
11387,13.111749649047852
11388,13.184129476547241
11389,26.697085857391357
11390,38.521719455718994
11391,35.53372526168823
11392,40.79605960845947
11393,48.36346626281738
11394,12.047387599945068
11395,22.06031560897827
11396,26.003084182739258
11397,26.81695795059204
11398,26.383315086364746
11399,19.462962865829468
11400,12.20068097114563
11401,12.46628212928772
11402,41.07810974121094
11403,19.44729208946228
11404,25.86679697036743
11405,34.147281646728516
11406,40.18607473373413
11407,22.166101455688477
11408,77.46688747406006
11409,20.691667318344116
11410,12.58372974395752
11411,12.785471439361572
11412,21.787052631378174
11413,12.363379001617432
11414,52.34277057647705
11415,21.96394443511963
11416,19.049084186553955
11417,26.45122480392456
11418,25.57386541366577
11419,20.959242343902588
11420,11.84273362159729
11421,12.595064163208008
11422,20.40182065963745
11423,21.54804754257202
11424,21.832161903381348
11425,72.8384656906128
11426,26.23830223083496
11427,21.038522243499756
11428,20.623812437057495
11429,37.0397253036499
11430,12.577033996582031
11431,50.650023460388184
11432,11.961089611053467
11433,42.36699199676514
11434,45.51991939544678
11435,26.77253007888794
11436,37.095802307128906
11437,19.39294672012329
11438,25.83756160736084
11439,12.681274652481079
11440,27.093207836151123
11441,11.160655498504639
11442,11.494649410247803
11443,11.664674997329712
11444,25.957400798797607
11445,34.7685341835022
11446,21.32573413848877
11447,12.477304697036743
11448,34.82223844528198
11449,12.48193645477295
11450,26.172608852386475
11451,24.485636711120605
11452,37.178292751312256
11453,37.55293369293213
11454,32.09338331222534
11455,32.61962175369263
11456,11.62708330154419
11457,26.5078706741333
11458,25.26829242706299
11459,49.75906467437744
11460,27.032752990722656
11461,11.817481279373169
11462,44.792232513427734
11463,21.657718181610107
11464,26.339398860931396
11465,20.283623218536377
11466,12.744419813156128
11467,65.7669906616211
11468,21.072346210479736
11469,21.392765998840332
11470,32.58608818054199
11471,20.89913034439087
11472,46.595258712768555
11473,42.911916732788086
11474,34.06561803817749
11475,35.23327350616455
11476,53.98723602294922
11477,20.3163423538208
11478,37.774752616882324
11479,33.510854721069336
11480,33.948580265045166
11481,69.85481548309326
11482,44.30498218536377
11483,22.50171184539795
11484,21.248149394989014
11485,19.5087730884552
11486,37.08642530441284
11487,11.962191581726074
11488,34.96606159210205
11489,36.037582874298096
11490,13.145118474960327
11491,20.42216444015503
11492,20.120584726333618
11493,20.4014573097229
11494,31.668768882751465
11495,20.803881645202637
11496,35.99025344848633
11497,25.61970806121826
11498,20.43040657043457
11499,26.584412574768066
11500,39.86628341674805
11501,37.495041370391846
11502,26.174399852752686
11503,21.06913185119629
11504,21.222325325012207
11505,12.482017993927002
11506,12.235215425491333
11507,19.403225421905518
11508,21.393463134765625
11509,22.378409385681152
11510,17.73618173599243
11511,15.676546812057495
11512,12.541728019714355
11513,26.981810569763184
11514,55.1127290725708
11515,21.82426404953003
11516,12.529716968536377
11517,11.988213777542114
11518,39.22150993347168
11519,32.231056213378906
11520,32.34567403793335
11521,18.98166584968567
11522,53.2503719329834
11523,32.46812582015991
11524,21.1294002532959
11525,11.802325963973999
11526,20.98214054107666
11527,11.875859260559082
11528,20.653905391693115
11529,32.14716720581055
11530,21.067269325256348
11531,12.869145393371582
11532,11.85951542854309
11533,11.791808843612671
11534,21.723066329956055
11535,26.583760261535645
11536,20.853121757507324
11537,26.721599102020264
11538,42.14413642883301
11539,12.235636234283447
11540,25.72425603866577
11541,31.02564811706543
11542,45.83046340942383
11543,26.071778297424316
11544,11.43180251121521
11545,19.218780755996704
11546,31.445252418518066
11547,12.964620351791382
11548,13.335381984710693
11549,21.38765525817871
11550,21.078240394592285
11551,37.52431344985962
11552,40.82671356201172
11553,12.43129277229309
11554,57.01383399963379
11555,30.252548694610596
11556,53.25612258911133
11557,27.29598617553711
11558,11.578691005706787
11559,11.712997198104858
11560,11.465994834899902
11561,20.404602527618408
11562,12.341159582138062
11563,68.79516410827637
11564,11.49183464050293
11565,22.481993198394775
11566,11.788320064544678
11567,11.617258787155151
11568,21.581937789916992
11569,25.983713626861572
11570,11.057130575180054
11571,20.79003667831421
11572,11.88301157951355
11573,49.91327095031738
11574,26.179469108581543
11575,36.518306732177734
11576,25.263078212738037
11577,31.65335702896118
11578,34.37042951583862
11579,31.81101703643799
11580,13.20009970664978
11581,53.378737449645996
11582,40.15387964248657
11583,12.074095249176025
11584,11.955227613449097
11585,22.268671989440918
11586,60.20003890991211
11587,13.174282550811768
11588,12.328100442886353
11589,20.290332794189453
11590,12.968989610671997
11591,40.16414737701416
11592,21.628815174102783
11593,20.214082956314087
11594,39.90152168273926
11595,40.142216205596924
11596,20.594696521759033
11597,50.697665214538574
11598,26.34000873565674
11599,19.867724418640137
11600,33.32052659988403
11601,11.917784929275513
11602,12.159555196762085
11603,25.495898723602295
11604,20.77751922607422
11605,54.53396701812744
11606,21.82948398590088
11607,18.6860990524292
11608,12.486511468887329
11609,42.74431228637695
11610,27.111899375915527
11611,25.763431072235107
11612,20.30349111557007
11613,21.106937885284424
11614,13.130228757858276
11615,20.914803504943848
11616,11.787695169448853
11617,40.17889213562012
11618,33.05480241775513
11619,11.722012042999268
11620,32.1392388343811
11621,21.471914768218994
11622,30.64993143081665
11623,26.98777723312378
11624,12.902064800262451
11625,32.784706592559814
11626,12.054826498031616
11627,25.4641432762146
11628,27.539705753326416
11629,35.950989723205566
11630,25.898396492004395
11631,65.04751968383789
11632,12.679190635681152
11633,26.027029991149902
11634,21.57042932510376
11635,34.21356678009033
11636,24.09619903564453
11637,25.92365026473999
11638,46.70206928253174
11639,12.099470615386963
11640,26.341177463531494
11641,20.959462642669678
11642,27.205842971801758
11643,59.491122245788574
11644,12.80475115776062
11645,12.55252194404602
11646,35.1079626083374
11647,31.202415466308594
11648,11.188939094543457
11649,26.526931285858154
11650,12.366865634918213
11651,12.029286861419678
11652,25.804020404815674
11653,13.56707239151001
11654,11.107139587402344
11655,13.472010850906372
11656,25.265892505645752
11657,50.924431800842285
11658,12.766819477081299
11659,12.039414167404175
11660,21.504334926605225
11661,20.754599571228027
11662,25.644017696380615
11663,32.29921817779541
11664,20.62863254547119
11665,26.68330717086792
11666,20.865419387817383
11667,19.812754154205322
11668,11.78152060508728
11669,12.508037805557251
11670,49.45847415924072
11671,37.88865423202515
11672,40.791863441467285
11673,43.05643844604492
11674,34.354971408843994
11675,31.791953563690186
11676,42.50200939178467
11677,20.604451179504395
11678,12.965450048446655
11679,31.41027307510376
11680,13.11525821685791
11681,22.095772743225098
11682,72.60631847381592
11683,26.86056613922119
11684,36.09400224685669
11685,11.11190676689148
11686,20.29013204574585
11687,12.470317840576172
11688,18.294487953186035
11689,18.906641244888306
11690,13.396403789520264
11691,41.606940269470215
11692,29.97215509414673
11693,49.14094352722168
11694,40.53305435180664
11695,42.30901527404785
11696,12.455554246902466
11697,31.93121862411499
11698,25.866576194763184
11699,22.071865558624268
11700,11.985041618347168
11701,30.7195987701416
11702,21.354905605316162
11703,26.823755264282227
11704,19.27589249610901
11705,20.12473154067993
11706,11.739430904388428
11707,49.663225173950195
11708,20.660035371780396
11709,35.59844970703125
11710,11.243491172790527
11711,20.650911808013916
11712,20.76449966430664
11713,40.61206531524658
11714,25.137218952178955
11715,12.130970478057861
11716,34.908867835998535
11717,12.23128890991211
11718,49.202518463134766
11719,32.75006866455078
11720,20.20051598548889
11721,26.944249629974365
11722,20.48388147354126
11723,31.589064598083496
11724,35.36557912826538
11725,42.55005359649658
11726,26.921401500701904
11727,21.200066089630127
11728,40.14312696456909
11729,26.29307985305786
11730,11.840536117553711
11731,27.25235605239868
11732,12.61092734336853
11733,31.343314170837402
11734,30.765281200408936
11735,31.651225090026855
11736,11.974701404571533
11737,26.928808212280273
11738,35.443021297454834
11739,21.87879180908203
11740,35.78309202194214
11741,11.744334936141968
11742,20.619447231292725
11743,26.76940679550171
11744,21.03681516647339
11745,26.746070384979248
11746,11.875996589660645
11747,53.974260330200195
11748,54.48109149932861
11749,26.321425437927246
11750,12.306406021118164
11751,25.590162754058838
11752,20.28000235557556
11753,31.825407028198242
11754,49.71015167236328
11755,31.497139930725098
11756,20.468533992767334
11757,46.934468269348145
11758,26.417057991027832
11759,11.815298795700073
11760,40.16641330718994
11761,11.963565587997437
11762,12.102851152420044
11763,12.353936672210693
11764,32.38826322555542
11765,30.793811321258545
11766,11.813773155212402
11767,21.43757438659668
11768,11.823325157165527
11769,20.85857391357422
11770,31.799120903015137
11771,13.197039127349854
11772,20.47591781616211
11773,49.322465896606445
11774,44.81139945983887
11775,62.61684513092041
11776,31.813603401184082
11777,20.65989637374878
11778,34.279637813568115
11779,11.871549367904663
11780,48.98623085021973
11781,34.87602472305298
11782,37.91082525253296
11783,12.332031726837158
11784,12.10095500946045
11785,20.467565059661865
11786,12.247988224029541
11787,32.574047565460205
11788,11.74911093711853
11789,11.848569393157959
11790,25.184561729431152
11791,20.461120128631592
11792,11.838846683502197
11793,20.89352512359619
11794,27.680540561676025
11795,26.54695415496826
11796,12.053359031677246
11797,52.471431732177734
11798,48.638235092163086
11799,21.43843984603882
11800,25.81559944152832
11801,25.298128604888916
11802,13.101070165634155
11803,51.18585777282715
11804,25.990543842315674
11805,11.7183997631073
11806,35.34118938446045
11807,41.92040824890137
11808,12.122578382492065
11809,11.837554931640625
11810,21.898870944976807
11811,25.02326202392578
11812,21.82192039489746
11813,42.79428005218506
11814,12.303432703018188
11815,11.555089950561523
11816,21.129338264465332
11817,25.99336862564087
11818,59.35481834411621
11819,26.54588747024536
11820,20.76430082321167
11821,26.821170806884766
11822,35.27785301208496
11823,19.309149980545044
11824,25.397818088531494
11825,37.090384006500244
11826,26.832263946533203
11827,20.891498565673828
11828,11.837508916854858
11829,21.10274648666382
11830,40.683794021606445
11831,21.100517749786377
11832,11.959917545318604
11833,50.27662944793701
11834,49.51830863952637
11835,12.673969984054565
11836,22.226272583007812
11837,45.16517162322998
11838,12.64656400680542
11839,25.80954074859619
11840,37.272804260253906
11841,50.791555404663086
11842,20.61836338043213
11843,19.949700593948364
11844,20.274462699890137
11845,20.181177854537964
11846,35.1122841835022
11847,26.550405979156494
11848,26.115288734436035
11849,21.71922731399536
11850,38.99034547805786
11851,11.572031497955322
11852,35.099732875823975
11853,45.21967124938965
11854,12.601418018341064
11855,22.384947776794434
11856,12.564101934432983
11857,12.850361585617065
11858,21.07207155227661
11859,11.658020257949829
11860,20.327022075653076
11861,36.449646949768066
11862,20.94452142715454
11863,12.61768388748169
11864,31.12252187728882
11865,20.55393886566162
11866,11.89484167098999
11867,11.849915027618408
11868,35.57139348983765
11869,32.518134117126465
11870,46.92505741119385
11871,38.1711163520813
11872,26.7652850151062
11873,31.649571418762207
11874,50.06195068359375
11875,32.37883472442627
11876,32.494800090789795
11877,25.611228942871094
11878,20.967263221740723
11879,21.188031673431396
11880,22.072439670562744
11881,19.864606857299805
11882,28.115124702453613
11883,12.379275560379028
11884,19.78844976425171
11885,35.93954849243164
11886,35.29065132141113
11887,31.862582683563232
11888,40.89978790283203
11889,26.192311763763428
11890,22.34978437423706
11891,30.584289073944092
11892,31.790120124816895
11893,34.014182567596436
11894,20.256996631622314
11895,21.258654594421387
11896,25.745853424072266
11897,34.33930206298828
11898,26.03062343597412
11899,40.49327564239502
11900,35.0463662147522
11901,20.66051435470581
11902,11.602147102355957
11903,12.464543342590332
11904,12.573939323425293
11905,49.77958583831787
11906,20.10822629928589
11907,43.11559772491455
11908,20.014491081237793
11909,18.08958649635315
11910,25.133490562438965
11911,25.917909145355225
11912,50.918251037597656
11913,11.078223705291748
11914,30.163533687591553
11915,35.469523906707764
11916,36.84476709365845
11917,12.715723037719727
11918,20.000787019729614
11919,12.10303258895874
11920,22.040239810943604
11921,25.930077075958252
11922,26.653558254241943
11923,11.834354639053345
11924,11.562822580337524
11925,12.671096324920654
11926,19.283325910568237
11927,69.8490343093872
11928,21.290430068969727
11929,29.859872817993164
11930,34.3907675743103
11931,20.81101703643799
11932,25.503477573394775
11933,12.085883617401123
11934,19.320112705230713
11935,34.67173910140991
11936,25.150601863861084
11937,21.605153560638428
11938,32.90091800689697
11939,20.635600566864014
11940,11.225780725479126
11941,20.164949893951416
11942,22.040698051452637
11943,20.27643656730652
11944,11.962555646896362
11945,19.96804666519165
11946,20.751140832901
11947,43.59322738647461
11948,19.87198758125305
11949,27.634323120117188
11950,21.115342140197754
11951,12.680855512619019
11952,37.66587972640991
11953,20.389453887939453
11954,30.067357063293457
11955,31.72702693939209
11956,31.279900550842285
11957,13.85715103149414
11958,49.1117467880249
11959,37.210049629211426
11960,51.67281246185303
11961,11.909892320632935
11962,11.748511552810669
11963,26.191868782043457
11964,26.839343070983887
11965,11.609040975570679
11966,26.62889862060547
11967,20.529680252075195
11968,38.38801097869873
11969,12.432347297668457
11970,21.127538681030273
11971,12.177522897720337
11972,20.192625522613525
11973,20.471467971801758
11974,33.842631340026855
11975,25.723089694976807
11976,19.687326908111572
11977,20.635420322418213
11978,13.267968893051147
11979,20.387189865112305
11980,26.203025817871094
11981,38.18830585479736
11982,21.672471046447754
11983,12.62790322303772
11984,43.86854934692383
11985,12.460982322692871
11986,11.621699094772339
11987,12.598397254943848
11988,20.564784049987793
11989,20.687052726745605
11990,48.502336502075195
11991,24.549562454223633
11992,49.498908042907715
11993,36.83467197418213
11994,20.71381378173828
11995,30.99220371246338
11996,31.393690586090088
11997,35.21106290817261
11998,12.928151845932007
11999,32.00350522994995
12000,19.94090485572815
12001,25.746086597442627
12002,19.627414226531982
12003,41.166749000549316
12004,56.817978858947754
12005,25.906711101531982
12006,33.669179916381836
12007,11.543684244155884
12008,26.687623023986816
12009,11.943185806274414
12010,12.127723455429077
12011,49.60514831542969
12012,45.406423568725586
12013,12.214088678359985
12014,20.86901330947876
12015,37.42932367324829
12016,48.38459873199463
12017,26.155790328979492
12018,27.59755229949951
12019,24.88861656188965
12020,20.24992799758911
12021,47.03405570983887
12022,25.417380809783936
12023,35.64620065689087
12024,31.706454277038574
12025,54.06339073181152
12026,20.35384464263916
12027,13.141971111297607
12028,35.54924440383911
12029,26.167466640472412
12030,31.09244441986084
12031,22.894197940826416
12032,11.950515508651733
12033,26.80062770843506
12034,12.156935691833496
12035,37.27180194854736
12036,31.376116275787354
12037,12.765473365783691
12038,20.79193115234375
12039,20.461727619171143
12040,40.89157009124756
12041,40.16938591003418
12042,37.410958766937256
12043,21.209157943725586
12044,20.766520023345947
12045,20.025532484054565
12046,48.14424419403076
12047,31.431458473205566
12048,11.711703300476074
12049,31.740237712860107
12050,12.50178575515747
12051,12.113889932632446
12052,12.12704062461853
12053,20.753902435302734
12054,49.279300689697266
12055,36.028465270996094
12056,35.83836507797241
12057,12.884073495864868
12058,12.258721590042114
12059,43.174696922302246
12060,12.585294723510742
12061,12.610555410385132
12062,30.306535720825195
12063,18.271137714385986
12064,26.669110774993896
12065,12.476177215576172
12066,20.48607063293457
12067,12.031848907470703
12068,25.558518886566162
12069,37.277852058410645
12070,21.132410049438477
12071,25.418691158294678
12072,26.908477783203125
12073,45.8186092376709
12074,27.014127731323242
12075,39.61447048187256
12076,20.837390422821045
12077,12.25295877456665
12078,25.275954723358154
12079,38.83733081817627
12080,25.77486562728882
12081,11.519253969192505
12082,21.47893714904785
12083,41.248348236083984
12084,46.96314334869385
12085,26.712372303009033
12086,37.37565231323242
12087,12.464896440505981
12088,48.04726314544678
12089,11.742775678634644
12090,38.05280017852783
12091,42.874104499816895
12092,66.26639747619629
12093,11.819547176361084
12094,40.44145441055298
12095,25.797613620758057
12096,26.265705108642578
12097,40.50430107116699
12098,27.00286102294922
12099,20.695183753967285
12100,26.265084743499756
12101,20.72128915786743
12102,26.401572704315186
12103,67.40449905395508
12104,13.323766231536865
12105,11.810250282287598
12106,21.740113258361816
12107,20.001017570495605
12108,26.291366577148438
12109,27.01552963256836
12110,32.418304443359375
12111,35.53627920150757
12112,27.082698345184326
12113,21.3652606010437
12114,32.3968710899353
12115,36.74971103668213
12116,44.145938873291016
12117,20.96964931488037
12118,11.919180393218994
12119,20.36405873298645
12120,19.95151710510254
12121,21.403427600860596
12122,31.914435863494873
12123,12.684064626693726
12124,27.29926061630249
12125,30.538509368896484
12126,11.795615434646606
12127,36.44215965270996
12128,20.708046436309814
12129,32.12076663970947
12130,30.933735847473145
12131,27.321197032928467
12132,25.826685905456543
12133,31.544100761413574
12134,12.109054327011108
12135,42.552499771118164
12136,20.364054679870605
12137,20.823249340057373
12138,56.598833084106445
12139,19.4342622756958
12140,21.471874237060547
12141,20.95906162261963
12142,43.08346080780029
12143,11.7575044631958
12144,19.732688665390015
12145,26.124914169311523
12146,12.080421686172485
12147,25.7359938621521
12148,11.843111038208008
12149,33.71087646484375
12150,12.220945596694946
12151,11.726300954818726
12152,12.215356826782227
12153,21.63250494003296
12154,12.485260486602783
12155,37.60446500778198
12156,20.840507984161377
12157,67.4688081741333
12158,51.63102912902832
12159,20.765048027038574
12160,39.74623250961304
12161,20.05801010131836
12162,63.67032718658447
12163,12.737782001495361
12164,32.528639793395996
12165,12.854241132736206
12166,40.59025049209595
12167,20.912639141082764
12168,25.776431560516357
12169,12.186967134475708
12170,21.707758903503418
12171,24.36373233795166
12172,21.72734498977661
12173,20.018338918685913
12174,25.844470977783203
12175,21.78787326812744
12176,19.135174989700317
12177,40.97524833679199
12178,31.254165649414062
12179,11.412168025970459
12180,36.13732671737671
12181,20.621825695037842
12182,11.763290643692017
12183,26.97982120513916
12184,25.86304759979248
12185,42.66874027252197
12186,33.54509449005127
12187,11.797205209732056
12188,26.51005268096924
12189,12.366295099258423
12190,25.810855388641357
12191,21.45762538909912
12192,20.906025886535645
12193,25.6157169342041
12194,37.379637241363525
12195,12.304689884185791
12196,20.526286125183105
12197,26.003394603729248
12198,20.4100923538208
12199,21.380563259124756
12200,27.249847412109375
12201,37.077491760253906
12202,37.71073007583618
12203,22.249823570251465
12204,12.070059537887573
12205,45.42471694946289
12206,11.94119668006897
12207,39.66073989868164
12208,12.89047122001648
12209,47.58592891693115
12210,26.524621963500977
12211,21.00604486465454
12212,42.496965408325195
12213,21.467538356781006
12214,11.849151134490967
12215,21.2266845703125
12216,20.040613412857056
12217,36.18210029602051
12218,49.077460289001465
12219,12.327786684036255
12220,62.94686508178711
12221,21.63847303390503
12222,12.023465394973755
12223,21.975942611694336
12224,27.12119197845459
12225,21.048599243164062
12226,20.72687578201294
12227,20.88169240951538
12228,25.83615207672119
12229,32.17335653305054
12230,21.053290843963623
12231,21.58817195892334
12232,21.087753772735596
12233,26.59874677658081
12234,12.610754251480103
12235,37.64910125732422
12236,12.559473752975464
12237,20.415565729141235
12238,26.56408166885376
12239,20.31021761894226
12240,20.979785919189453
12241,35.031811237335205
12242,30.534648418426514
12243,21.878782272338867
12244,34.69437599182129
12245,32.96421957015991
12246,20.238354206085205
12247,42.26323318481445
12248,12.548518419265747
12249,58.677924156188965
12250,13.119534492492676
12251,11.692373991012573
12252,18.729955434799194
12253,50.75842571258545
12254,25.682325839996338
12255,20.421797275543213
12256,26.644500255584717
12257,25.533191204071045
12258,12.017093420028687
12259,20.690587043762207
12260,19.43552827835083
12261,20.135679483413696
12262,20.608635425567627
12263,37.46808576583862
12264,40.81817150115967
12265,21.391664505004883
12266,21.16257619857788
12267,12.168122291564941
12268,20.68906331062317
12269,45.569220542907715
12270,21.577805995941162
12271,45.20029163360596
12272,20.684380054473877
12273,21.67081928253174
12274,55.73992919921875
12275,12.06699013710022
12276,11.776886701583862
12277,40.207162380218506
12278,21.47218608856201
12279,12.108360290527344
12280,21.046462535858154
12281,26.5473370552063
12282,26.001829147338867
12283,27.400891304016113
12284,12.143395900726318
12285,20.39154624938965
12286,11.795662641525269
12287,30.605292797088623
12288,25.655620574951172
12289,21.079586505889893
12290,12.250471830368042
12291,20.806630611419678
12292,25.276521682739258
12293,25.631226062774658
12294,26.19389009475708
12295,26.73837184906006
12296,31.59110403060913
12297,32.575488567352295
12298,12.469242811203003
12299,11.989557266235352
12300,26.37764263153076
12301,46.6210355758667
12302,19.61670184135437
12303,31.894264698028564
12304,12.786916732788086
12305,25.606958389282227
12306,21.54457187652588
12307,36.20784139633179
12308,36.2409553527832
12309,20.716182708740234
12310,21.441967964172363
12311,32.13300848007202
12312,47.141489028930664
12313,12.026703596115112
12314,11.636744260787964
12315,27.027860641479492
12316,11.926186561584473
12317,25.891172885894775
12318,32.91962385177612
12319,21.162189960479736
12320,25.66289710998535
12321,34.34650659561157
12322,25.012598037719727
12323,36.04141139984131
12324,25.840482711791992
12325,11.767776012420654
12326,23.73506212234497
12327,44.27665328979492
12328,37.466002464294434
12329,31.275641918182373
12330,13.750665664672852
12331,30.666783809661865
12332,11.929545879364014
12333,24.73425054550171
12334,11.84236216545105
12335,40.80988311767578
12336,12.433924913406372
12337,45.39345455169678
12338,32.36319303512573
12339,35.62680196762085
12340,37.45110321044922
12341,21.101557731628418
12342,20.518120288848877
12343,21.81609869003296
12344,11.842005491256714
12345,30.894471645355225
12346,26.159287452697754
12347,22.03504228591919
12348,37.04250621795654
12349,19.64600443840027
12350,12.368544340133667
12351,21.986132621765137
12352,11.586167573928833
12353,31.721604824066162
12354,12.274113178253174
12355,12.153034925460815
12356,31.929393768310547
12357,17.069072246551514
12358,35.72074222564697
12359,21.716145038604736
12360,12.443141222000122
12361,40.42020511627197
12362,12.197875499725342
12363,12.146655082702637
12364,34.82098627090454
12365,11.951120853424072
12366,33.769545555114746
12367,12.566805601119995
12368,11.705488443374634
12369,12.09973931312561
12370,32.58039379119873
12371,12.312011241912842
12372,26.859105587005615
12373,32.12432813644409
12374,26.494107723236084
12375,21.19602918624878
12376,11.783768892288208
12377,48.47477626800537
12378,11.78664493560791
12379,58.24339199066162
12380,12.07155179977417
12381,12.672898769378662
12382,13.440158128738403
12383,12.222012519836426
12384,12.5281081199646
12385,45.0233211517334
12386,37.17922115325928
12387,30.890674114227295
12388,12.0094633102417
12389,25.434171676635742
12390,12.364777326583862
12391,20.98772096633911
12392,36.89527416229248
12393,63.419572830200195
12394,30.455450534820557
12395,19.69318723678589
12396,21.587954998016357
12397,20.56750202178955
12398,22.117321968078613
12399,52.35751724243164
12400,20.861251831054688
12401,39.763527393341064
12402,36.30333232879639
12403,12.143642663955688
12404,21.122310638427734
12405,21.19208288192749
12406,35.21784210205078
12407,34.94919729232788
12408,36.742493629455566
12409,12.307338953018188
12410,19.848060369491577
12411,13.499781847000122
12412,31.8641996383667
12413,31.471282482147217
12414,12.675604343414307
12415,27.04999876022339
12416,37.107096672058105
12417,20.44767689704895
12418,25.72851276397705
12419,20.888230323791504
12420,35.68370723724365
12421,25.209985733032227
12422,19.441303491592407
12423,38.48044204711914
12424,41.06015205383301
12425,25.935998916625977
12426,26.583434104919434
12427,38.126346588134766
12428,19.899104118347168
12429,35.62551832199097
12430,11.15962553024292
12431,21.771080017089844
12432,20.718326568603516
12433,26.963338375091553
12434,21.2685546875
12435,11.786746501922607
12436,19.772039651870728
12437,21.162222862243652
12438,11.774930000305176
12439,26.56562328338623
12440,45.3562068939209
12441,12.741841554641724
12442,19.521533727645874
12443,35.66439199447632
12444,26.33531427383423
12445,21.004963397979736
12446,21.862860202789307
12447,12.414904356002808
12448,35.32461404800415
12449,12.105032444000244
12450,34.94877862930298
12451,20.409430503845215
12452,12.375932931900024
12453,11.940159797668457
12454,20.014650344848633
12455,27.035991191864014
12456,12.387476205825806
12457,55.571664810180664
12458,11.833376407623291
12459,21.129874229431152
12460,20.538235664367676
12461,36.81997585296631
12462,20.236578941345215
12463,25.990530967712402
12464,26.881567001342773
12465,37.48395299911499
12466,35.042330741882324
12467,39.71762657165527
12468,20.493534564971924
12469,11.669041633605957
12470,27.190409660339355
12471,26.07811164855957
12472,70.45615005493164
12473,31.7843656539917
12474,12.299062252044678
12475,12.407160758972168
12476,26.12065076828003
12477,20.625097274780273
12478,20.62965965270996
12479,20.79004716873169
12480,26.994134426116943
12481,39.828558921813965
12482,32.03735685348511
12483,56.864803314208984
12484,26.95199680328369
12485,26.594682216644287
12486,31.254053115844727
12487,35.37468147277832
12488,56.813626289367676
12489,56.60729217529297
12490,21.814146518707275
12491,20.531136989593506
12492,12.821138143539429
12493,12.61895227432251
12494,11.837727308273315
12495,20.762921810150146
12496,20.591718673706055
12497,12.93618631362915
12498,48.32482147216797
12499,12.659296035766602
12500,34.87546682357788
12501,17.41345715522766
12502,25.415655612945557
12503,32.01612329483032
12504,40.26977729797363
12505,35.86692571640015
12506,11.89264988899231
12507,12.503981590270996
12508,30.009718894958496
12509,31.848417282104492
12510,27.43688201904297
12511,25.542109489440918
12512,21.113625049591064
12513,68.26258945465088
12514,31.051981449127197
12515,12.316762924194336
12516,20.642563819885254
12517,19.80679965019226
12518,20.819831371307373
12519,31.777008056640625
12520,11.703060150146484
12521,26.83201503753662
12522,12.40697431564331
12523,35.290305614471436
12524,26.29450559616089
12525,11.828177690505981
12526,25.875123500823975
12527,21.79933500289917
12528,33.008636474609375
12529,31.894095420837402
12530,31.889743328094482
12531,11.99050235748291
12532,37.18919229507446
12533,11.853066444396973
12534,21.013314723968506
12535,31.79390573501587
12536,11.66752028465271
12537,21.608113288879395
12538,20.3201642036438
12539,44.30680465698242
12540,20.57341480255127
12541,35.27413749694824
12542,26.647733211517334
12543,26.962852954864502
12544,11.985345125198364
12545,48.66974353790283
12546,42.673428535461426
12547,12.428137302398682
12548,12.023164749145508
12549,12.731600999832153
12550,11.786512851715088
12551,38.0188627243042
12552,12.459390640258789
12553,37.10561656951904
12554,32.29036808013916
12555,12.475960969924927
12556,12.40128231048584
12557,26.363418102264404
12558,11.959809064865112
12559,26.28560781478882
12560,11.79198956489563
12561,25.026465892791748
12562,13.036796569824219
12563,12.417470216751099
12564,20.786229133605957
12565,64.33606910705566
12566,20.476155757904053
12567,11.302801370620728
12568,35.7757682800293
12569,11.786559343338013
12570,35.362667083740234
12571,26.174962043762207
12572,21.07359218597412
12573,13.191955089569092
12574,21.225175857543945
12575,20.435519218444824
12576,36.172720432281494
12577,26.113652229309082
12578,26.593461990356445
12579,42.41155815124512
12580,21.16931676864624
12581,26.816238403320312
12582,20.542634963989258
12583,30.803452491760254
12584,25.901692390441895
12585,21.28850746154785
12586,36.95030164718628
12587,27.42118549346924
12588,20.210986375808716
12589,21.975082874298096
12590,21.374585151672363
12591,21.255245208740234
12592,32.28056287765503
12593,30.937352657318115
12594,27.106454372406006
12595,12.05157470703125
12596,35.54109477996826
12597,21.54603910446167
12598,37.112635135650635
12599,20.6044282913208
12600,20.358824253082275
12601,31.564021110534668
12602,32.05642795562744
12603,11.809873342514038
12604,13.271379232406616
12605,21.496208667755127
12606,33.74524164199829
12607,37.618582248687744
12608,12.127574682235718
12609,26.141713619232178
12610,12.166102170944214
12611,20.900080680847168
12612,20.879883766174316
12613,21.040568828582764
12614,11.789350748062134
12615,11.912798881530762
12616,35.21530294418335
12617,32.272061824798584
12618,26.95675230026245
12619,20.572620391845703
12620,35.279420375823975
12621,63.34903335571289
12622,19.816168546676636
12623,11.180989742279053
12624,21.115004062652588
12625,33.669631481170654
12626,12.399843692779541
12627,20.713380813598633
12628,13.235657930374146
12629,20.754291534423828
12630,12.550135135650635
12631,26.648138523101807
12632,43.16607475280762
12633,20.679962635040283
12634,20.821194648742676
12635,20.418227434158325
12636,42.572556495666504
12637,26.391213417053223
12638,11.639872550964355
12639,47.555437088012695
12640,11.830140352249146
12641,11.542185068130493
12642,20.86775302886963
12643,14.374411582946777
12644,34.363139629364014
12645,37.82684135437012
12646,21.147366046905518
12647,32.36325168609619
12648,12.218803405761719
12649,38.04019117355347
12650,25.861181259155273
12651,47.07745838165283
12652,27.261829376220703
12653,41.196011543273926
12654,32.357497692108154
12655,36.12085437774658
12656,12.585159063339233
12657,25.39260768890381
12658,31.049179553985596
12659,20.386324405670166
12660,40.74292755126953
12661,30.861239910125732
12662,21.480734825134277
12663,26.93085289001465
12664,24.6983699798584
12665,20.670222282409668
12666,11.888550519943237
12667,21.004674911499023
12668,12.579009056091309
12669,20.63575506210327
12670,35.90161180496216
12671,13.181065559387207
12672,11.508500099182129
12673,46.109642028808594
12674,20.16742968559265
12675,11.624478101730347
12676,19.672518014907837
12677,31.956950187683105
12678,39.54827260971069
12679,11.649179697036743
12680,31.488100051879883
12681,42.1989803314209
12682,78.64817142486572
12683,33.964656352996826
12684,34.964035987854004
12685,31.683825492858887
12686,40.699177742004395
12687,11.890918254852295
12688,26.664236068725586
12689,31.343573093414307
12690,20.672523975372314
12691,35.544872760772705
12692,37.044825077056885
12693,54.21157646179199
12694,26.029160499572754
12695,12.045104026794434
12696,35.634052753448486
12697,32.1102180480957
12698,11.375004768371582
12699,27.924285411834717
12700,13.148894548416138
12701,11.910551071166992
12702,31.83446168899536
12703,12.168996810913086
12704,31.78190279006958
12705,12.568716287612915
12706,20.359943866729736
12707,20.78063154220581
12708,11.601574897766113
12709,12.263187170028687
12710,26.100873947143555
12711,20.89799690246582
12712,24.842609882354736
12713,53.04158878326416
12714,31.973586559295654
12715,12.558192729949951
12716,50.40269088745117
12717,25.65969753265381
12718,43.66751003265381
12719,25.849960803985596
12720,20.10029149055481
12721,11.963993787765503
12722,11.833596467971802
12723,11.906396389007568
12724,12.616811275482178
12725,26.618078231811523
12726,20.72033405303955
12727,44.24079704284668
12728,11.760332107543945
12729,35.887229919433594
12730,44.687849044799805
12731,11.89713978767395
12732,48.598679542541504
12733,21.037065505981445
12734,21.618096351623535
12735,20.071327209472656
12736,21.752005100250244
12737,20.938809871673584
12738,20.406785011291504
12739,11.975474119186401
12740,30.385141849517822
12741,37.566219329833984
12742,25.5404953956604
12743,20.837690830230713
12744,41.767287254333496
12745,27.02337121963501
12746,52.096763610839844
12747,26.220053672790527
12748,21.428716897964478
12749,11.55789303779602
12750,12.281698226928711
12751,31.004068851470947
12752,11.92534351348877
12753,11.535454750061035
12754,21.241686820983887
12755,26.884268283843994
12756,34.894543170928955
12757,42.003159523010254
12758,11.87939739227295
12759,20.459787368774414
12760,21.560593605041504
12761,31.271770000457764
12762,40.11755990982056
12763,20.778855323791504
12764,11.980184555053711
12765,30.8761625289917
12766,21.671889781951904
12767,35.579848289489746
12768,40.012861251831055
12769,32.40838146209717
12770,12.256434202194214
12771,26.37960433959961
12772,10.67399787902832
12773,65.22860622406006
12774,46.69890785217285
12775,37.01726484298706
12776,21.548552989959717
12777,20.401598930358887
12778,21.17100954055786
12779,20.402865409851074
12780,21.256078720092773
12781,55.638925552368164
12782,28.267289638519287
12783,25.738337993621826
12784,12.074134349822998
12785,50.20620250701904
12786,31.767966747283936
12787,31.313437461853027
12788,20.769866943359375
12789,25.62986946105957
12790,30.729897499084473
12791,12.304652690887451
12792,12.346967935562134
12793,21.214868545532227
12794,11.930266618728638
12795,42.11231708526611
12796,11.856999158859253
12797,11.579062700271606
12798,21.166933059692383
12799,11.826841354370117
12800,20.907657623291016
12801,12.578324794769287
12802,25.043354034423828
12803,20.508312702178955
12804,41.471076011657715
12805,40.680524826049805
12806,34.121644496917725
12807,11.839612245559692
12808,20.21090793609619
12809,11.511388063430786
12810,11.761703968048096
12811,29.555623531341553
12812,32.843257427215576
12813,34.51914072036743
12814,31.002001762390137
12815,36.16906213760376
12816,11.790074348449707
12817,26.605865478515625
12818,37.22639751434326
12819,35.07478094100952
12820,21.475471019744873
12821,11.36952543258667
12822,19.22645378112793
12823,25.86296272277832
12824,25.723312377929688
12825,12.802157640457153
12826,12.158593654632568
12827,21.141464710235596
12828,47.687259674072266
12829,11.887093782424927
12830,35.9665093421936
12831,36.552051067352295
12832,20.58385968208313
12833,31.380959033966064
12834,35.52843904495239
12835,32.885982513427734
12836,57.22985076904297
12837,27.13800287246704
12838,30.736848831176758
12839,21.079317569732666
12840,20.982707977294922
12841,12.248579502105713
12842,30.098503589630127
12843,27.08962345123291
12844,49.64494323730469
12845,24.395944595336914
12846,12.436911582946777
12847,20.448394298553467
12848,20.151515007019043
12849,48.27422046661377
12850,26.236637592315674
12851,46.53613090515137
12852,10.964925289154053
12853,20.655582904815674
12854,12.65046739578247
12855,32.40731430053711
12856,12.400514602661133
12857,12.27218222618103
12858,48.77259540557861
12859,45.70101070404053
12860,21.093406677246094
12861,52.61664390563965
12862,31.549570560455322
12863,21.26314401626587
12864,19.637567043304443
12865,37.570860862731934
12866,50.28398895263672
12867,58.76900291442871
12868,69.34549903869629
12869,39.909969329833984
12870,20.06094217300415
12871,12.349104404449463
12872,35.955384731292725
12873,19.777995586395264
12874,26.1072416305542
12875,54.92652130126953
12876,26.252261638641357
12877,36.168335914611816
12878,12.013571500778198
12879,11.82190728187561
12880,22.74662208557129
12881,11.701033115386963
12882,11.982190132141113
12883,21.150876998901367
12884,69.31676864624023
12885,12.118099212646484
12886,26.38840341567993
12887,20.43794846534729
12888,21.155585289001465
12889,41.74970626831055
12890,20.32421588897705
12891,30.727295398712158
12892,26.120718955993652
12893,42.76580047607422
12894,11.98441195487976
12895,31.846842765808105
12896,36.959904193878174
12897,12.730914115905762
12898,11.580634593963623
12899,12.298691034317017
12900,11.152668476104736
12901,39.401641845703125
12902,20.324724912643433
12903,20.54816961288452
12904,12.993278980255127
12905,20.862886428833008
12906,11.760568618774414
12907,42.45284366607666
12908,34.913601875305176
12909,47.674560546875
12910,42.266530990600586
12911,31.442914962768555
12912,12.527400016784668
12913,44.4688024520874
12914,50.09309101104736
12915,25.120717525482178
12916,78.28758716583252
12917,40.714515209198
12918,11.615617752075195
12919,20.858118057250977
12920,30.92951536178589
12921,11.7108895778656
12922,39.05912733078003
12923,42.8883695602417
12924,27.737892150878906
12925,41.98392391204834
12926,20.39163875579834
12927,26.7776198387146
12928,11.957247972488403
12929,26.314834594726562
12930,36.955405712127686
12931,26.885167598724365
12932,33.661964893341064
12933,44.57492256164551
12934,38.430848598480225
12935,12.691147565841675
12936,20.689960479736328
12937,20.786349773406982
12938,25.92633295059204
12939,32.605889320373535
12940,47.900240898132324
12941,12.558724641799927
12942,21.22075366973877
12943,29.916184425354004
12944,20.604989290237427
12945,27.782307624816895
12946,36.48203086853027
12947,40.14542818069458
12948,31.453720569610596
12949,21.27915334701538
12950,12.207297801971436
12951,12.413501262664795
12952,21.19389009475708
12953,11.471307516098022
12954,42.0231990814209
12955,37.49747180938721
12956,12.136718034744263
12957,12.515789270401001
12958,26.622873306274414
12959,34.7252459526062
12960,12.371737003326416
12961,12.091606378555298
12962,32.21763753890991
12963,21.032416820526123
12964,32.24209642410278
12965,35.21286916732788
12966,11.92806339263916
12967,25.033475399017334
12968,37.339677810668945
12969,12.244034051895142
12970,26.654816150665283
12971,12.023248672485352
12972,32.65617752075195
12973,12.750829696655273
12974,19.846423864364624
12975,12.285624980926514
12976,45.348137855529785
12977,12.535275220870972
12978,45.41450500488281
12979,12.27958369255066
12980,21.884296417236328
12981,22.084352493286133
12982,26.842164516448975
12983,20.565871238708496
12984,11.839053630828857
12985,38.5529351234436
12986,23.347121238708496
12987,31.217695236206055
12988,19.932603359222412
12989,25.441686630249023
12990,37.25521421432495
12991,12.445348978042603
12992,25.67147922515869
12993,31.356606483459473
12994,12.106519937515259
12995,20.99267053604126
12996,12.377841711044312
12997,32.60409498214722
12998,20.716195583343506
12999,40.49477958679199
13000,12.953603982925415
13001,11.94516396522522
13002,20.653017044067383
13003,12.325346231460571
13004,35.5355110168457
13005,21.61600637435913
13006,12.45328688621521
13007,33.22970628738403
13008,26.823363304138184
13009,12.046820402145386
13010,48.3986873626709
13011,12.018794298171997
13012,21.378902435302734
13013,11.783257484436035
13014,21.078524112701416
13015,36.44776916503906
13016,11.131925344467163
13017,21.046916484832764
13018,21.985570907592773
13019,13.157004356384277
13020,19.63340163230896
13021,11.785011053085327
13022,20.785691261291504
13023,32.46428966522217
13024,21.58742904663086
13025,11.23728346824646
13026,39.04450178146362
13027,21.12587022781372
13028,13.184468746185303
13029,50.52669620513916
13030,20.931126594543457
13031,25.284523487091064
13032,25.73874855041504
13033,20.67774248123169
13034,12.525729417800903
13035,31.92913055419922
13036,20.66139554977417
13037,41.672207832336426
13038,48.12520980834961
13039,22.15098237991333
13040,12.41128659248352
13041,32.12121057510376
13042,12.482995748519897
13043,24.605419635772705
13044,45.401204109191895
13045,12.617651462554932
13046,32.04277276992798
13047,32.62694454193115
13048,38.13190174102783
13049,21.311060428619385
13050,20.913028240203857
13051,35.751545429229736
13052,20.60279941558838
13053,31.780848026275635
13054,33.743248462677
13055,20.516616821289062
13056,12.50149393081665
13057,21.763099193572998
13058,12.13062572479248
13059,43.52166271209717
13060,34.527061462402344
13061,12.379116296768188
13062,12.273075342178345
13063,22.17341899871826
13064,21.1135573387146
13065,22.17110824584961
13066,42.02470397949219
13067,49.96939563751221
13068,34.11148929595947
13069,20.930552005767822
13070,30.406002521514893
13071,53.13003063201904
13072,12.505549907684326
13073,12.054194450378418
13074,12.090587139129639
13075,12.682350635528564
13076,20.31556272506714
13077,21.32671546936035
13078,20.315260887145996
13079,41.46171569824219
13080,30.87363290786743
13081,12.140170812606812
13082,19.72999358177185
13083,20.721996307373047
13084,30.585694313049316
13085,12.50498914718628
13086,12.343319416046143
13087,29.820624351501465
13088,42.345208168029785
13089,21.06676197052002
13090,35.387418270111084
13091,49.08941459655762
13092,20.636996030807495
13093,13.191018342971802
13094,20.891143321990967
13095,21.514708042144775
13096,11.797971963882446
13097,26.179869174957275
13098,33.27700996398926
13099,20.52002191543579
13100,41.533172607421875
13101,31.47006368637085
13102,45.384687423706055
13103,20.015981674194336
13104,21.046080112457275
13105,20.373145818710327
13106,13.159714460372925
13107,50.59135913848877
13108,21.087454319000244
13109,20.780409336090088
13110,20.389229774475098
13111,26.49730157852173
13112,32.14525508880615
13113,34.54430532455444
13114,11.46902060508728
13115,31.001051425933838
13116,11.922008037567139
13117,12.306221723556519
13118,10.867352366447449
13119,46.14289474487305
13120,31.48341178894043
13121,20.986669540405273
13122,12.076242208480835
13123,43.40579605102539
13124,35.69095468521118
13125,50.885372161865234
13126,43.44338035583496
13127,12.865275382995605
13128,20.906108856201172
13129,21.1190447807312
13130,41.33621597290039
13131,26.467960357666016
13132,49.978689193725586
13133,21.96205425262451
13134,30.831858158111572
13135,20.761577606201172
13136,12.104498624801636
13137,46.1316032409668
13138,50.643951416015625
13139,31.699278831481934
13140,20.692520141601562
13141,58.68867206573486
13142,26.190191745758057
13143,33.05898714065552
13144,11.924594163894653
13145,46.818349838256836
13146,20.120405673980713
13147,21.35581874847412
13148,43.35161781311035
13149,27.182849407196045
13150,20.106471061706543
13151,12.49866247177124
13152,12.335306644439697
13153,11.85601019859314
13154,29.97052574157715
13155,26.26032066345215
13156,12.021626472473145
13157,33.25309658050537
13158,12.87709927558899
13159,43.290404319763184
13160,50.56591606140137
13161,21.018468856811523
13162,28.47052240371704
13163,32.52182102203369
13164,11.629162311553955
13165,11.508818626403809
13166,31.546754837036133
13167,26.35586452484131
13168,26.616037845611572
13169,33.01828193664551
13170,26.966148376464844
13171,25.716735363006592
13172,18.48098921775818
13173,30.157437324523926
13174,20.778034687042236
13175,12.538261413574219
13176,36.25627279281616
13177,20.397679805755615
13178,20.749125957489014
13179,20.674606323242188
13180,26.555728912353516
13181,35.50674915313721
13182,21.11253547668457
13183,32.084392070770264
13184,40.11476755142212
13185,30.18612766265869
13186,39.40964412689209
13187,20.07958459854126
13188,20.47419309616089
13189,12.702993631362915
13190,34.07917308807373
13191,32.191200256347656
13192,12.609576940536499
13193,23.035409927368164
13194,35.45318269729614
13195,44.41890907287598
13196,11.918839454650879
13197,31.988676071166992
13198,11.845131635665894
13199,12.100433826446533
13200,25.910638332366943
13201,33.72032880783081
13202,11.806015014648438
13203,35.14755725860596
13204,11.274840593338013
13205,33.97907066345215
13206,31.500248908996582
13207,37.29868459701538
13208,37.3868350982666
13209,12.151704788208008
13210,12.070648193359375
13211,20.629980325698853
13212,20.542606353759766
13213,26.517903804779053
13214,26.377047538757324
13215,21.115304470062256
13216,31.113930225372314
13217,20.721630573272705
13218,25.196398735046387
13219,32.35160827636719
13220,12.031658172607422
13221,11.646591663360596
13222,12.613548278808594
13223,34.92124271392822
13224,25.086869716644287
13225,27.48468017578125
13226,40.918641090393066
13227,20.31067943572998
13228,11.831737041473389
13229,62.31551170349121
13230,26.42292547225952
13231,25.594343662261963
13232,21.433420181274414
13233,37.965906620025635
13234,25.55763530731201
13235,12.580434322357178
13236,22.197856426239014
13237,12.438037633895874
13238,20.37224268913269
13239,37.4446234703064
13240,37.09645414352417
13241,11.940814018249512
13242,31.79216957092285
13243,12.612876176834106
13244,21.914470672607422
13245,20.281686782836914
13246,20.32472801208496
13247,12.445991277694702
13248,42.281097412109375
13249,21.242846488952637
13250,12.430789709091187
13251,46.82979488372803
13252,20.636329174041748
13253,12.246829986572266
13254,21.05213737487793
13255,20.718355655670166
13256,31.65189790725708
13257,12.506364345550537
13258,25.3293776512146
13259,12.746989488601685
13260,13.00058364868164
13261,21.149707317352295
13262,25.89039373397827
13263,38.24682092666626
13264,12.515439510345459
13265,25.786630153656006
13266,12.909083366394043
13267,19.643704652786255
13268,12.62772512435913
13269,20.886168003082275
13270,21.114325046539307
13271,31.78657341003418
13272,19.614113330841064
13273,20.94404363632202
13274,12.067198753356934
13275,27.801292419433594
13276,11.21998906135559
13277,26.49691390991211
13278,35.4963812828064
13279,21.773109912872314
13280,11.638315200805664
13281,12.436742067337036
13282,46.58769512176514
13283,21.124369144439697
13284,26.64878797531128
13285,32.04890727996826
13286,21.852150917053223
13287,20.925089359283447
13288,21.276227951049805
13289,44.63481330871582
13290,35.27150821685791
13291,26.706016063690186
13292,12.651347160339355
13293,46.429243087768555
13294,32.90177869796753
13295,32.32858610153198
13296,26.586082935333252
13297,21.254579067230225
13298,31.616583347320557
13299,21.10365867614746
13300,20.627342700958252
13301,33.735596656799316
13302,61.075377464294434
13303,21.463478565216064
13304,31.48045778274536
13305,32.69822645187378
13306,41.76823902130127
13307,30.89816904067993
13308,32.29888296127319
13309,12.55509352684021
13310,21.23920440673828
13311,26.014482021331787
13312,30.84775447845459
13313,11.789175748825073
13314,25.385111331939697
13315,20.559214115142822
13316,13.024306535720825
13317,21.775240421295166
13318,12.337766170501709
13319,12.729322671890259
13320,32.15917110443115
13321,26.58932399749756
13322,13.140528678894043
13323,52.03906440734863
13324,20.56246042251587
13325,38.30184316635132
13326,25.43865728378296
13327,20.594852924346924
13328,12.466855525970459
13329,48.989834785461426
13330,12.415697813034058
13331,12.1224205493927
13332,19.12017250061035
13333,20.993207693099976
13334,31.983386516571045
13335,32.234408378601074
13336,25.750284671783447
13337,12.28504467010498
13338,11.672470569610596
13339,13.229599475860596
13340,20.597759246826172
13341,26.963141918182373
13342,13.030149698257446
13343,12.215928554534912
13344,12.175237655639648
13345,49.26757335662842
13346,26.56181812286377
13347,54.51720333099365
13348,34.85675525665283
13349,20.518965244293213
13350,34.71527338027954
13351,37.2474365234375
13352,21.092439651489258
13353,32.75317573547363
13354,26.625315189361572
13355,12.57868218421936
13356,20.151305198669434
13357,39.81856918334961
13358,19.467115879058838
13359,11.835673809051514
13360,30.359601974487305
13361,22.109028816223145
13362,19.634170055389404
13363,25.972229480743408
13364,20.31131887435913
13365,12.442389249801636
13366,21.14213800430298
13367,19.775657892227173
13368,12.534879922866821
13369,19.85520911216736
13370,12.465928792953491
13371,72.05436611175537
13372,34.822317123413086
13373,20.60129427909851
13374,27.13588571548462
13375,19.559386491775513
13376,31.827102661132812
13377,57.99429893493652
13378,20.863545417785645
13379,19.66271138191223
13380,21.175099849700928
13381,12.401727676391602
13382,11.907383441925049
13383,27.383090496063232
13384,12.190672874450684
13385,26.482277393341064
13386,37.875417709350586
13387,20.58663272857666
13388,20.144025087356567
13389,27.55763816833496
13390,19.624901294708252
13391,11.706544160842896
13392,27.168697834014893
13393,26.80712080001831
13394,13.022774457931519
13395,20.59149956703186
13396,20.619097232818604
13397,12.602455377578735
13398,34.07917404174805
13399,31.237197875976562
13400,25.0801420211792
13401,46.06478786468506
13402,12.212561845779419
13403,20.548851013183594
13404,21.01799488067627
13405,21.860936641693115
13406,21.052077770233154
13407,19.39869260787964
13408,20.11752223968506
13409,11.93301248550415
13410,51.93486499786377
13411,24.385969161987305
13412,48.57307243347168
13413,25.80333662033081
13414,37.75620985031128
13415,11.774170160293579
13416,21.048985958099365
13417,18.414271593093872
13418,40.371787548065186
13419,11.792992115020752
13420,34.1033821105957
13421,34.0156831741333
13422,20.586988925933838
13423,12.400692462921143
13424,20.959680557250977
13425,20.554027557373047
13426,49.613975524902344
13427,31.680843353271484
13428,20.546226978302002
13429,12.791911125183105
13430,12.149118423461914
13431,35.67181587219238
13432,11.874107837677002
13433,20.777925491333008
13434,20.905301094055176
13435,11.772673845291138
13436,40.84650135040283
13437,44.625548362731934
13438,26.49417543411255
13439,12.631724119186401
13440,21.96099281311035
13441,26.14338254928589
13442,26.403507709503174
13443,21.374042510986328
13444,26.274500370025635
13445,21.3658447265625
13446,31.566609382629395
13447,32.301307678222656
13448,27.746665477752686
13449,54.92953586578369
13450,64.6631212234497
13451,41.972792625427246
13452,21.331997871398926
13453,50.56774425506592
13454,11.6625497341156
13455,37.78902339935303
13456,20.760448932647705
13457,22.146949291229248
13458,20.39524555206299
13459,51.60454082489014
13460,34.790292739868164
13461,20.721377849578857
13462,12.33526086807251
13463,25.71178674697876
13464,11.802742958068848
13465,20.61073350906372
13466,12.1598961353302
13467,34.78887987136841
13468,25.811259746551514
13469,11.212508916854858
13470,39.61011457443237
13471,20.29962730407715
13472,12.25579571723938
13473,43.89580249786377
13474,11.592972755432129
13475,34.281538009643555
13476,26.078882217407227
13477,30.94004201889038
13478,21.183682918548584
13479,26.045024394989014
13480,26.310389518737793
13481,25.297051906585693
13482,51.52819633483887
13483,20.95657730102539
13484,36.46301603317261
13485,49.88227462768555
13486,20.444071769714355
13487,19.14802098274231
13488,36.24826145172119
13489,33.718092918395996
13490,12.348723888397217
13491,19.351203680038452
13492,31.352773189544678
13493,32.809258460998535
13494,25.779594898223877
13495,26.312917232513428
13496,21.055724143981934
13497,21.053202152252197
13498,26.012714385986328
13499,26.85951042175293
13500,49.57581806182861
13501,11.197429418563843
13502,11.875667095184326
13503,12.151479244232178
13504,45.15673828125
13505,26.165780544281006
13506,45.470032691955566
13507,31.816290855407715
13508,25.84086513519287
13509,25.937476634979248
13510,37.02472925186157
13511,25.476974964141846
13512,49.87193202972412
13513,21.362693309783936
13514,26.734761714935303
13515,12.819104671478271
13516,42.42262363433838
13517,25.920334815979004
13518,27.162779331207275
13519,21.14808988571167
13520,13.609640121459961
13521,19.633090496063232
13522,19.998212575912476
13523,20.751890659332275
13524,20.065361261367798
13525,38.18237829208374
13526,31.03737735748291
13527,26.47069787979126
13528,21.475863456726074
13529,32.78817415237427
13530,20.98662281036377
13531,32.27639865875244
13532,32.36514139175415
13533,12.351750612258911
13534,20.108570337295532
13535,20.903552532196045
13536,20.63274312019348
13537,26.316593647003174
13538,38.47130584716797
13539,11.952855110168457
13540,20.80588722229004
13541,38.01302528381348
13542,31.360352993011475
13543,26.096800804138184
13544,12.169016599655151
13545,19.03566026687622
13546,20.413963317871094
13547,12.866471529006958
13548,11.704649686813354
13549,20.474746704101562
13550,11.950125217437744
13551,21.309260845184326
13552,49.64194202423096
13553,20.878594398498535
13554,11.51615595817566
13555,11.333556175231934
13556,42.223100662231445
13557,21.034093379974365
13558,25.457820892333984
13559,21.210395336151123
13560,27.36775493621826
13561,26.50878143310547
13562,25.097302436828613
13563,21.225632190704346
13564,39.40034627914429
13565,25.783202171325684
13566,11.809363603591919
13567,31.914206981658936
13568,38.65962839126587
13569,40.3027606010437
13570,19.74203848838806
13571,31.568716526031494
13572,11.827611684799194
13573,21.985498905181885
13574,20.77441716194153
13575,26.833415985107422
13576,12.098240375518799
13577,20.34818458557129
13578,12.438201665878296
13579,35.75827503204346
13580,12.637638807296753
13581,20.60261344909668
13582,31.373968601226807
13583,13.170203924179077
13584,12.418551206588745
13585,12.419480800628662
13586,32.110487937927246
13587,30.041422367095947
13588,12.574201107025146
13589,11.466309070587158
13590,30.35718297958374
13591,11.908683061599731
13592,37.710561752319336
13593,20.61293649673462
13594,11.786625623703003
13595,26.845213890075684
13596,21.611536979675293
13597,20.69255495071411
13598,25.060715198516846
13599,13.278609037399292
13600,21.554967403411865
13601,32.17536449432373
13602,21.44951105117798
13603,70.06382465362549
13604,41.99155330657959
13605,12.506521463394165
13606,12.053650379180908
13607,26.965003490447998
13608,11.71823239326477
13609,50.5745325088501
13610,35.3009295463562
13611,20.186381101608276
13612,46.810608863830566
13613,42.84382915496826
13614,29.83403444290161
13615,48.84704113006592
13616,26.24709939956665
13617,26.172986030578613
13618,20.34685492515564
13619,44.28611087799072
13620,13.126999855041504
13621,26.771790504455566
13622,43.514339447021484
13623,46.09956645965576
13624,30.941781044006348
13625,26.418306827545166
13626,13.236750364303589
13627,25.35601806640625
13628,35.09309959411621
13629,40.222437381744385
13630,30.42938995361328
13631,30.62053871154785
13632,20.23891830444336
13633,36.181421756744385
13634,68.81102657318115
13635,11.985507011413574
13636,20.440698862075806
13637,21.023848056793213
13638,20.791903495788574
13639,11.719404458999634
13640,35.54253816604614
13641,46.33786201477051
13642,11.623761177062988
13643,11.764138221740723
13644,50.75687885284424
13645,26.422385215759277
13646,51.660908699035645
13647,12.427150249481201
13648,36.72388982772827
13649,20.438966512680054
13650,21.68578338623047
13651,32.09805631637573
13652,49.95223331451416
13653,21.384291648864746
13654,10.993984937667847
13655,24.74478244781494
13656,11.957460641860962
13657,11.994062423706055
13658,11.860654830932617
13659,47.75420570373535
13660,35.04650354385376
13661,35.71689987182617
13662,40.431578636169434
13663,31.103299140930176
13664,18.11262583732605
13665,19.385098934173584
13666,12.58529019355774
13667,32.96565055847168
13668,20.34420609474182
13669,20.400991439819336
13670,11.679855346679688
13671,22.08921480178833
13672,20.726356983184814
13673,33.941028118133545
13674,20.880871772766113
13675,13.185580253601074
13676,31.870834350585938
13677,20.870123863220215
13678,46.05916500091553
13679,20.133294582366943
13680,32.00544214248657
13681,25.565033435821533
13682,32.90833234786987
13683,26.474233150482178
13684,34.90545034408569
13685,21.627953052520752
13686,53.42735767364502
13687,35.529011726379395
13688,19.182990312576294
13689,21.356448650360107
13690,53.35405349731445
13691,31.13072443008423
13692,32.0895938873291
13693,20.09290885925293
13694,12.543640375137329
13695,13.18217158317566
13696,21.19863796234131
13697,32.14952611923218
13698,20.407526969909668
13699,12.247612237930298
13700,20.345842361450195
13701,12.759902238845825
13702,20.351962566375732
13703,57.04154014587402
13704,38.482762813568115
13705,36.54917526245117
13706,20.16559863090515
13707,26.7904634475708
13708,12.251911878585815
13709,20.311943292617798
13710,12.296452045440674
13711,20.01426672935486
13712,57.43164920806885
13713,39.362778663635254
13714,47.91231632232666
13715,31.71084499359131
13716,11.073570251464844
13717,40.08951282501221
13718,11.282578706741333
13719,20.807966232299805
13720,35.876447677612305
13721,26.379920959472656
13722,12.56759786605835
13723,21.157354831695557
13724,25.217676639556885
13725,21.042357444763184
13726,43.32998561859131
13727,31.615015983581543
13728,12.402579069137573
13729,12.210327625274658
13730,12.344611406326294
13731,11.99950385093689
13732,50.8123140335083
13733,32.415504455566406
13734,31.930241584777832
13735,27.12449550628662
13736,44.62552452087402
13737,31.138245105743408
13738,25.57143211364746
13739,20.09808897972107
13740,37.441447257995605
13741,19.659737825393677
13742,11.571312189102173
13743,25.697476863861084
13744,30.864727020263672
13745,35.698827266693115
13746,20.708502292633057
13747,31.366633415222168
13748,20.970966815948486
13749,20.81186866760254
13750,26.787625789642334
13751,25.94410467147827
13752,20.57209062576294
13753,11.845664978027344
13754,12.58023715019226
13755,12.116814613342285
13756,20.621338844299316
13757,44.72669506072998
13758,42.8082857131958
13759,20.214741230010986
13760,42.6239652633667
13761,20.51624870300293
13762,21.210713386535645
13763,12.64473819732666
13764,11.680147886276245
13765,37.15851020812988
13766,50.08385372161865
13767,21.00076198577881
13768,20.947288036346436
13769,14.520826578140259
13770,20.42489242553711
13771,11.821241855621338
13772,12.735902786254883
13773,31.31416082382202
13774,25.69136333465576
13775,12.083261966705322
13776,20.822890281677246
13777,26.292022705078125
13778,12.656244993209839
13779,12.316412687301636
13780,38.742706298828125
13781,26.298237323760986
13782,54.09224605560303
13783,12.680682897567749
13784,21.319645404815674
13785,20.847591876983643
13786,14.459604263305664
13787,38.78154468536377
13788,21.07248592376709
13789,26.740482807159424
13790,21.236491203308105
13791,31.65178632736206
13792,20.602169036865234
13793,21.257952213287354
13794,11.854920148849487
13795,37.3342170715332
13796,20.619662761688232
13797,36.054869651794434
13798,42.32869911193848
13799,11.346524000167847
13800,35.0124249458313
13801,31.932697296142578
13802,12.9261314868927
13803,12.247783899307251
13804,25.6561336517334
13805,26.06647825241089
13806,20.572091579437256
13807,51.129170417785645
13808,25.00381898880005
13809,20.193955898284912
13810,35.304272174835205
13811,12.521715641021729
13812,36.84056806564331
13813,19.826049327850342
13814,20.793580055236816
13815,26.569180488586426
13816,12.510070085525513
13817,12.042897701263428
13818,26.215580940246582
13819,12.678504943847656
13820,31.04523801803589
13821,20.21432113647461
13822,21.502405643463135
13823,20.022186040878296
13824,20.879584789276123
13825,35.038464069366455
13826,20.463496208190918
13827,25.502355575561523
13828,21.008272171020508
13829,19.622827291488647
13830,20.881003379821777
13831,38.22288751602173
13832,52.21522331237793
13833,31.68378257751465
13834,35.139901638031006
13835,34.42422580718994
13836,34.193931102752686
13837,17.87392520904541
13838,21.05803632736206
13839,50.98016548156738
13840,11.919679164886475
13841,12.167606353759766
13842,31.339303970336914
13843,33.656643867492676
13844,21.492616653442383
13845,20.04764223098755
13846,32.65306329727173
13847,37.779592514038086
13848,32.08292627334595
13849,12.07318663597107
13850,31.909584045410156
13851,34.24479675292969
13852,35.53273630142212
13853,21.090625762939453
13854,31.276345252990723
13855,11.877372026443481
13856,11.82438850402832
13857,20.939348220825195
13858,19.896851539611816
13859,11.817283868789673
13860,20.747518062591553
13861,26.16009521484375
13862,26.0374174118042
13863,49.84191036224365
13864,11.715580940246582
13865,12.483824253082275
13866,26.9343581199646
13867,11.800341129302979
13868,51.903014183044434
13869,26.562437057495117
13870,25.892388343811035
13871,11.954237461090088
13872,31.915040493011475
13873,11.417717695236206
13874,56.142958641052246
13875,20.500336170196533
13876,26.17448663711548
13877,40.407142162323
13878,26.432520866394043
13879,21.01988697052002
13880,12.401020288467407
13881,27.41790246963501
13882,37.248873233795166
13883,70.2017822265625
13884,11.182344436645508
13885,12.585370779037476
13886,11.604989528656006
13887,21.90471363067627
13888,34.504087924957275
13889,20.999953746795654
13890,36.44400215148926
13891,11.696000814437866
13892,49.86605453491211
13893,44.925015449523926
13894,35.82934331893921
13895,13.011812448501587
13896,12.574488401412964
13897,72.56212711334229
13898,37.69749450683594
13899,19.965959072113037
13900,49.49083709716797
13901,76.82260799407959
13902,12.258473634719849
13903,20.821351528167725
13904,11.679863691329956
13905,12.22677230834961
13906,26.748640060424805
13907,21.73812484741211
13908,11.794018268585205
13909,32.157837867736816
13910,20.69292688369751
13911,20.395408630371094
13912,20.47990322113037
13913,11.529587745666504
13914,43.67424297332764
13915,11.540208578109741
13916,13.37762188911438
13917,19.632665872573853
13918,47.10778999328613
13919,16.436527490615845
13920,20.75291633605957
13921,37.622679233551025
13922,32.387210845947266
13923,12.569300174713135
13924,33.25371837615967
13925,21.041163444519043
13926,19.5772602558136
13927,19.997918128967285
13928,25.267130374908447
13929,12.073610782623291
13930,34.0715389251709
13931,32.09716033935547
13932,20.325436115264893
13933,32.6300892829895
13934,50.1258487701416
13935,27.26214075088501
13936,12.28491497039795
13937,32.329339027404785
13938,11.810884475708008
13939,25.253986358642578
13940,20.574021339416504
13941,26.073930740356445
13942,12.792300939559937
13943,35.835915088653564
13944,11.521535634994507
13945,27.00502347946167
13946,20.129687309265137
13947,40.79548692703247
13948,73.40026760101318
13949,26.617936611175537
13950,11.172413110733032
13951,13.391933679580688
13952,11.701310157775879
13953,13.214697360992432
13954,34.99431562423706
13955,11.938835382461548
13956,20.91382598876953
13957,34.97180938720703
13958,12.324615478515625
13959,19.66160273551941
13960,11.918229103088379
13961,31.691823482513428
13962,21.974844455718994
13963,37.594587326049805
13964,11.812766551971436
13965,20.996530532836914
13966,19.558088541030884
13967,65.74124050140381
13968,12.46578049659729
13969,21.451186656951904
13970,37.00033712387085
13971,21.359891414642334
13972,37.44510221481323
13973,35.68673849105835
13974,20.993840217590332
13975,20.10392665863037
13976,45.80916786193848
13977,31.136104583740234
13978,11.803519487380981
13979,20.51908016204834
13980,37.02822780609131
13981,20.358973741531372
13982,11.717365741729736
13983,26.67757797241211
13984,80.27202701568604
13985,12.305098295211792
13986,25.936773777008057
13987,47.43532466888428
13988,35.39785957336426
13989,22.06192636489868
13990,46.53173542022705
13991,12.340614080429077
13992,21.317407608032227
13993,46.25791072845459
13994,31.263573169708252
13995,12.636893510818481
13996,12.339306592941284
13997,11.11190676689148
13998,45.70538520812988
13999,13.1577889919281
14000,48.8226375579834
14001,45.22354221343994
14002,12.66762113571167
14003,13.588834762573242
14004,20.337318420410156
14005,26.564709186553955
14006,19.118258476257324
14007,25.786463737487793
14008,21.14092779159546
14009,26.127758979797363
14010,29.9034423828125
14011,19.97499442100525
14012,40.51712369918823
14013,19.76056218147278
14014,26.538922786712646
14015,26.310935974121094
14016,12.045425176620483
14017,19.848592042922974
14018,26.937809467315674
14019,20.202503204345703
14020,11.547927856445312
14021,12.09796953201294
14022,40.25620174407959
14023,12.00681185722351
14024,11.70660400390625
14025,21.683459758758545
14026,26.26191473007202
14027,11.636380672454834
14028,31.63331699371338
14029,21.20357656478882
14030,20.667400360107422
14031,35.82352924346924
14032,26.411507606506348
14033,20.547257900238037
14034,12.075592279434204
14035,36.38735389709473
14036,20.42868709564209
14037,45.435086250305176
14038,12.54942774772644
14039,12.677690267562866
14040,20.88195276260376
14041,31.59858512878418
14042,21.120258331298828
14043,57.34304237365723
14044,21.40466022491455
14045,21.29200506210327
14046,34.99222755432129
14047,67.68540287017822
14048,12.043139457702637
14049,26.212700843811035
14050,20.315823078155518
14051,32.1077446937561
14052,31.04860210418701
14053,26.116197109222412
14054,25.563321590423584
14055,18.66198706626892
14056,11.850907564163208
14057,21.630184173583984
14058,26.770715713500977
14059,21.62311363220215
14060,62.532999992370605
14061,20.76332712173462
14062,41.60831260681152
14063,25.70886754989624
14064,25.973397731781006
14065,52.02374744415283
14066,32.46501922607422
14067,21.05136489868164
14068,20.294100999832153
14069,25.69992685317993
14070,41.15308475494385
14071,12.524290084838867
14072,13.009682178497314
14073,20.62608289718628
14074,25.537200927734375
14075,25.330138206481934
14076,21.35716676712036
14077,30.73511266708374
14078,35.12278079986572
14079,32.0336799621582
14080,21.208285808563232
14081,11.913692474365234
14082,20.542638301849365
14083,26.51301622390747
14084,63.622859954833984
14085,12.116383790969849
14086,12.130602836608887
14087,64.43291854858398
14088,21.21195888519287
14089,37.19572925567627
14090,12.361697912216187
14091,25.380980491638184
14092,35.694547176361084
14093,37.59404754638672
14094,40.97184181213379
14095,27.69081211090088
14096,33.39418983459473
14097,25.050629138946533
14098,25.33157444000244
14099,20.062403440475464
14100,34.66572427749634
14101,12.542232275009155
14102,54.19500160217285
14103,31.4930157661438
14104,20.905817985534668
14105,13.609564781188965
14106,20.475754737854004
14107,25.58069944381714
14108,26.13205623626709
14109,20.448025703430176
14110,26.335660934448242
14111,11.9344322681427
14112,35.83865737915039
14113,17.20366072654724
14114,26.57555055618286
14115,49.32571983337402
14116,39.78801774978638
14117,18.723280429840088
14118,20.34704875946045
14119,26.87416362762451
14120,20.85357427597046
14121,20.65277099609375
14122,34.856327056884766
14123,20.901891231536865
14124,11.56608247756958
14125,11.380057096481323
14126,20.44188642501831
14127,12.824338912963867
14128,20.88254404067993
14129,11.916730642318726
14130,21.138757705688477
14131,12.253785133361816
14132,25.482961654663086
14133,40.15510177612305
14134,11.956194162368774
14135,30.375799655914307
14136,21.167176723480225
14137,13.045738458633423
14138,12.23861050605774
14139,36.90267324447632
14140,20.437633991241455
14141,20.40684175491333
14142,12.824418783187866
14143,11.139364242553711
14144,11.75538945198059
14145,18.261351823806763
14146,21.06803274154663
14147,34.53175735473633
14148,34.87770938873291
14149,12.31615686416626
14150,31.9093918800354
14151,35.316701889038086
14152,12.52716851234436
14153,42.179579734802246
14154,35.539247035980225
14155,20.20868492126465
14156,32.563493728637695
14157,19.893797397613525
14158,21.220776557922363
14159,31.020066261291504
14160,32.2531852722168
14161,20.85547161102295
14162,50.484490394592285
14163,25.971226692199707
14164,31.256529808044434
14165,26.504878044128418
14166,26.20355463027954
14167,11.266601085662842
14168,33.400712966918945
14169,21.251969814300537
14170,20.24585485458374
14171,30.896081924438477
14172,27.49204921722412
14173,20.280966758728027
14174,25.212173461914062
14175,32.41287660598755
14176,12.805185079574585
14177,53.43415832519531
14178,27.045024394989014
14179,20.108331441879272
14180,12.8943612575531
14181,11.677838325500488
14182,37.819069385528564
14183,25.06581687927246
14184,20.046974658966064
14185,37.89191722869873
14186,12.447928667068481
14187,11.932017803192139
14188,25.854573249816895
14189,25.554163932800293
14190,26.362889766693115
14191,35.37414312362671
14192,25.883512020111084
14193,12.092934131622314
14194,27.531567573547363
14195,41.832265853881836
14196,25.81994104385376
14197,21.25549077987671
14198,18.897066116333008
14199,32.71160554885864
14200,36.082239627838135
14201,12.567255973815918
14202,36.12983512878418
14203,25.155508518218994
14204,26.92097282409668
14205,25.37317657470703
14206,20.59022283554077
14207,50.004066467285156
14208,19.956536293029785
14209,20.623029708862305
14210,12.4218111038208
14211,26.136179447174072
14212,26.38248062133789
14213,33.50392293930054
14214,21.917474269866943
14215,35.103532791137695
14216,20.123751163482666
14217,22.019397735595703
14218,25.410030841827393
14219,21.02324676513672
14220,38.117454051971436
14221,38.59831714630127
14222,11.970430612564087
14223,11.718529224395752
14224,32.27127504348755
14225,36.088661670684814
14226,20.182835578918457
14227,20.795528650283813
14228,25.331977367401123
14229,31.538034915924072
14230,11.755256175994873
14231,26.070297241210938
14232,18.44442343711853
14233,57.45821475982666
14234,35.524147033691406
14235,31.732139587402344
14236,20.055533409118652
14237,12.555945634841919
14238,49.818284034729004
14239,46.71073341369629
14240,38.69425439834595
14241,12.49427843093872
14242,21.017231464385986
14243,20.216463565826416
14244,26.83823585510254
14245,35.42704963684082
14246,26.294272899627686
14247,20.70227575302124
14248,11.400936841964722
14249,31.555659770965576
14250,21.936319828033447
14251,11.790620803833008
14252,21.298988342285156
14253,53.095099449157715
14254,21.34338665008545
14255,39.520989418029785
14256,44.51488208770752
14257,46.65445804595947
14258,32.348148822784424
14259,11.925976753234863
14260,19.70500636100769
14261,45.72590923309326
14262,11.14930248260498
14263,25.22903871536255
14264,21.11862325668335
14265,50.97864532470703
14266,25.698967456817627
14267,11.941420793533325
14268,12.517898797988892
14269,11.944220542907715
14270,20.322535753250122
14271,26.981362342834473
14272,51.182583808898926
14273,31.0108060836792
14274,21.010241508483887
14275,11.804894924163818
14276,20.42018747329712
14277,34.01710033416748
14278,20.788702964782715
14279,12.5197594165802
14280,11.944271326065063
14281,21.665918350219727
14282,12.778853416442871
14283,19.690714836120605
14284,11.626497268676758
14285,12.418820142745972
14286,31.102614879608154
14287,36.493125438690186
14288,13.175697088241577
14289,11.364734649658203
14290,56.943328857421875
14291,31.609167098999023
14292,38.98286294937134
14293,13.317638397216797
14294,39.60448360443115
14295,20.312541961669922
14296,35.16175174713135
14297,20.33913254737854
14298,11.171257019042969
14299,30.29004716873169
14300,21.705432415008545
14301,12.595573425292969
14302,34.534664154052734
14303,21.100382328033447
14304,52.81579780578613
14305,47.527719497680664
14306,11.731945514678955
14307,11.705621480941772
14308,31.118624210357666
14309,20.65814733505249
14310,27.541956901550293
14311,12.436334609985352
14312,26.56032705307007
14313,20.791130542755127
14314,43.28710746765137
14315,25.064236164093018
14316,32.073660373687744
14317,11.822828531265259
14318,25.787639141082764
14319,21.135464191436768
14320,21.996145248413086
14321,26.220969676971436
14322,11.712719440460205
14323,27.082730293273926
14324,37.862833976745605
14325,12.210602760314941
14326,49.60332202911377
14327,20.912145614624023
14328,12.627437353134155
14329,37.2595009803772
14330,34.2033486366272
14331,25.406548500061035
14332,21.44224452972412
14333,13.20297622680664
14334,40.98826503753662
14335,10.758220195770264
14336,12.244195222854614
14337,32.3969669342041
14338,34.642457485198975
14339,12.43882966041565
14340,25.989014148712158
14341,39.489670276641846
14342,27.184049129486084
14343,34.02480697631836
14344,19.897754669189453
14345,31.69779109954834
14346,30.26918649673462
14347,34.806474685668945
14348,11.717649221420288
14349,35.07708263397217
14350,12.32638669013977
14351,20.855159759521484
14352,64.64134979248047
14353,35.99672079086304
14354,31.020394325256348
14355,12.433148384094238
14356,31.208735942840576
14357,25.222224712371826
14358,12.465362071990967
14359,20.444326162338257
14360,20.44630265235901
14361,43.46724605560303
14362,30.921766757965088
14363,20.443011045455933
14364,26.999800205230713
14365,55.367441177368164
14366,27.493491649627686
14367,12.36970829963684
14368,45.583741188049316
14369,21.33712339401245
14370,34.5847053527832
14371,20.548605918884277
14372,25.27320432662964
14373,12.619887590408325
14374,13.038726329803467
14375,20.423633813858032
14376,21.38566541671753
14377,20.283873558044434
14378,35.00800180435181
14379,12.221559762954712
14380,19.782517194747925
14381,32.21386671066284
14382,32.3700590133667
14383,31.718308925628662
14384,11.80823802947998
14385,31.730064392089844
14386,26.54662275314331
14387,43.170814514160156
14388,11.649403095245361
14389,20.889633178710938
14390,26.073843955993652
14391,26.32492971420288
14392,33.06693983078003
14393,31.00487470626831
14394,31.805426120758057
14395,20.609915256500244
14396,35.965362548828125
14397,30.257431507110596
14398,20.96025037765503
14399,11.728259563446045
14400,35.258341789245605
14401,18.333726406097412
14402,11.575298309326172
14403,12.152508735656738
14404,31.57816743850708
14405,21.23008680343628
14406,41.884721755981445
14407,35.61072063446045
14408,35.16250276565552
14409,37.00616931915283
14410,20.32473611831665
14411,21.016107082366943
14412,11.731205224990845
14413,20.941234588623047
14414,43.39692401885986
14415,25.763649463653564
14416,20.411872386932373
14417,25.13798427581787
14418,50.22333526611328
14419,33.70162057876587
14420,12.79726791381836
14421,25.795212268829346
14422,35.71968603134155
14423,25.367935180664062
14424,11.635952711105347
14425,46.35442924499512
14426,40.50090408325195
14427,32.093321800231934
14428,32.05538845062256
14429,20.376766204833984
14430,13.268107652664185
14431,11.819411039352417
14432,22.10297441482544
14433,12.435304880142212
14434,10.83081316947937
14435,21.015455722808838
14436,20.534597873687744
14437,12.507388353347778
14438,11.402813911437988
14439,25.76478385925293
14440,12.520574808120728
14441,11.157730340957642
14442,34.118138790130615
14443,11.83530068397522
14444,25.57274866104126
14445,11.924820899963379
14446,12.123975276947021
14447,12.758110046386719
14448,41.040247440338135
14449,27.366336345672607
14450,13.034704446792603
14451,20.5238618850708
14452,26.903728485107422
14453,20.87634801864624
14454,20.205334424972534
14455,40.086318492889404
14456,20.53414011001587
14457,33.6361927986145
14458,11.838850259780884
14459,12.470894575119019
14460,35.91695499420166
14461,31.940847873687744
14462,35.78251266479492
14463,43.27902126312256
14464,30.769249439239502
14465,12.9821138381958
14466,21.16903591156006
14467,32.81699800491333
14468,11.99054217338562
14469,11.99966049194336
14470,31.43160390853882
14471,46.97034454345703
14472,18.47799301147461
14473,20.314837217330933
14474,42.21611976623535
14475,37.223726749420166
14476,25.98303508758545
14477,21.440066814422607
14478,11.244796514511108
14479,33.067803382873535
14480,31.240671634674072
14481,51.06587886810303
14482,47.70901298522949
14483,31.062387466430664
14484,36.22542667388916
14485,20.276511669158936
14486,35.75155544281006
14487,20.56356430053711
14488,50.60012149810791
14489,11.69261884689331
14490,12.095332622528076
14491,11.905791282653809
14492,40.87021541595459
14493,33.01559925079346
14494,21.6389741897583
14495,44.88723278045654
14496,27.309319972991943
14497,21.305856227874756
14498,38.31299114227295
14499,34.89348125457764
14500,45.83730125427246
14501,26.384575843811035
14502,36.474831104278564
14503,25.42816925048828
14504,19.73740005493164
14505,19.96435046195984
14506,12.081599473953247
14507,12.641289949417114
14508,12.253812074661255
14509,11.629580974578857
14510,19.963475704193115
14511,21.09701156616211
14512,21.253937244415283
14513,25.641335487365723
14514,49.782694816589355
14515,20.859907150268555
14516,31.87681818008423
14517,27.85883331298828
14518,25.360365390777588
14519,20.46089744567871
14520,20.830746173858643
14521,20.724565982818604
14522,26.25770139694214
14523,27.71413803100586
14524,21.460830211639404
14525,27.36953067779541
14526,20.369980096817017
14527,30.46467399597168
14528,43.726582527160645
14529,45.25644016265869
14530,26.746551990509033
14531,21.075709342956543
14532,53.670809745788574
14533,33.743412494659424
14534,11.737393856048584
14535,45.72325134277344
14536,50.80548572540283
14537,20.467486143112183
14538,19.165477991104126
14539,20.363365173339844
14540,25.256705284118652
14541,12.318313598632812
14542,11.514198303222656
14543,11.88887906074524
14544,19.96167802810669
14545,13.577869892120361
14546,12.468841791152954
14547,20.187857627868652
14548,12.224868774414062
14549,13.203820943832397
14550,42.485599517822266
14551,26.14900016784668
14552,45.30401420593262
14553,30.584428310394287
14554,48.270355224609375
14555,27.138052463531494
14556,19.521860599517822
14557,12.918336868286133
14558,18.68584680557251
14559,41.65493202209473
14560,20.61201524734497
14561,21.006568431854248
14562,31.939751148223877
14563,25.27895736694336
14564,46.99244499206543
14565,19.88217830657959
14566,12.688235998153687
14567,26.110685348510742
14568,22.26953649520874
14569,20.488459587097168
14570,20.443892240524292
14571,35.244877338409424
14572,31.698540210723877
14573,40.43170738220215
14574,20.940261363983154
14575,51.82611846923828
14576,26.11384677886963
14577,25.273576259613037
14578,40.52409744262695
14579,21.61864948272705
14580,20.089963674545288
14581,44.5122766494751
14582,12.23661994934082
14583,25.792726039886475
14584,24.73974370956421
14585,11.930700540542603
14586,41.68923759460449
14587,11.722731828689575
14588,12.283282041549683
14589,11.83340048789978
14590,20.749613761901855
14591,21.091137409210205
14592,32.539841651916504
14593,39.02847909927368
14594,26.72487735748291
14595,25.329328536987305
14596,27.0718355178833
14597,22.062730312347412
14598,25.779594898223877
14599,21.735973358154297
14600,36.96353197097778
14601,31.813782691955566
14602,12.393860816955566
14603,39.96465015411377
14604,31.999269485473633
14605,26.20696496963501
14606,11.722524642944336
14607,20.318836212158203
14608,44.413597106933594
14609,36.16246700286865
14610,35.836483001708984
14611,12.585803747177124
14612,20.379616022109985
14613,11.970860719680786
14614,20.75739812850952
14615,31.61873769760132
14616,11.683637380599976
14617,21.013476848602295
14618,20.440974712371826
14619,11.580105781555176
14620,37.498579025268555
14621,21.177241802215576
14622,11.771315097808838
14623,12.548901796340942
14624,11.899933099746704
14625,31.36580753326416
14626,20.81876277923584
14627,74.18890190124512
14628,20.207244873046875
14629,40.08717393875122
14630,30.30105972290039
14631,12.634955883026123
14632,55.012062072753906
14633,33.41819381713867
14634,21.07620620727539
14635,31.95177936553955
14636,12.641543626785278
14637,11.82935643196106
14638,25.144306659698486
14639,11.925255298614502
14640,26.649662494659424
14641,21.827397346496582
14642,12.454045295715332
14643,20.258097410202026
14644,31.009673595428467
14645,20.880676746368408
14646,32.18131494522095
14647,11.633955955505371
14648,50.44537925720215
14649,24.950469493865967
14650,21.23604965209961
14651,26.370831966400146
14652,40.56496858596802
14653,45.17416763305664
14654,21.122286319732666
14655,11.68681526184082
14656,13.552783012390137
14657,21.17244529724121
14658,34.36942911148071
14659,18.701799392700195
14660,20.421037673950195
14661,12.38247299194336
14662,25.36925458908081
14663,20.2209529876709
14664,41.66673469543457
14665,41.95059871673584
14666,12.153134107589722
14667,20.59452533721924
14668,12.479289770126343
14669,11.92939019203186
14670,12.570161581039429
14671,20.656709909439087
14672,11.587689638137817
14673,26.62891387939453
14674,21.381905555725098
14675,21.598978996276855
14676,37.327924728393555
14677,38.15882682800293
14678,20.6776180267334
14679,54.622140884399414
14680,20.759662628173828
14681,12.57011890411377
14682,21.89565086364746
14683,20.708235263824463
14684,31.002447605133057
14685,70.17070484161377
14686,34.781240940093994
14687,27.795190811157227
14688,11.893887996673584
14689,12.231639862060547
14690,51.61393070220947
14691,40.641608238220215
14692,54.77023792266846
14693,11.519698858261108
14694,13.731390714645386
14695,12.531949281692505
14696,37.02066230773926
14697,26.219979763031006
14698,20.575708389282227
14699,26.45827007293701
14700,35.91489791870117
14701,20.619662761688232
14702,12.172485828399658
14703,37.29648447036743
14704,26.579565048217773
14705,19.51943826675415
14706,32.68943119049072
14707,30.50260353088379
14708,11.855369567871094
14709,26.813096046447754
14710,26.221137523651123
14711,32.00733184814453
14712,12.07382345199585
14713,11.861658573150635
14714,20.113271236419678
14715,22.040733814239502
14716,26.914732456207275
14717,36.674314975738525
14718,21.43340253829956
14719,26.349929809570312
14720,12.515188217163086
14721,20.737956523895264
14722,11.889422178268433
14723,25.204463005065918
14724,11.26329231262207
14725,26.654037475585938
14726,42.059264183044434
14727,21.293538570404053
14728,11.759211301803589
14729,21.45330286026001
14730,42.733177185058594
14731,11.866973876953125
14732,20.489386081695557
14733,13.14175271987915
14734,20.81777048110962
14735,40.172019958496094
14736,21.10581350326538
14737,20.834229469299316
14738,27.89319086074829
14739,37.34296941757202
14740,20.31926965713501
14741,26.33308696746826
14742,41.53792858123779
14743,34.804304122924805
14744,27.096843719482422
14745,20.681859016418457
14746,38.37177276611328
14747,47.23035526275635
14748,47.009124755859375
14749,21.022607803344727
14750,11.331319808959961
14751,40.197956562042236
14752,12.349868297576904
14753,21.388171672821045
14754,20.967609882354736
14755,36.98380136489868
14756,12.052199602127075
14757,21.712101459503174
14758,31.003530025482178
14759,31.742647171020508
14760,20.631792068481445
14761,22.12553358078003
14762,37.52516222000122
14763,12.457071781158447
14764,19.161813020706177
14765,20.136780738830566
14766,12.337976932525635
14767,34.90770864486694
14768,26.187947273254395
14769,37.482402324676514
14770,19.90337872505188
14771,47.996503829956055
14772,25.595719814300537
14773,21.58652925491333
14774,12.136979341506958
14775,11.783899307250977
14776,21.512946128845215
14777,48.77621650695801
14778,11.893301248550415
14779,42.86629295349121
14780,13.292896509170532
14781,25.746880054473877
14782,13.15428113937378
14783,35.53807067871094
14784,20.788289070129395
14785,26.33400058746338
14786,41.107173919677734
14787,32.19920492172241
14788,37.81371784210205
14789,11.177082300186157
14790,19.907130479812622
14791,12.047688245773315
14792,35.15655183792114
14793,20.92643451690674
14794,20.618334770202637
14795,12.516621589660645
14796,11.563835382461548
14797,20.58505344390869
14798,37.203453063964844
14799,12.525675296783447
14800,11.146556377410889
14801,46.437859535217285
14802,20.734779596328735
14803,32.39598608016968
14804,26.04315710067749
14805,19.613176345825195
14806,20.763197898864746
14807,35.48487186431885
14808,25.915876865386963
14809,26.18513584136963
14810,12.550574779510498
14811,31.26389169692993
14812,37.34385347366333
14813,36.4262433052063
14814,33.581573486328125
14815,20.514895915985107
14816,11.849201202392578
14817,31.717602729797363
14818,21.553407669067383
14819,12.557366609573364
14820,22.49503469467163
14821,11.759983539581299
14822,11.48780870437622
14823,42.6052885055542
14824,31.53225803375244
14825,41.443026542663574
14826,25.95302152633667
14827,35.52086544036865
14828,19.677436351776123
14829,32.55148220062256
14830,12.603046178817749
14831,26.12644100189209
14832,35.77724361419678
14833,34.474327087402344
14834,49.83297348022461
14835,11.664926767349243
14836,20.958961963653564
14837,26.786128044128418
14838,19.75906753540039
14839,21.547221660614014
14840,26.64829444885254
14841,21.109529495239258
14842,12.113176584243774
14843,50.26795482635498
14844,11.778396606445312
14845,21.945921421051025
14846,33.73101282119751
14847,36.763705253601074
14848,20.894285202026367
14849,25.082194805145264
14850,31.16829490661621
14851,12.122884035110474
14852,35.637693881988525
14853,51.995564460754395
14854,34.55625104904175
14855,35.73520231246948
14856,13.52246618270874
14857,38.526522636413574
14858,26.57477617263794
14859,26.463587760925293
14860,47.462164878845215
14861,19.944327354431152
14862,21.51386594772339
14863,24.889601230621338
14864,19.413522005081177
14865,55.441927909851074
14866,20.318889379501343
14867,32.34248733520508
14868,29.92384099960327
14869,33.128336906433105
14870,36.044108390808105
14871,34.9148530960083
14872,12.149452686309814
14873,55.45986270904541
14874,41.916687965393066
14875,34.305453300476074
14876,49.455580711364746
14877,11.787187099456787
14878,39.30536222457886
14879,49.15251445770264
14880,32.61415147781372
14881,12.404052019119263
14882,31.31192922592163
14883,20.905636310577393
14884,12.120116233825684
14885,36.9257607460022
14886,30.30196189880371
14887,20.519819736480713
14888,20.474699020385742
14889,12.860369682312012
14890,21.54260015487671
14891,37.85299110412598
14892,21.610015392303467
14893,41.02927494049072
14894,11.615415334701538
14895,69.62424373626709
14896,26.394392013549805
14897,12.333369255065918
14898,21.209452629089355
14899,20.601266860961914
14900,20.25544762611389
14901,20.517082691192627
14902,12.351253271102905
14903,12.383694887161255
14904,36.6209659576416
14905,20.336389780044556
14906,12.918089866638184
14907,20.109999895095825
14908,12.611252307891846
14909,27.349830150604248
14910,33.19281244277954
14911,25.634567737579346
14912,45.74951457977295
14913,20.644123077392578
14914,25.00989294052124
14915,38.282989501953125
14916,21.655385971069336
14917,42.70177745819092
14918,25.832580089569092
14919,20.981881618499756
14920,50.63762283325195
14921,23.751010417938232
14922,34.72823619842529
14923,21.05036973953247
14924,20.946349620819092
14925,20.646751403808594
14926,19.903443098068237
14927,36.119558811187744
14928,21.145405292510986
14929,25.93132209777832
14930,13.017014026641846
14931,21.391830921173096
14932,20.697826385498047
14933,21.271143436431885
14934,37.1889066696167
14935,20.231234550476074
14936,12.367544174194336
14937,19.24993109703064
14938,38.12930774688721
14939,20.699289321899414
14940,32.88058137893677
14941,47.80904483795166
14942,31.860904693603516
14943,34.321181774139404
14944,11.732885360717773
14945,31.077184677124023
14946,21.0884108543396
14947,27.680667877197266
14948,37.548991680145264
14949,12.144697666168213
14950,19.569228172302246
14951,40.187636375427246
14952,20.557293176651
14953,33.622260093688965
14954,26.243112564086914
14955,12.602458238601685
14956,27.329846382141113
14957,26.17268466949463
14958,20.19884419441223
14959,51.078763008117676
14960,36.657373905181885
14961,46.52691841125488
14962,31.954930305480957
14963,53.0580358505249
14964,21.651161193847656
14965,44.845961570739746
14966,37.32124376296997
14967,24.46233606338501
14968,27.476539611816406
14969,43.491854667663574
14970,12.242506265640259
14971,35.82446908950806
14972,25.6522855758667
14973,12.291820526123047
14974,38.55671215057373
14975,40.64670944213867
14976,20.19803285598755
14977,34.41693925857544
14978,27.09853458404541
14979,20.814709663391113
14980,31.73989963531494
14981,12.357329368591309
14982,20.718878746032715
14983,20.157904863357544
14984,73.72352981567383
14985,41.37013816833496
14986,26.8297758102417
14987,20.86733102798462
14988,13.103901386260986
14989,20.119642734527588
14990,20.757129669189453
14991,26.27150297164917
14992,31.626450538635254
14993,12.826847314834595
14994,13.193400382995605
14995,20.47447681427002
14996,20.589415311813354
14997,20.899455547332764
14998,21.822659015655518
14999,58.930724143981934
15000,34.80328702926636
15001,12.573783159255981
15002,11.680840253829956
15003,12.94503903388977
15004,13.708733320236206
15005,20.50056791305542
15006,21.663763999938965
15007,21.266337394714355
15008,11.851555585861206
15009,34.57151699066162
15010,20.89227056503296
15011,11.803486108779907
15012,26.64555597305298
15013,35.31332015991211
15014,20.769750118255615
15015,26.8241286277771
15016,36.16059494018555
15017,26.8650221824646
15018,21.204970359802246
15019,20.989209175109863
15020,20.600959300994873
15021,34.0851616859436
15022,35.04105854034424
15023,35.47244310379028
15024,19.947513818740845
15025,21.569793701171875
15026,37.141828536987305
15027,33.814512729644775
15028,21.097198486328125
15029,37.77575349807739
15030,50.99955081939697
15031,50.82411766052246
15032,13.218677997589111
15033,40.34094429016113
15034,20.879165649414062
15035,22.795013427734375
15036,17.554187059402466
15037,38.484463691711426
15038,30.681257247924805
15039,12.499067783355713
15040,26.802531719207764
15041,31.586868286132812
15042,12.518138885498047
15043,20.337997436523438
15044,26.640380382537842
15045,11.826785326004028
15046,12.350368022918701
15047,34.66380739212036
15048,34.84187078475952
15049,11.209805727005005
15050,55.27916717529297
15051,21.285978317260742
15052,32.33823204040527
15053,34.314709186553955
15054,34.935561180114746
15055,11.893040657043457
15056,33.98847532272339
15057,26.462928771972656
15058,21.918434619903564
15059,45.659379959106445
15060,21.58917760848999
15061,32.1330451965332
15062,35.652204513549805
15063,26.565303802490234
15064,12.022541522979736
15065,30.573142051696777
15066,11.73209524154663
15067,65.97175788879395
15068,11.757407188415527
15069,11.588167905807495
15070,34.32320547103882
15071,26.00079584121704
15072,39.99671936035156
15073,20.875609397888184
15074,42.076767921447754
15075,35.860007762908936
15076,58.250083923339844
15077,12.304012775421143
15078,21.530888080596924
15079,26.505972862243652
15080,26.90711736679077
15081,40.67245006561279
15082,21.860965251922607
15083,20.991947650909424
15084,20.512258052825928
15085,20.87441396713257
15086,12.195700645446777
15087,11.67306137084961
15088,31.67216920852661
15089,69.29630756378174
15090,38.039700984954834
15091,12.587708950042725
15092,20.93825626373291
15093,21.281219005584717
15094,12.985750675201416
15095,43.574153900146484
15096,12.867868900299072
15097,25.750263690948486
15098,21.512277126312256
15099,26.503588676452637
15100,35.58162593841553
15101,12.212953567504883
15102,12.547045707702637
15103,20.88898754119873
15104,35.023550510406494
15105,44.43560028076172
15106,21.36832857131958
15107,21.149305820465088
15108,40.47940492630005
15109,40.54660511016846
15110,12.555274963378906
15111,13.673060655593872
15112,11.89168119430542
15113,21.757569313049316
15114,33.08095169067383
15115,24.68409013748169
15116,12.24979829788208
15117,20.30364727973938
15118,12.234212398529053
15119,25.76766538619995
15120,18.99443030357361
15121,21.341876983642578
15122,12.657757997512817
15123,20.964974880218506
15124,24.980821132659912
15125,12.493481874465942
15126,12.834681034088135
15127,21.07560634613037
15128,13.414134740829468
15129,11.714550733566284
15130,12.216469287872314
15131,40.19780254364014
15132,27.17454767227173
15133,32.515602588653564
15134,36.21193075180054
15135,45.368910789489746
15136,36.94712972640991
15137,40.450350761413574
15138,12.678057670593262
15139,12.607097387313843
15140,31.19642448425293
15141,12.161663055419922
15142,13.00304102897644
15143,12.002278804779053
15144,13.243763208389282
15145,11.956571340560913
15146,21.647018909454346
15147,26.814563274383545
15148,22.19567584991455
15149,12.404706478118896
15150,32.10368633270264
15151,43.13126277923584
15152,31.899840831756592
15153,25.62339973449707
15154,20.968520641326904
15155,31.183555603027344
15156,24.914477825164795
15157,21.231499195098877
15158,19.99551820755005
15159,21.07111883163452
15160,57.45966911315918
15161,35.530076026916504
15162,20.760761737823486
15163,34.411558628082275
15164,20.790106773376465
15165,45.99239540100098
15166,11.21118712425232
15167,11.931945323944092
15168,11.69583511352539
15169,26.477700233459473
15170,19.925118923187256
15171,25.517235279083252
15172,19.932706594467163
15173,11.904953718185425
15174,26.792539596557617
15175,25.127732753753662
15176,21.217082977294922
15177,21.219998359680176
15178,45.86430644989014
15179,11.743931293487549
15180,39.87902593612671
15181,30.055598735809326
15182,44.22686576843262
15183,21.868346214294434
15184,12.64857292175293
15185,31.385435104370117
15186,12.534454345703125
15187,20.716447830200195
15188,20.91693115234375
15189,44.135849952697754
15190,26.737711429595947
15191,35.109370708465576
15192,21.204871654510498
15193,32.408803939819336
15194,46.13720512390137
15195,72.20212841033936
15196,11.849593162536621
15197,11.786826372146606
15198,11.79420781135559
15199,11.543126583099365
15200,30.392515182495117
15201,40.24943208694458
15202,20.678300619125366
15203,25.10527801513672
15204,25.580568313598633
15205,31.19806718826294
15206,12.337748765945435
15207,20.67880868911743
15208,19.229639291763306
15209,12.606157302856445
15210,58.210981369018555
15211,26.903589725494385
15212,12.31165075302124
15213,37.23033142089844
15214,25.50223159790039
15215,45.70526885986328
15216,48.219367027282715
15217,20.438719272613525
15218,19.483378410339355
15219,12.276137351989746
15220,25.21468496322632
15221,20.505120754241943
15222,20.154097080230713
15223,34.68608903884888
15224,25.86235809326172
15225,11.973778247833252
15226,20.011969089508057
15227,40.598326683044434
15228,26.41928195953369
15229,37.16081619262695
15230,21.134642601013184
15231,45.09956073760986
15232,11.651895761489868
15233,26.014633178710938
15234,60.14225482940674
15235,12.421550273895264
15236,20.480374336242676
15237,68.5528211593628
15238,31.604440689086914
15239,31.71668004989624
15240,12.499885082244873
15241,20.304218292236328
15242,43.466203689575195
15243,11.815814733505249
15244,21.817763328552246
15245,30.43758249282837
15246,32.32060956954956
15247,27.80037212371826
15248,19.511718034744263
15249,38.528504848480225
15250,26.29801845550537
15251,36.55978727340698
15252,21.107741355895996
15253,34.7475209236145
15254,45.35205936431885
15255,26.25292682647705
15256,26.48276996612549
15257,30.059659481048584
15258,27.161231517791748
15259,33.45090627670288
15260,27.457805156707764
15261,34.96677875518799
15262,22.095454216003418
15263,42.78011512756348
15264,20.18774127960205
15265,20.794373512268066
15266,48.76987648010254
15267,27.306142330169678
15268,20.36182951927185
15269,35.211413860321045
15270,27.93462610244751
15271,13.054733276367188
15272,34.6000018119812
15273,20.979187965393066
15274,11.735953330993652
15275,12.79781198501587
15276,38.48501014709473
15277,44.191954612731934
15278,11.180989742279053
15279,26.689889907836914
15280,47.64586162567139
15281,20.258463382720947
15282,21.97018051147461
15283,27.28545379638672
15284,12.549332618713379
15285,11.751812219619751
15286,12.340399980545044
15287,20.92185688018799
15288,25.123774528503418
15289,30.260441780090332
15290,11.897241592407227
15291,26.29497194290161
15292,27.072515964508057
15293,13.278743028640747
15294,25.6997127532959
15295,12.635465145111084
15296,18.977595567703247
15297,38.7150559425354
15298,26.27236557006836
15299,20.23782777786255
15300,36.51757097244263
15301,35.567347049713135
15302,20.622137546539307
15303,34.21405220031738
15304,11.946045398712158
15305,24.896992683410645
15306,20.626193046569824
15307,20.723412036895752
15308,32.79655122756958
15309,26.145573616027832
15310,12.566807746887207
15311,12.235745429992676
15312,13.169285774230957
15313,25.75643301010132
15314,35.28483057022095
15315,12.524714708328247
15316,24.697206020355225
15317,12.547043323516846
15318,11.214915990829468
15319,25.75050640106201
15320,12.288019180297852
15321,12.65176272392273
15322,20.728732585906982
15323,35.56938648223877
15324,20.844861030578613
15325,12.036432981491089
15326,12.168973445892334
15327,12.31585431098938
15328,20.729031085968018
15329,13.17506456375122
15330,25.82952117919922
15331,31.986295223236084
15332,32.97075414657593
15333,26.842520713806152
15334,20.61728286743164
15335,35.18501615524292
15336,34.230327129364014
15337,21.968522548675537
15338,19.862808227539062
15339,31.66542100906372
15340,20.494927406311035
15341,34.1425518989563
15342,11.940706253051758
15343,11.694280862808228
15344,41.86067008972168
15345,11.91524362564087
15346,32.56070804595947
15347,11.869239568710327
15348,25.809587001800537
15349,35.22458505630493
15350,34.00236463546753
15351,11.85866403579712
15352,35.94461441040039
15353,32.19745111465454
15354,43.432661056518555
15355,19.067473888397217
15356,39.735772132873535
15357,41.36824703216553
15358,12.319793701171875
15359,11.645018100738525
15360,21.945476531982422
15361,12.431632995605469
15362,12.866157293319702
15363,12.142988681793213
15364,12.616868257522583
15365,21.352752685546875
15366,25.3916015625
15367,26.373127937316895
15368,26.480807304382324
15369,43.68044662475586
15370,11.661255836486816
15371,12.234758853912354
15372,25.922868728637695
15373,31.488507747650146
15374,11.782938480377197
15375,45.392852783203125
15376,34.465925216674805
15377,26.7721848487854
15378,20.482908725738525
15379,39.60355758666992
15380,35.58814096450806
15381,40.956787109375
15382,35.997283935546875
15383,50.144962310791016
15384,12.986876964569092
15385,26.294857025146484
15386,35.15829038619995
15387,40.12143802642822
15388,12.695852279663086
15389,20.514528036117554
15390,12.509947299957275
15391,44.61563014984131
15392,36.99636697769165
15393,13.444397687911987
15394,26.827481269836426
15395,21.885157108306885
15396,25.96362066268921
15397,21.772727012634277
15398,20.538414001464844
15399,59.14877414703369
15400,31.434764862060547
15401,12.601517915725708
15402,21.428493976593018
15403,26.07220697402954
15404,46.42502403259277
15405,31.44413471221924
15406,20.95065212249756
15407,22.115115642547607
15408,45.10399150848389
15409,12.236149311065674
15410,19.761979341506958
15411,31.977968215942383
15412,12.439223527908325
15413,12.950777053833008
15414,11.922967910766602
15415,12.109681844711304
15416,20.8860821723938
15417,35.626293659210205
15418,12.59852147102356
15419,20.40047264099121
15420,12.016608953475952
15421,26.28781747817993
15422,26.331708431243896
15423,19.2388699054718
15424,27.179519653320312
15425,20.046491384506226
15426,47.88431453704834
15427,26.494285106658936
15428,11.602420330047607
15429,27.004094123840332
15430,19.93714475631714
15431,11.994359970092773
15432,47.23053455352783
15433,12.980391502380371
15434,44.03950786590576
15435,12.44324254989624
15436,67.40323829650879
15437,21.296613693237305
15438,21.508495807647705
15439,11.753583192825317
15440,20.713857889175415
15441,21.541722297668457
15442,11.869289636611938
15443,39.43131685256958
15444,25.941237926483154
15445,12.351832389831543
15446,12.65481972694397
15447,31.194786071777344
15448,11.869322299957275
15449,37.25446557998657
15450,63.788025856018066
15451,50.827033042907715
15452,25.33333730697632
15453,36.59083271026611
15454,32.701998233795166
15455,30.545333862304688
15456,20.831973552703857
15457,40.07023859024048
15458,11.369814157485962
15459,25.174846649169922
15460,21.197046756744385
15461,20.935903549194336
15462,26.19302225112915
15463,37.79382085800171
15464,20.938251972198486
15465,11.997521162033081
15466,26.73310947418213
15467,25.64138698577881
15468,19.996665716171265
15469,25.39643144607544
15470,33.7870454788208
15471,41.53695583343506
15472,41.81459045410156
15473,12.243860960006714
15474,11.95394515991211
15475,27.20103168487549
15476,31.7329158782959
15477,12.681111574172974
15478,21.95938730239868
15479,37.41852617263794
15480,13.20248031616211
15481,46.6621732711792
15482,20.13883399963379
15483,11.989025354385376
15484,32.40935468673706
15485,35.62283706665039
15486,31.542865753173828
15487,30.693408966064453
15488,20.679221153259277
15489,47.5164680480957
15490,13.098057508468628
15491,21.0068678855896
15492,20.608481407165527
15493,20.685792446136475
15494,25.83759117126465
15495,20.789307117462158
15496,31.125554084777832
15497,12.162158250808716
15498,20.960092067718506
15499,21.887059688568115
15500,20.75901699066162
15501,31.78203248977661
15502,18.714166402816772
15503,47.542447090148926
15504,32.487370014190674
15505,35.206140995025635
15506,50.33137607574463
15507,35.54405164718628
15508,25.592662811279297
15509,49.448933601379395
15510,12.599863529205322
15511,25.807857513427734
15512,26.069812774658203
15513,12.646109104156494
15514,22.09279155731201
15515,38.9324107170105
15516,25.16512966156006
15517,18.44659733772278
15518,35.22298860549927
15519,12.315063953399658
15520,12.11593770980835
15521,20.14889645576477
15522,41.13572692871094
15523,12.35822319984436
15524,45.6769905090332
15525,31.157182216644287
15526,32.80024480819702
15527,13.517425775527954
15528,12.724815130233765
15529,19.59476089477539
15530,12.54680061340332
15531,12.757231950759888
15532,43.26584243774414
15533,20.834579944610596
15534,40.95306968688965
15535,25.221012592315674
15536,32.558724880218506
15537,21.77928113937378
15538,18.117324352264404
15539,24.718278884887695
15540,11.582314252853394
15541,51.05822563171387
15542,21.61905860900879
15543,40.40403175354004
15544,12.029962062835693
15545,12.517542123794556
15546,19.863975763320923
15547,24.939284801483154
15548,37.306533336639404
15549,12.259520769119263
15550,11.997989654541016
15551,12.276137351989746
15552,31.776989459991455
15553,26.813106060028076
15554,11.048623085021973
15555,31.56937265396118
15556,12.030255794525146
15557,26.076685905456543
15558,22.085599422454834
15559,20.553253650665283
15560,51.97721576690674
15561,12.421198844909668
15562,12.371249198913574
15563,12.904908180236816
15564,20.712244033813477
15565,26.66472625732422
15566,24.774723529815674
15567,31.615955352783203
15568,26.130858898162842
15569,11.79666805267334
15570,35.74561405181885
15571,21.158809661865234
15572,31.557857990264893
15573,40.013309478759766
15574,37.71841049194336
15575,11.787615776062012
15576,34.153202056884766
15577,31.9290714263916
15578,21.579732418060303
15579,26.76157569885254
15580,19.868491888046265
15581,12.223660945892334
15582,40.293753147125244
15583,14.18565320968628
15584,35.40761995315552
15585,11.768537521362305
15586,19.272279739379883
15587,21.907423973083496
15588,49.20927810668945
15589,11.86396312713623
15590,31.264615058898926
15591,20.97978687286377
15592,49.30485916137695
15593,26.0364670753479
15594,26.075318336486816
15595,56.976670265197754
15596,19.60446071624756
15597,26.157740592956543
15598,35.66805362701416
15599,21.42457389831543
15600,21.77246618270874
15601,20.20827341079712
15602,48.42097282409668
15603,49.60146522521973
15604,46.33499717712402
15605,11.84981107711792
15606,11.705032587051392
15607,20.877519130706787
15608,26.483900547027588
15609,12.234104633331299
15610,29.508491039276123
15611,26.183140754699707
15612,12.038522720336914
15613,11.905200481414795
15614,20.23260736465454
15615,20.42711877822876
15616,31.542290210723877
15617,37.19406700134277
15618,33.10252571105957
15619,11.955588340759277
15620,20.65339231491089
15621,30.59818172454834
15622,11.710865020751953
15623,31.998834133148193
15624,12.842544317245483
15625,20.46062994003296
15626,32.20886039733887
15627,20.97982358932495
15628,21.681934356689453
15629,19.50903630256653
15630,40.72993183135986
15631,20.531004905700684
15632,25.911561965942383
15633,12.215317249298096
15634,40.48126983642578
15635,20.17610788345337
15636,11.285587549209595
15637,36.42689752578735
15638,12.45058298110962
15639,26.15027952194214
15640,12.536376714706421
15641,26.146196365356445
15642,21.38776159286499
15643,20.770208835601807
15644,45.8188419342041
15645,49.902106285095215
15646,20.91197443008423
15647,31.528986930847168
15648,39.90268039703369
15649,19.836182355880737
15650,36.51757526397705
15651,34.93178749084473
15652,49.15864086151123
15653,31.862867832183838
15654,26.151304244995117
15655,32.28757858276367
15656,12.314558744430542
15657,20.430309772491455
15658,20.952072143554688
15659,19.374045372009277
15660,25.645572185516357
15661,25.8596134185791
15662,25.94063425064087
15663,32.07181262969971
15664,48.2597770690918
15665,30.771543979644775
15666,26.24022674560547
15667,22.001904010772705
15668,11.784421920776367
15669,20.595372676849365
15670,25.63197422027588
15671,30.528332233428955
15672,25.271240234375
15673,20.986974716186523
15674,63.979530334472656
15675,30.415632724761963
15676,12.385248899459839
15677,20.78035306930542
15678,20.367659091949463
15679,21.277451515197754
15680,12.091349840164185
15681,22.086966514587402
15682,39.26437473297119
15683,37.82686471939087
15684,20.1984920501709
15685,57.83145046234131
15686,27.145049571990967
15687,12.519490957260132
15688,11.669032096862793
15689,45.77128601074219
15690,21.64474630355835
15691,42.41294479370117
15692,31.785564422607422
15693,20.87457275390625
15694,12.405884981155396
15695,42.96847724914551
15696,20.96311330795288
15697,22.038814067840576
15698,20.40914273262024
15699,45.90829849243164
15700,31.93077516555786
15701,27.844901084899902
15702,12.803890943527222
15703,11.94449758529663
15704,50.01658344268799
15705,11.84715986251831
15706,20.885653495788574
15707,20.557517051696777
15708,26.66318416595459
15709,35.57179260253906
15710,21.44373321533203
15711,25.203251838684082
15712,34.01736402511597
15713,19.716574668884277
15714,12.32594108581543
15715,30.72895050048828
15716,40.46405029296875
15717,49.01997947692871
15718,12.944286346435547
15719,26.10924005508423
15720,37.996288776397705
15721,11.77632474899292
15722,42.169973373413086
15723,22.16448974609375
15724,26.014596462249756
15725,47.600290298461914
15726,48.07915782928467
15727,30.644493579864502
15728,21.46600341796875
15729,25.96212911605835
15730,26.740878582000732
15731,31.904524326324463
15732,20.582624673843384
15733,12.258996486663818
15734,22.9094557762146
15735,34.95129728317261
15736,12.306502342224121
15737,36.64405155181885
15738,11.5231351852417
15739,25.902231216430664
15740,27.466218948364258
15741,21.570998668670654
15742,52.09406566619873
15743,38.038715839385986
15744,40.546199798583984
15745,19.07377314567566
15746,25.372886657714844
15747,20.1490421295166
15748,31.213326454162598
15749,12.386061906814575
15750,20.818276166915894
15751,35.75024461746216
15752,12.539514780044556
15753,20.73386287689209
15754,32.64415264129639
15755,11.907405853271484
15756,26.481728553771973
15757,34.83457708358765
15758,39.88872814178467
15759,43.88989067077637
15760,47.231621742248535
15761,32.91936922073364
15762,34.51606225967407
15763,34.674023151397705
15764,27.161402702331543
15765,21.250178337097168
15766,21.02828311920166
15767,12.309367418289185
15768,19.817881107330322
15769,32.125693798065186
15770,21.22032594680786
15771,41.9766149520874
15772,12.353671312332153
15773,20.6854829788208
15774,33.41802215576172
15775,20.048873901367188
15776,19.92852473258972
15777,12.44794774055481
15778,52.38654041290283
15779,11.827302694320679
15780,13.136048793792725
15781,26.561310291290283
15782,25.644202709197998
15783,34.79063415527344
15784,39.514105796813965
15785,20.22539472579956
15786,34.708332538604736
15787,24.423753261566162
15788,20.950741291046143
15789,33.80122089385986
15790,45.42104244232178
15791,26.63078212738037
15792,20.70658588409424
15793,21.290430068969727
15794,26.586442947387695
15795,12.706793069839478
15796,35.1980938911438
15797,44.84759712219238
15798,12.564106941223145
15799,11.690526962280273
15800,11.692293882369995
15801,20.70128297805786
15802,20.562352657318115
15803,32.700714111328125
15804,36.73997163772583
15805,21.28019905090332
15806,24.71466827392578
15807,20.402464389801025
15808,12.711028337478638
15809,33.667606353759766
15810,18.040985584259033
15811,21.079625606536865
15812,11.86279010772705
15813,44.56396675109863
15814,25.30244779586792
15815,20.722662925720215
15816,12.173607349395752
15817,12.279848098754883
15818,20.25905466079712
15819,40.036354541778564
15820,73.00600910186768
15821,12.481220245361328
15822,12.495851278305054
15823,52.56144046783447
15824,31.229625701904297
15825,46.69262886047363
15826,11.893234729766846
15827,12.170426368713379
15828,31.940321445465088
15829,12.154428482055664
15830,20.898767471313477
15831,19.68852734565735
15832,20.822196006774902
15833,49.3946418762207
15834,33.04116106033325
15835,20.637879848480225
15836,25.525557041168213
15837,21.319083213806152
15838,31.38505220413208
15839,17.52264714241028
15840,11.890692949295044
15841,18.854983806610107
15842,33.15266990661621
15843,13.037304162979126
15844,11.859940528869629
15845,19.957509517669678
15846,31.176127433776855
15847,12.698481321334839
15848,13.183995485305786
15849,19.6315438747406
15850,27.49893045425415
15851,37.56706476211548
15852,20.294040203094482
15853,20.653090476989746
15854,11.759105920791626
15855,25.490777492523193
15856,26.492619037628174
15857,34.97595930099487
15858,51.73049354553223
15859,20.947700023651123
15860,12.902150869369507
15861,26.12716245651245
15862,39.77268028259277
15863,11.996388673782349
15864,20.808781147003174
15865,31.078688144683838
15866,42.42189121246338
15867,26.93418312072754
15868,12.180018663406372
15869,12.210869789123535
15870,34.87593746185303
15871,26.754878044128418
15872,25.44463300704956
15873,26.30208730697632
15874,47.19826030731201
15875,37.696500301361084
15876,11.973362445831299
15877,53.048245429992676
15878,20.312608003616333
15879,44.460103034973145
15880,11.733054637908936
15881,21.108379364013672
15882,11.91836142539978
15883,35.72464990615845
15884,50.06535530090332
15885,40.336623668670654
15886,11.57494831085205
15887,33.71297550201416
15888,21.658019065856934
15889,21.09882354736328
15890,33.89778232574463
15891,26.903589725494385
15892,12.2630033493042
15893,12.56827425956726
15894,19.993486881256104
15895,40.58717441558838
15896,12.457956314086914
15897,11.90580439567566
15898,11.8816397190094
15899,26.930618286132812
15900,37.77662801742554
15901,34.94613790512085
15902,20.865339756011963
15903,12.428521156311035
15904,20.123936891555786
15905,20.95089864730835
15906,22.26640272140503
15907,12.06889009475708
15908,20.51594066619873
15909,56.44739818572998
15910,20.669077396392822
15911,26.85834264755249
15912,11.711752891540527
15913,20.62895679473877
15914,31.822848796844482
15915,12.471506595611572
15916,32.317662715911865
15917,20.281877994537354
15918,38.74024200439453
15919,25.610634326934814
15920,12.397448778152466
15921,20.94382953643799
15922,26.214388370513916
15923,25.262511253356934
15924,37.206175327301025
15925,20.147459506988525
15926,32.312246322631836
15927,11.945904731750488
15928,21.24925470352173
15929,26.44450283050537
15930,20.392340183258057
15931,32.111817836761475
15932,25.871506690979004
15933,42.38899326324463
15934,51.25545787811279
15935,34.87290954589844
15936,25.682464122772217
15937,11.51735782623291
15938,26.01716947555542
15939,13.062529802322388
15940,37.412930488586426
15941,21.132493495941162
15942,35.08942794799805
15943,31.425934314727783
15944,32.047279834747314
15945,31.380441188812256
15946,12.26749563217163
15947,31.90344476699829
15948,31.23889684677124
15949,31.227673530578613
15950,21.399582862854004
15951,35.218453884124756
15952,12.345870018005371
15953,68.43043994903564
15954,26.186800479888916
15955,40.38030481338501
15956,12.16560673713684
15957,19.908135652542114
15958,12.19774580001831
15959,35.31385850906372
15960,19.959232091903687
15961,31.38549566268921
15962,25.802748203277588
15963,21.137362003326416
15964,37.4244966506958
15965,12.231490135192871
15966,20.28655505180359
15967,27.37101984024048
15968,20.306816577911377
15969,20.64808702468872
15970,35.143324851989746
15971,32.46671104431152
15972,32.166534423828125
15973,10.981263875961304
15974,20.620612621307373
15975,20.30258560180664
15976,27.061275482177734
15977,20.003511905670166
15978,32.333388805389404
15979,13.713404655456543
15980,12.9160737991333
15981,19.784041166305542
15982,13.136778116226196
15983,20.464985370635986
15984,25.774948596954346
15985,22.369028091430664
15986,42.86253643035889
15987,12.039971113204956
15988,26.267164707183838
15989,12.027653694152832
15990,28.09231424331665
15991,37.46924161911011
15992,21.85904598236084
15993,27.266912937164307
15994,31.73826026916504
15995,12.112085580825806
15996,12.251464366912842
15997,20.481614589691162
15998,31.134155750274658
15999,57.373125076293945
16000,21.07671308517456
16001,22.53447198867798
16002,20.747130393981934
16003,45.74431610107422
16004,19.166739463806152
16005,11.730248212814331
16006,34.70838212966919
16007,20.35121750831604
16008,12.28145456314087
16009,12.719214916229248
16010,20.474651336669922
16011,62.55275344848633
16012,20.56427240371704
16013,20.87966823577881
16014,12.810329914093018
16015,38.8742995262146
16016,27.209107398986816
16017,42.448519706726074
16018,35.371933937072754
16019,29.916141986846924
16020,38.146209716796875
16021,21.027963161468506
16022,25.42757225036621
16023,30.42525291442871
16024,12.538068771362305
16025,49.11704730987549
16026,20.576430320739746
16027,67.77929973602295
16028,20.470309257507324
16029,32.962010860443115
16030,20.88716983795166
16031,37.179245948791504
16032,13.123169422149658
16033,11.870118141174316
16034,27.07395887374878
16035,12.14412522315979
16036,46.46444129943848
16037,19.679593086242676
16038,49.65627574920654
16039,35.18658924102783
16040,26.084430694580078
16041,20.765305042266846
16042,26.502846240997314
16043,26.112245082855225
16044,34.01909828186035
16045,20.1466965675354
16046,14.252077341079712
16047,26.004356384277344
16048,12.628125190734863
16049,11.606791496276855
16050,12.175740003585815
16051,31.1716890335083
16052,20.92982244491577
16053,51.520596504211426
16054,60.62643814086914
16055,36.707703590393066
16056,20.168238878250122
16057,32.24167585372925
16058,21.035268306732178
16059,20.972697734832764
16060,34.70272159576416
16061,41.83478260040283
16062,12.422242403030396
16063,26.83534049987793
16064,20.050468921661377
16065,26.491797924041748
16066,22.0108642578125
16067,26.252575397491455
16068,40.159019947052
16069,21.257890701293945
16070,39.71896409988403
16071,20.4224271774292
16072,20.901665210723877
16073,25.194605827331543
16074,12.92037558555603
16075,33.21153783798218
16076,12.359910488128662
16077,31.386967658996582
16078,12.75297212600708
16079,26.684819221496582
16080,25.497485160827637
16081,32.60825490951538
16082,25.77365255355835
16083,25.157247066497803
16084,21.05458974838257
16085,41.65364742279053
16086,25.599627017974854
16087,31.786211490631104
16088,21.91569471359253
16089,20.912099838256836
16090,11.760468244552612
16091,42.344350814819336
16092,20.069100856781006
16093,21.666430950164795
16094,12.144146203994751
16095,21.13899278640747
16096,20.468027591705322
16097,12.049652099609375
16098,55.57121181488037
16099,11.912274837493896
16100,25.7980694770813
16101,33.306560039520264
16102,12.30136227607727
16103,26.048919200897217
16104,12.720207452774048
16105,14.028523206710815
16106,12.525256633758545
16107,20.443142414093018
16108,37.8793511390686
16109,36.90597438812256
16110,48.361273765563965
16111,25.25960111618042
16112,32.351202964782715
16113,44.5891170501709
16114,12.5395348072052
16115,35.00077676773071
16116,11.848658561706543
16117,11.671250343322754
16118,37.184648513793945
16119,40.54226303100586
16120,12.140193700790405
16121,11.862949132919312
16122,11.60285234451294
16123,12.037228345870972
16124,19.076622247695923
16125,25.517521858215332
16126,35.4870228767395
16127,21.09878444671631
16128,20.456245183944702
16129,40.45433759689331
16130,20.75465679168701
16131,27.07420825958252
16132,12.998756647109985
16133,41.39690399169922
16134,31.819214344024658
16135,21.333223819732666
16136,52.69278430938721
16137,26.32436227798462
16138,26.52554702758789
16139,37.82506847381592
16140,20.018691062927246
16141,21.25437307357788
16142,12.948794841766357
16143,12.513856172561646
16144,11.613040208816528
16145,20.58722496032715
16146,52.12987518310547
16147,11.605684280395508
16148,20.549736499786377
16149,20.53144121170044
16150,25.933006286621094
16151,48.83244323730469
16152,25.398614406585693
16153,36.748387813568115
16154,11.900740146636963
16155,26.837536334991455
16156,26.724924564361572
16157,19.725258350372314
16158,21.199409008026123
16159,12.158926248550415
16160,11.92418885231018
16161,19.9177725315094
16162,12.812459230422974
16163,11.718098402023315
16164,11.697103023529053
16165,21.05101776123047
16166,39.979289054870605
16167,12.698664426803589
16168,20.43384027481079
16169,11.980135917663574
16170,37.955180644989014
16171,42.37264156341553
16172,12.735817670822144
16173,26.61167287826538
16174,12.255138158798218
16175,20.419832229614258
16176,35.890907764434814
16177,50.659884452819824
16178,20.951755046844482
16179,35.81273174285889
16180,11.824808597564697
16181,35.39988422393799
16182,20.65443229675293
16183,20.64549207687378
16184,21.142829418182373
16185,20.981301307678223
16186,26.076284885406494
16187,22.08723258972168
16188,11.749467134475708
16189,51.64168453216553
16190,26.155319690704346
16191,20.656644821166992
16192,31.487651348114014
16193,28.259353160858154
16194,32.08424377441406
16195,38.05038070678711
16196,19.994665145874023
16197,35.45567178726196
16198,33.275002002716064
16199,31.242445468902588
16200,13.882181406021118
16201,21.360743045806885
16202,21.048256397247314
16203,11.194708347320557
16204,21.083449840545654
16205,49.25283241271973
16206,12.558323860168457
16207,36.93209362030029
16208,40.148680686950684
16209,47.72549819946289
16210,52.0065803527832
16211,26.313168048858643
16212,20.82091522216797
16213,21.112440586090088
16214,20.782968044281006
16215,18.948652744293213
16216,40.141833782196045
16217,12.566646814346313
16218,12.820751428604126
16219,25.956567764282227
16220,46.10530185699463
16221,20.495369911193848
16222,11.92435336112976
16223,43.37491703033447
16224,31.325167179107666
16225,41.82003974914551
16226,20.453248977661133
16227,20.130897045135498
16228,42.79649639129639
16229,21.30545139312744
16230,40.285362243652344
16231,21.37616205215454
16232,12.711414575576782
16233,20.940584659576416
16234,20.686440467834473
16235,20.56828498840332
16236,37.73901081085205
16237,12.90914011001587
16238,11.974207639694214
16239,11.576847076416016
16240,20.689398765563965
16241,20.881139755249023
16242,20.934346199035645
16243,11.9144766330719
16244,24.806275367736816
16245,21.55838441848755
16246,34.89598989486694
16247,13.13517951965332
16248,25.763193130493164
16249,25.292690753936768
16250,37.5284538269043
16251,20.494057178497314
16252,12.248405694961548
16253,35.632444858551025
16254,20.549945831298828
16255,25.936634063720703
16256,11.07968258857727
16257,26.685632705688477
16258,26.615005493164062
16259,11.69353699684143
16260,11.579479932785034
16261,27.574013710021973
16262,54.073872566223145
16263,68.61284923553467
16264,12.782992601394653
16265,47.14259910583496
16266,21.31406307220459
16267,35.77196455001831
16268,21.42345380783081
16269,26.431798934936523
16270,39.690322399139404
16271,44.495314598083496
16272,25.377684593200684
16273,26.042946815490723
16274,12.300475358963013
16275,12.065558910369873
16276,18.63541340827942
16277,12.43525242805481
16278,20.7798113822937
16279,21.868754863739014
16280,44.30614471435547
16281,20.50859761238098
16282,25.20976686477661
16283,26.05971908569336
16284,12.37493085861206
16285,26.12267255783081
16286,39.553420066833496
16287,20.793531894683838
16288,71.3340425491333
16289,12.378502130508423
16290,21.463961601257324
16291,20.415430784225464
16292,12.39775037765503
16293,32.069557189941406
16294,22.059174060821533
16295,11.85091757774353
16296,33.99946403503418
16297,38.00990295410156
16298,20.73768901824951
16299,11.470943212509155
16300,24.920267581939697
16301,21.03597402572632
16302,20.919200897216797
16303,34.32739305496216
16304,25.67312479019165
16305,11.776599168777466
16306,21.036389350891113
16307,35.710323333740234
16308,20.438863277435303
16309,19.840548753738403
16310,25.146072387695312
16311,31.48995351791382
16312,34.49127197265625
16313,53.2067174911499
16314,11.53544306755066
16315,35.41458559036255
16316,25.826882362365723
16317,26.451138496398926
16318,26.474581718444824
16319,21.5380220413208
16320,40.60923528671265
16321,20.662309646606445
16322,12.06841254234314
16323,21.008223056793213
16324,37.98144817352295
16325,37.366594314575195
16326,16.618500471115112
16327,46.8310432434082
16328,34.37320041656494
16329,12.247640371322632
16330,36.579769134521484
16331,31.596492767333984
16332,11.47631311416626
16333,21.109509468078613
16334,40.3350133895874
16335,25.625466346740723
16336,21.26199769973755
16337,56.830589294433594
16338,20.679726600646973
16339,25.82383632659912
16340,11.87651252746582
16341,34.10038757324219
16342,34.624873638153076
16343,21.634013652801514
16344,31.991112232208252
16345,11.535589694976807
16346,38.549354553222656
16347,42.35538101196289
16348,25.39628314971924
16349,12.372868776321411
16350,41.36514854431152
16351,59.1859769821167
16352,21.62677812576294
16353,13.42136549949646
16354,20.96947717666626
16355,26.737639904022217
16356,11.93567681312561
16357,25.22168731689453
16358,20.57746696472168
16359,20.65872812271118
16360,12.587056159973145
16361,12.666520357131958
16362,27.316627502441406
16363,47.025824546813965
16364,25.831104278564453
16365,25.80360984802246
16366,20.11569309234619
16367,11.448349237442017
16368,20.37060832977295
16369,20.35709238052368
16370,11.718530416488647
16371,11.98441195487976
16372,12.246262311935425
16373,35.01362991333008
16374,11.669118642807007
16375,11.938882827758789
16376,12.295807838439941
16377,20.64859628677368
16378,12.104554414749146
16379,25.713319778442383
16380,21.590739727020264
16381,26.073986530303955
16382,26.51074504852295
16383,20.377100467681885
16384,21.087081909179688
16385,20.89861488342285
16386,11.678877353668213
16387,27.125221729278564
16388,55.033663749694824
16389,11.48576545715332
16390,21.08058500289917
16391,44.973361015319824
16392,31.53014898300171
16393,17.94545006752014
16394,19.391839265823364
16395,21.6423077583313
16396,21.536482334136963
16397,11.786287069320679
16398,13.01186466217041
16399,11.906396389007568
16400,20.73847246170044
16401,11.9096519947052
16402,34.07029104232788
16403,12.217264652252197
16404,39.91814947128296
16405,13.009604930877686
16406,21.152504920959473
16407,20.679325580596924
16408,35.385647773742676
16409,37.184667110443115
16410,12.000034093856812
16411,27.33647394180298
16412,35.060585021972656
16413,43.12239646911621
16414,35.51652383804321
16415,50.606794357299805
16416,20.89336919784546
16417,21.03467893600464
16418,20.796743869781494
16419,33.92716884613037
16420,32.64626169204712
16421,26.449020385742188
16422,41.18927764892578
16423,37.4735312461853
16424,41.38006401062012
16425,37.522719860076904
16426,32.10051488876343
16427,26.458009243011475
16428,31.554925441741943
16429,31.921471118927002
16430,26.00448513031006
16431,32.50728750228882
16432,31.27097749710083
16433,38.602402687072754
16434,12.051668882369995
16435,19.316566228866577
16436,13.305495977401733
16437,21.604734420776367
16438,20.861379623413086
16439,21.203184604644775
16440,43.78018093109131
16441,12.429951429367065
16442,11.021314859390259
16443,19.78430461883545
16444,31.407601833343506
16445,12.57671570777893
16446,34.575050354003906
16447,40.75641918182373
16448,11.966097831726074
16449,32.21168804168701
16450,12.466673374176025
16451,35.58526945114136
16452,25.288400650024414
16453,20.593698024749756
16454,40.31316089630127
16455,26.95510196685791
16456,36.88188886642456
16457,20.807992935180664
16458,12.460874795913696
16459,26.99462890625
16460,11.718528270721436
16461,12.323929071426392
16462,25.430433750152588
16463,20.867053508758545
16464,11.54104495048523
16465,12.94196605682373
16466,19.91700315475464
16467,12.100332021713257
16468,20.93622398376465
16469,11.57494831085205
16470,11.671250343322754
16471,48.54941654205322
16472,20.56144881248474
16473,36.409602642059326
16474,21.161084175109863
16475,13.088498592376709
16476,42.35709095001221
16477,11.674737691879272
16478,26.752863883972168
16479,11.98598027229309
16480,26.974631786346436
16481,25.041972637176514
16482,34.484750747680664
16483,26.51561737060547
16484,12.487427473068237
16485,35.581265926361084
16486,12.078898906707764
16487,50.55778980255127
16488,26.44269609451294
16489,12.57857632637024
16490,12.309158325195312
16491,31.46627187728882
16492,36.33824157714844
16493,36.27451801300049
16494,31.606655597686768
16495,37.94022226333618
16496,40.73871898651123
16497,12.887351274490356
16498,40.422128677368164
16499,12.60071611404419
16500,11.763779878616333
16501,25.733031749725342
16502,35.64873123168945
16503,49.8693962097168
16504,35.17130374908447
16505,21.27700424194336
16506,25.3755145072937
16507,20.163389205932617
16508,12.46160340309143
16509,20.582082748413086
16510,31.72915554046631
16511,37.39424276351929
16512,20.534209966659546
16513,13.010619401931763
16514,30.771554946899414
16515,11.938492059707642
16516,20.78640079498291
16517,12.097251892089844
16518,20.779813766479492
16519,11.749467134475708
16520,25.835532188415527
16521,20.820285320281982
16522,26.142218112945557
16523,37.01008176803589
16524,37.76720714569092
16525,19.913219928741455
16526,36.91211652755737
16527,12.321764469146729
16528,34.73550796508789
16529,31.584259510040283
16530,26.404566764831543
16531,49.166802406311035
16532,20.06265664100647
16533,24.88665008544922
16534,27.415390014648438
16535,37.54722309112549
16536,31.53175973892212
16537,11.809449911117554
16538,26.461955547332764
16539,40.679691314697266
16540,11.988396644592285
16541,31.844593048095703
16542,42.364402770996094
16543,12.757075309753418
16544,19.745051622390747
16545,33.80006694793701
16546,11.822107553482056
16547,31.152299404144287
16548,11.862486839294434
16549,32.25086164474487
16550,27.07154607772827
16551,33.50071096420288
16552,42.806617736816406
16553,22.132615089416504
16554,25.996827602386475
16555,20.543102979660034
16556,32.22064208984375
16557,34.985777378082275
16558,12.539090156555176
16559,21.961267471313477
16560,18.874977350234985
16561,11.281290054321289
16562,12.63101053237915
16563,31.58915424346924
16564,68.12948989868164
16565,31.54373073577881
16566,12.536500453948975
16567,36.544172286987305
16568,12.76831865310669
16569,25.800367832183838
16570,12.813650608062744
16571,33.3141655921936
16572,20.741546630859375
16573,11.819992780685425
16574,26.283653259277344
16575,24.986277103424072
16576,35.445096015930176
16577,12.54230809211731
16578,45.82173728942871
16579,37.94453144073486
16580,20.8999605178833
16581,65.0734977722168
16582,51.224799156188965
16583,68.44757747650146
16584,21.16156578063965
16585,32.054585456848145
16586,20.56110191345215
16587,20.860544204711914
16588,12.960583448410034
16589,11.987859964370728
16590,11.840491533279419
16591,49.3893404006958
16592,25.131855010986328
16593,41.330217361450195
16594,12.250017166137695
16595,42.709858894348145
16596,21.02545928955078
16597,11.713757753372192
16598,52.39389610290527
16599,11.807938814163208
16600,32.67810297012329
16601,79.04876899719238
16602,11.681596279144287
16603,37.618311405181885
16604,11.88254451751709
16605,20.932586669921875
16606,32.77542209625244
16607,12.44944953918457
16608,12.374210357666016
16609,57.55518436431885
16610,31.858863353729248
16611,25.875698566436768
16612,20.843652725219727
16613,12.319018840789795
16614,20.901247024536133
16615,19.921573638916016
16616,21.085729598999023
16617,31.8546404838562
16618,32.54218244552612
16619,27.345749378204346
16620,20.738616943359375
16621,20.20967388153076
16622,12.014933347702026
16623,25.591097831726074
16624,35.51180648803711
16625,21.073829174041748
16626,11.826704025268555
16627,31.305235385894775
16628,12.283265113830566
16629,20.937163829803467
16630,25.88527202606201
16631,12.160034418106079
16632,11.951279401779175
16633,26.62214469909668
16634,12.348212003707886
16635,46.4743595123291
16636,45.26838207244873
16637,26.718597412109375
16638,20.16890835762024
16639,27.047755241394043
16640,31.856601238250732
16641,25.974441051483154
16642,50.215763092041016
16643,20.007500648498535
16644,34.717124462127686
16645,20.132145166397095
16646,21.807424545288086
16647,11.7550208568573
16648,32.32347631454468
16649,32.125436782836914
16650,12.970221757888794
16651,27.932568550109863
16652,21.190675258636475
16653,11.839153528213501
16654,12.488129138946533
16655,45.40574550628662
16656,12.570791959762573
16657,34.93798780441284
16658,21.29927349090576
16659,26.572771072387695
16660,19.066801071166992
16661,35.922096729278564
16662,30.651922702789307
16663,21.570640563964844
16664,18.30475950241089
16665,39.91905689239502
16666,32.699315547943115
16667,25.502437591552734
16668,48.48817157745361
16669,37.12955141067505
16670,20.354383945465088
16671,48.66595268249512
16672,57.038912773132324
16673,21.42589807510376
16674,19.59589171409607
16675,26.285164833068848
16676,12.537514686584473
16677,51.32448482513428
16678,20.616249561309814
16679,13.1499662399292
16680,26.65194606781006
16681,31.633802890777588
16682,26.436692237854004
16683,25.495760440826416
16684,20.59595775604248
16685,12.492505311965942
16686,40.61505317687988
16687,19.834707498550415
16688,49.20561504364014
16689,21.242148399353027
16690,35.401917457580566
16691,20.75013828277588
16692,11.801642417907715
16693,20.39310121536255
16694,30.535038948059082
16695,31.167447090148926
16696,11.160579919815063
16697,24.801320552825928
16698,31.51371431350708
16699,12.227850675582886
16700,19.47988271713257
16701,37.56938886642456
16702,44.5258846282959
16703,27.359713077545166
16704,45.360833168029785
16705,21.240626335144043
16706,21.080305814743042
16707,11.879637002944946
16708,34.32728099822998
16709,19.584840059280396
16710,49.570645332336426
16711,37.939247131347656
16712,37.90044546127319
16713,19.877805471420288
16714,42.320136070251465
16715,21.051781177520752
16716,25.331006050109863
16717,12.435675621032715
16718,32.10499572753906
16719,12.707435369491577
16720,21.145671844482422
16721,11.43584132194519
16722,26.224977493286133
16723,19.623807430267334
16724,56.86350917816162
16725,24.79290533065796
16726,31.394623279571533
16727,25.842284202575684
16728,26.429548740386963
16729,20.15310025215149
16730,12.487217664718628
16731,12.408641338348389
16732,35.20729207992554
16733,12.412403583526611
16734,20.446271896362305
16735,42.95950412750244
16736,13.02258038520813
16737,12.216869592666626
16738,31.77453374862671
16739,20.78001594543457
16740,20.41789436340332
16741,39.51086378097534
16742,47.27635478973389
16743,77.00775909423828
16744,21.663296699523926
16745,26.2519474029541
16746,21.5303692817688
16747,51.21037769317627
16748,26.549619674682617
16749,11.5709388256073
16750,11.869734764099121
16751,19.424182891845703
16752,31.408423900604248
16753,21.033381462097168
16754,27.682945251464844
16755,12.236860752105713
16756,21.741315364837646
16757,21.47218608856201
16758,12.713998794555664
16759,20.890777587890625
16760,26.081686973571777
16761,32.226065158843994
16762,32.09392261505127
16763,25.879240036010742
16764,37.212077140808105
16765,21.2891788482666
16766,11.867435455322266
16767,20.743019104003906
16768,25.882439136505127
16769,20.66609477996826
16770,20.547945022583008
16771,31.904149055480957
16772,11.213571786880493
16773,41.989192962646484
16774,20.890966415405273
16775,21.396337509155273
16776,12.094889402389526
16777,20.443267822265625
16778,37.41319274902344
16779,11.992358684539795
16780,21.244056701660156
16781,21.775324821472168
16782,11.45273232460022
16783,34.805757999420166
16784,12.494471549987793
16785,33.83121633529663
16786,20.336358547210693
16787,26.040485382080078
16788,25.869871139526367
16789,12.404759883880615
16790,11.995288848876953
16791,26.941590785980225
16792,12.381012916564941
16793,35.48241567611694
16794,20.47241449356079
16795,20.448623657226562
16796,21.322023391723633
16797,25.509855270385742
16798,12.471027374267578
16799,31.585941791534424
16800,25.25494623184204
16801,31.44625186920166
16802,34.42129135131836
16803,25.220192432403564
16804,27.4287371635437
16805,25.48800754547119
16806,25.982384204864502
16807,31.453421592712402
16808,20.126278400421143
16809,50.405569076538086
16810,21.003957271575928
16811,32.15973424911499
16812,43.4320764541626
16813,11.707614660263062
16814,12.349966764450073
16815,40.331876277923584
16816,13.228129625320435
16817,51.73752689361572
16818,12.55677604675293
16819,35.19949531555176
16820,18.95622754096985
16821,19.299526691436768
16822,20.113420724868774
16823,45.95408248901367
16824,20.42512559890747
16825,19.778707265853882
16826,20.88949489593506
16827,21.426135540008545
16828,37.6162166595459
16829,16.6164128780365
16830,31.052339553833008
16831,20.92940044403076
16832,26.12135362625122
16833,25.646812438964844
16834,33.65007162094116
16835,26.305856227874756
16836,12.26343297958374
16837,12.285179615020752
16838,12.632195472717285
16839,25.64105987548828
16840,21.65310764312744
16841,51.098835945129395
16842,37.449018478393555
16843,11.9842050075531
16844,26.423807621002197
16845,38.671790599823
16846,49.846680641174316
16847,12.186399936676025
16848,11.801390171051025
16849,11.876428127288818
16850,20.552379608154297
16851,12.156034708023071
16852,21.867616176605225
16853,25.889074325561523
16854,12.10419774055481
16855,32.84933423995972
16856,13.222518920898438
16857,31.314087390899658
16858,27.459466457366943
16859,35.38714408874512
16860,30.449408054351807
16861,21.789810180664062
16862,11.95529580116272
16863,32.02604627609253
16864,26.57005548477173
16865,36.77015399932861
16866,31.905709743499756
16867,12.349765062332153
16868,35.82873296737671
16869,39.46304225921631
16870,12.600063562393188
16871,12.597269296646118
16872,24.483222007751465
16873,31.32251739501953
16874,21.30782985687256
16875,46.716158866882324
16876,34.35695028305054
16877,43.50362300872803
16878,20.720966339111328
16879,12.482848882675171
16880,20.668023109436035
16881,42.69680595397949
16882,12.458544254302979
16883,21.094597816467285
16884,26.29929828643799
16885,12.34973430633545
16886,13.18532919883728
16887,12.46366572380066
16888,12.046003818511963
16889,26.044495582580566
16890,12.669706344604492
16891,52.50237274169922
16892,20.295926570892334
16893,20.910513877868652
16894,40.29900360107422
16895,20.533454179763794
16896,11.731697797775269
16897,31.209946632385254
16898,34.95879125595093
16899,11.064234972000122
16900,25.818525791168213
16901,27.629600048065186
16902,20.59874725341797
16903,11.849964618682861
16904,30.198326110839844
16905,65.64999771118164
16906,36.77928829193115
16907,19.63238835334778
16908,20.900436878204346
16909,25.468477725982666
16910,13.127582788467407
16911,36.96118783950806
16912,26.3055157661438
16913,13.118648529052734
16914,11.945122480392456
16915,20.89336919784546
16916,26.901930809020996
16917,32.21430253982544
16918,26.128703117370605
16919,11.5958731174469
16920,32.09515047073364
16921,46.6044807434082
16922,33.95062732696533
16923,33.65985345840454
16924,11.932085752487183
16925,32.22135019302368
16926,37.3339147567749
16927,11.885918617248535
16928,12.521753311157227
16929,11.609198808670044
16930,25.308704376220703
16931,30.324470043182373
16932,35.715389251708984
16933,12.715555191040039
16934,31.88069438934326
16935,64.52921104431152
16936,12.326836585998535
16937,25.977951049804688
16938,26.478596210479736
16939,20.163342237472534
16940,25.644466876983643
16941,31.749070644378662
16942,25.839765548706055
16943,11.76012635231018
16944,38.770431995391846
16945,25.493472576141357
16946,49.50300979614258
16947,25.24503517150879
16948,25.66853141784668
16949,51.298468589782715
16950,12.296639680862427
16951,26.038548946380615
16952,19.732083559036255
16953,11.750066041946411
16954,20.065724849700928
16955,12.371135950088501
16956,36.19065761566162
16957,26.1856951713562
16958,36.49182653427124
16959,26.757655143737793
16960,32.33478784561157
16961,12.45884108543396
16962,12.66395115852356
16963,43.277902603149414
16964,34.364699363708496
16965,49.576727867126465
16966,26.650022506713867
16967,12.46621060371399
16968,32.145957469940186
16969,55.19823169708252
16970,20.434934616088867
16971,21.10824728012085
16972,32.129029273986816
16973,27.166195392608643
16974,20.325819969177246
16975,41.50462818145752
16976,31.916773796081543
16977,20.957326412200928
16978,11.244446277618408
16979,11.825539112091064
16980,21.610772609710693
16981,25.60928964614868
16982,20.219759941101074
16983,21.233933448791504
16984,12.40143084526062
16985,20.51151943206787
16986,39.891857624053955
16987,11.705158710479736
16988,25.662131309509277
16989,31.55815553665161
16990,27.48042106628418
16991,21.1841721534729
16992,26.22944450378418
16993,25.401071548461914
16994,37.08491373062134
16995,20.381080865859985
16996,12.045917987823486
16997,26.283350467681885
16998,80.66085815429688
16999,25.97757625579834
17000,20.885214805603027
17001,41.13765621185303
17002,40.74541091918945
17003,20.555431842803955
17004,35.58457565307617
17005,12.737096309661865
17006,25.12624502182007
17007,45.409507751464844
17008,25.976604461669922
17009,11.979662418365479
17010,20.291992664337158
17011,12.325998783111572
17012,30.890674114227295
17013,21.507671356201172
17014,28.210803031921387
17015,20.911590099334717
17016,36.405632972717285
17017,11.714464902877808
17018,21.28490972518921
17019,20.5425066947937
17020,11.950612783432007
17021,20.948052406311035
17022,26.188186645507812
17023,31.744965076446533
17024,50.95392417907715
17025,45.67633819580078
17026,40.60211372375488
17027,21.387385845184326
17028,12.425788164138794
17029,13.078793287277222
17030,20.30916929244995
17031,11.53792142868042
17032,32.36098861694336
17033,32.20943212509155
17034,18.83387804031372
17035,21.149112701416016
17036,37.47621297836304
17037,35.02866792678833
17038,18.076722860336304
17039,35.7565336227417
17040,37.91179609298706
17041,48.963144302368164
17042,22.011643886566162
17043,21.20546531677246
17044,26.49572992324829
17045,21.45844316482544
17046,12.739421367645264
17047,12.08229374885559
17048,21.166386604309082
17049,26.437586784362793
17050,35.51707077026367
17051,12.559629201889038
17052,11.989200830459595
17053,19.105363368988037
17054,36.81230306625366
17055,20.832449436187744
17056,12.506627082824707
17057,26.939611434936523
17058,47.686941146850586
17059,12.324267864227295
17060,20.59149956703186
17061,19.945069313049316
17062,39.64276647567749
17063,21.113006591796875
17064,31.727163314819336
17065,20.030357360839844
17066,35.57406520843506
17067,20.370670795440674
17068,38.995370388031006
17069,25.326900005340576
17070,50.50591564178467
17071,26.897335052490234
17072,37.817612648010254
17073,11.897313356399536
17074,30.77646017074585
17075,25.088236808776855
17076,34.68086242675781
17077,19.67697525024414
17078,26.924057960510254
17079,22.438137531280518
17080,11.763520002365112
17081,49.941545486450195
17082,21.003419876098633
17083,12.553844213485718
17084,25.376548767089844
17085,26.89014768600464
17086,35.72803735733032
17087,12.043731689453125
17088,31.417844772338867
17089,54.31118679046631
17090,26.500146865844727
17091,13.252683877944946
17092,21.104548454284668
17093,42.64108371734619
17094,20.946674823760986
17095,35.89745092391968
17096,21.525033950805664
17097,42.61646747589111
17098,20.58681631088257
17099,20.40907621383667
17100,37.77299451828003
17101,12.221170663833618
17102,21.054928302764893
17103,21.297793865203857
17104,26.662297248840332
17105,35.222389221191406
17106,31.209197521209717
17107,41.04811763763428
17108,26.099642276763916
17109,19.91413688659668
17110,49.95191669464111
17111,19.830240964889526
17112,21.188115119934082
17113,13.223385334014893
17114,26.507230281829834
17115,11.935869455337524
17116,22.30466651916504
17117,47.23962688446045
17118,26.57131338119507
17119,35.914666175842285
17120,20.817755699157715
17121,20.216711282730103
17122,11.852821350097656
17123,31.32920265197754
17124,11.129924058914185
17125,37.84109306335449
17126,12.00868034362793
17127,20.369974613189697
17128,20.45230197906494
17129,69.54017734527588
17130,34.79711055755615
17131,45.43196678161621
17132,26.547870635986328
17133,11.918671131134033
17134,26.249211311340332
17135,73.90120792388916
17136,12.138741970062256
17137,12.350152015686035
17138,32.40367841720581
17139,35.09156131744385
17140,12.413915395736694
17141,20.257644176483154
17142,31.859341621398926
17143,11.677673816680908
17144,26.695463180541992
17145,11.773184537887573
17146,31.274953842163086
17147,12.492721319198608
17148,12.27158498764038
17149,12.344541788101196
17150,12.43871259689331
17151,25.982539176940918
17152,41.96785545349121
17153,25.646334171295166
17154,20.10861563682556
17155,21.06770658493042
17156,25.164021968841553
17157,12.299297332763672
17158,12.427433252334595
17159,37.93538999557495
17160,12.450327396392822
17161,11.963450908660889
17162,39.0926833152771
17163,21.548970699310303
17164,26.09505844116211
17165,12.09385061264038
17166,21.376912593841553
17167,31.38700580596924
17168,21.048672199249268
17169,12.540801763534546
17170,12.431597709655762
17171,12.56986141204834
17172,21.515734672546387
17173,31.174359798431396
17174,20.39957046508789
17175,12.538100481033325
17176,27.971863746643066
17177,11.944825172424316
17178,19.888673543930054
17179,21.249016761779785
17180,12.530031681060791
17181,25.03752374649048
17182,21.454912662506104
17183,24.86985206604004
17184,41.212586402893066
17185,21.41182804107666
17186,35.12188005447388
17187,26.034019470214844
17188,20.270840883255005
17189,11.888524770736694
17190,20.650810718536377
17191,12.989651918411255
17192,11.753588199615479
17193,19.29938054084778
17194,34.1741681098938
17195,30.168007850646973
17196,26.13406229019165
17197,31.586573123931885
17198,20.336650371551514
17199,20.90631675720215
17200,36.16545867919922
17201,35.86310958862305
17202,32.88732862472534
17203,22.198513507843018
17204,12.205760478973389
17205,30.09363031387329
17206,33.035484313964844
17207,30.281203269958496
17208,25.786603927612305
17209,19.643697500228882
17210,19.573340892791748
17211,34.842795848846436
17212,12.43622612953186
17213,34.982691287994385
17214,20.196939706802368
17215,31.839523315429688
17216,33.851651191711426
17217,33.128647327423096
17218,50.57814407348633
17219,12.299593448638916
17220,50.38301944732666
17221,26.477700233459473
17222,26.067749977111816
17223,12.505083322525024
17224,48.86391639709473
17225,12.126942157745361
17226,32.76670455932617
17227,21.006980419158936
17228,21.613795280456543
17229,11.248925685882568
17230,40.457091331481934
17231,25.778398513793945
17232,13.11921238899231
17233,36.220670223236084
17234,29.704805850982666
17235,20.230878114700317
17236,37.494736671447754
17237,21.131402015686035
17238,21.7639799118042
17239,20.56871747970581
17240,34.1720929145813
17241,20.648146867752075
17242,31.906521797180176
17243,20.453526496887207
17244,25.875315189361572
17245,35.240684509277344
17246,12.513690710067749
17247,12.330742835998535
17248,50.123520851135254
17249,11.770354747772217
17250,36.3610405921936
17251,73.77821159362793
17252,49.91036891937256
17253,11.746554613113403
17254,37.45893478393555
17255,25.39708185195923
17256,36.82460069656372
17257,24.498515605926514
17258,21.416685581207275
17259,25.06099224090576
17260,65.85163402557373
17261,12.388716220855713
17262,26.221137523651123
17263,40.19539451599121
17264,11.949435472488403
17265,19.89102554321289
17266,11.715832233428955
17267,20.97717571258545
17268,21.58418083190918
17269,25.285390377044678
17270,31.034297943115234
17271,12.503146886825562
17272,21.18369770050049
17273,25.356897830963135
17274,11.711874723434448
17275,20.318603992462158
17276,21.224037647247314
17277,25.880261421203613
17278,12.769951820373535
17279,40.41116666793823
17280,33.555471897125244
17281,21.38468027114868
17282,33.301963806152344
17283,46.60448360443115
17284,20.966315269470215
17285,26.207714080810547
17286,34.31059741973877
17287,20.651405096054077
17288,32.00599479675293
17289,11.954275369644165
17290,43.284982681274414
17291,21.78844165802002
17292,12.591245412826538
17293,21.290096282958984
17294,52.981520652770996
17295,34.88489007949829
17296,12.334738731384277
17297,12.576586246490479
17298,31.41031789779663
17299,11.851749897003174
17300,50.176493644714355
17301,20.180416345596313
17302,49.87495231628418
17303,21.618985176086426
17304,12.529358148574829
17305,13.104568481445312
17306,26.79506015777588
17307,19.950888872146606
17308,21.257591247558594
17309,30.510310173034668
17310,42.37559986114502
17311,20.62479543685913
17312,25.855435848236084
17313,12.06742787361145
17314,12.5959951877594
17315,41.83141899108887
17316,12.243974208831787
17317,41.99865531921387
17318,41.955440521240234
17319,26.82438039779663
17320,11.649209022521973
17321,11.609289169311523
17322,12.385698795318604
17323,11.75053358078003
17324,27.172032356262207
17325,34.900113582611084
17326,21.193347454071045
17327,26.887600421905518
17328,20.55275821685791
17329,34.403879165649414
17330,25.26615810394287
17331,35.27460718154907
17332,20.780030250549316
17333,52.60604286193848
17334,35.97377586364746
17335,27.31594181060791
17336,73.6546573638916
17337,26.757667541503906
17338,11.52719235420227
17339,66.9482536315918
17340,12.49310564994812
17341,35.67343330383301
17342,50.65658950805664
17343,20.818251609802246
17344,48.517860412597656
17345,25.21330451965332
17346,21.77308702468872
17347,26.092347621917725
17348,11.889939308166504
17349,21.120630741119385
17350,11.824222326278687
17351,33.09405755996704
17352,21.136657238006592
17353,32.11315155029297
17354,30.264138221740723
17355,27.160606384277344
17356,30.132177352905273
17357,25.866398811340332
17358,53.33628177642822
17359,26.73427724838257
17360,20.871144771575928
17361,20.8174147605896
17362,32.31930875778198
17363,35.511595726013184
17364,36.940829277038574
17365,26.118672370910645
17366,25.90449094772339
17367,26.193514347076416
17368,39.96915149688721
17369,42.618839263916016
17370,32.47968053817749
17371,11.733968257904053
17372,25.6100172996521
17373,42.6479549407959
17374,20.993260383605957
17375,36.40911102294922
17376,31.56478214263916
17377,41.23180866241455
17378,26.17773723602295
17379,25.129306316375732
17380,20.62324285507202
17381,20.994510650634766
17382,37.556350231170654
17383,13.200098752975464
17384,25.831727981567383
17385,41.33338928222656
17386,26.40493154525757
17387,12.407009601593018
17388,21.229520320892334
17389,35.398351192474365
17390,20.277727842330933
17391,33.10415315628052
17392,11.947724342346191
17393,33.889732837677
17394,45.783884048461914
17395,31.25909996032715
17396,12.536078691482544
17397,22.775622367858887
17398,13.240713834762573
17399,27.093624591827393
17400,20.703898906707764
17401,19.83152437210083
17402,43.09084224700928
17403,25.23021697998047
17404,11.748753070831299
17405,20.088879823684692
17406,20.757582187652588
17407,25.764195442199707
17408,34.97354030609131
17409,20.99022912979126
17410,11.628499746322632
17411,42.83547782897949
17412,21.170509338378906
17413,11.612982749938965
17414,25.83877658843994
17415,44.33432197570801
17416,11.913922786712646
17417,21.461982250213623
17418,12.150137424468994
17419,42.69943618774414
17420,11.64499568939209
17421,21.219357013702393
17422,20.25286865234375
17423,25.517050743103027
17424,19.384875535964966
17425,20.108696460723877
17426,39.39597463607788
17427,11.749405145645142
17428,20.46274733543396
17429,21.512113571166992
17430,37.0555853843689
17431,11.778692960739136
17432,34.949373722076416
17433,25.067138195037842
17434,21.112986087799072
17435,37.11376190185547
17436,39.3288197517395
17437,21.862579345703125
17438,12.081588745117188
17439,19.15258526802063
17440,20.466796398162842
17441,31.807544231414795
17442,20.583012580871582
17443,19.643859148025513
17444,35.15438795089722
17445,26.841576099395752
17446,22.057334423065186
17447,34.988624572753906
17448,20.166754961013794
17449,31.930997848510742
17450,55.53766918182373
17451,12.402788877487183
17452,34.67397594451904
17453,20.52313804626465
17454,35.28218173980713
17455,11.790865421295166
17456,21.68461847305298
17457,20.786431312561035
17458,20.68987274169922
17459,25.302772045135498
17460,74.19364643096924
17461,11.937169313430786
17462,49.23929214477539
17463,12.178152322769165
17464,11.942991971969604
17465,21.499147415161133
17466,27.035419940948486
17467,21.49013376235962
17468,20.226268768310547
17469,21.2253098487854
17470,45.072410583496094
17471,35.034812927246094
17472,21.10569477081299
17473,30.18554449081421
17474,36.14164638519287
17475,20.809997081756592
17476,43.50538635253906
17477,34.56297159194946
17478,20.697758674621582
17479,48.37552070617676
17480,21.64613628387451
17481,25.696069717407227
17482,12.701212406158447
17483,26.71145248413086
17484,51.968759536743164
17485,35.26338291168213
17486,22.06196641921997
17487,20.833091259002686
17488,34.635281562805176
17489,37.05084753036499
17490,31.79300022125244
17491,41.92573261260986
17492,20.907949447631836
17493,25.523598194122314
17494,20.45333433151245
17495,32.03466510772705
17496,39.28954553604126
17497,26.752089023590088
17498,12.805574655532837
17499,25.750587940216064
17500,33.98488759994507
17501,13.188556671142578
17502,20.61790418624878
17503,26.025749683380127
17504,11.780702352523804
17505,21.134885787963867
17506,35.470040798187256
17507,20.500354766845703
17508,29.61360788345337
17509,42.22086429595947
17510,20.601998805999756
17511,12.735285997390747
17512,20.76617670059204
17513,31.431769847869873
17514,47.69638156890869
17515,20.88276958465576
17516,19.773895740509033
17517,30.374329090118408
17518,20.31891131401062
17519,26.833335876464844
17520,68.9175968170166
17521,11.699741840362549
17522,32.04999399185181
17523,35.116122245788574
17524,31.427675247192383
17525,20.46104669570923
17526,12.164450645446777
17527,26.62119150161743
17528,20.55748414993286
17529,11.83549427986145
17530,11.226198673248291
17531,12.051153421401978
17532,19.927404165267944
17533,49.98574352264404
17534,12.160890102386475
17535,22.053507804870605
17536,22.177408695220947
17537,11.928497076034546
17538,36.69556188583374
17539,20.882933139801025
17540,42.19172763824463
17541,12.543867349624634
17542,30.020283222198486
17543,25.76707363128662
17544,26.741087436676025
17545,12.062355518341064
17546,31.553285121917725
17547,20.6787109375
17548,12.248315811157227
17549,21.307031631469727
17550,21.530624389648438
17551,20.659666538238525
17552,11.712284088134766
17553,31.048341274261475
17554,19.550095558166504
17555,26.819718837738037
17556,20.474446296691895
17557,12.479474544525146
17558,25.38359308242798
17559,12.120738506317139
17560,20.95326042175293
17561,20.38178586959839
17562,21.161802768707275
17563,22.311172485351562
17564,21.7457332611084
17565,20.564711332321167
17566,31.123207569122314
17567,30.967328548431396
17568,30.459781169891357
17569,12.381348848342896
17570,12.325987100601196
17571,43.55716419219971
17572,30.87853717803955
17573,25.29044485092163
17574,12.45620346069336
17575,25.019787788391113
17576,31.28245782852173
17577,11.946207046508789
17578,13.086858987808228
17579,25.97615337371826
17580,11.92439866065979
17581,26.76882553100586
17582,30.780904293060303
17583,20.77837085723877
17584,11.958604097366333
17585,48.6304817199707
17586,12.306403160095215
17587,25.02085304260254
17588,12.334097623825073
17589,26.23619556427002
17590,25.549511432647705
17591,36.0672402381897
17592,20.85413646697998
17593,27.072515964508057
17594,12.015225648880005
17595,78.77568435668945
17596,49.37790393829346
17597,13.344805002212524
17598,13.087290048599243
17599,21.22148561477661
17600,12.074922561645508
17601,31.317230224609375
17602,31.490528106689453
17603,11.96044135093689
17604,25.870317459106445
17605,40.84194278717041
17606,13.547972679138184
17607,26.174638271331787
17608,21.66386842727661
17609,20.841564655303955
17610,40.03258514404297
17611,20.444534301757812
17612,26.28153085708618
17613,54.6930456161499
17614,35.87446737289429
17615,37.84769344329834
17616,22.08259344100952
17617,32.12281036376953
17618,11.69754409790039
17619,12.618486166000366
17620,20.349385738372803
17621,20.498337745666504
17622,32.633981227874756
17623,11.876005172729492
17624,26.33632516860962
17625,36.3223991394043
17626,19.7364604473114
17627,27.44856309890747
17628,27.622907161712646
17629,25.52118444442749
17630,20.711937427520752
17631,12.121527433395386
17632,11.801031827926636
17633,26.101033687591553
17634,37.99430847167969
17635,35.79060649871826
17636,12.567632675170898
17637,37.08520317077637
17638,30.493988037109375
17639,12.286241054534912
17640,52.40143013000488
17641,36.78571796417236
17642,31.254475593566895
17643,11.884732007980347
17644,21.218780040740967
17645,36.77519941329956
17646,31.963207721710205
17647,20.25692105293274
17648,27.206604480743408
17649,11.512306690216064
17650,20.41984510421753
17651,42.03122615814209
17652,52.19988822937012
17653,39.5622935295105
17654,38.20617437362671
17655,26.15703058242798
17656,20.797921180725098
17657,25.930466651916504
17658,34.25227117538452
17659,11.877372026443481
17660,20.41443109512329
17661,19.948412656784058
17662,21.37578535079956
17663,11.913228034973145
17664,20.33484673500061
17665,20.35415482521057
17666,31.250085830688477
17667,31.789777278900146
17668,50.99423313140869
17669,35.732909202575684
17670,21.54994010925293
17671,20.11287784576416
17672,13.543508768081665
17673,12.838567018508911
17674,19.464948177337646
17675,31.35448408126831
17676,45.77582263946533
17677,27.0957670211792
17678,25.900084495544434
17679,11.255003690719604
17680,24.855146884918213
17681,26.03323459625244
17682,20.353388786315918
17683,21.41484785079956
17684,42.84385967254639
17685,12.648372173309326
17686,34.841899394989014
17687,12.511919498443604
17688,34.55704307556152
17689,25.74260377883911
17690,25.50042724609375
17691,40.63252353668213
17692,35.65277433395386
17693,43.64418888092041
17694,32.02363586425781
17695,12.281809568405151
17696,73.13468551635742
17697,19.869417905807495
17698,19.86285638809204
17699,21.22806692123413
17700,21.281198024749756
17701,27.167584896087646
17702,36.876598834991455
17703,12.417492151260376
17704,11.670002460479736
17705,12.224512577056885
17706,41.87760639190674
17707,31.274616241455078
17708,36.94156503677368
17709,34.719618797302246
17710,50.16538906097412
17711,35.20940971374512
17712,35.33275270462036
17713,19.822052717208862
17714,49.67650508880615
17715,26.81496524810791
17716,30.95473623275757
17717,25.935263633728027
17718,36.52025127410889
17719,31.880215167999268
17720,49.71622848510742
17721,50.661176681518555
17722,33.98086595535278
17723,34.49203586578369
17724,32.23888111114502
17725,25.070984363555908
17726,20.428845405578613
17727,44.89874744415283
17728,12.283697128295898
17729,50.66988658905029
17730,32.322128772735596
17731,32.39662504196167
17732,41.38284492492676
17733,11.842836618423462
17734,34.101672649383545
17735,34.743953704833984
17736,12.432533264160156
17737,12.46940803527832
17738,19.33645248413086
17739,20.015266180038452
17740,12.654687643051147
17741,21.120408058166504
17742,20.846534252166748
17743,12.113625288009644
17744,30.993178844451904
17745,21.201476097106934
17746,21.014575481414795
17747,37.89716815948486
17748,52.80745983123779
17749,12.184058427810669
17750,38.21178913116455
17751,39.79805326461792
17752,11.768823623657227
17753,12.663470268249512
17754,32.00517988204956
17755,20.370978832244873
17756,34.90339946746826
17757,25.171019554138184
17758,12.258096694946289
17759,18.806655645370483
17760,11.898579120635986
17761,30.749343395233154
17762,32.814831256866455
17763,26.160592555999756
17764,12.513867378234863
17765,21.254558563232422
17766,12.22818899154663
17767,20.023584604263306
17768,21.536149978637695
17769,25.15838384628296
17770,20.8972225189209
17771,11.762200832366943
17772,12.761341571807861
17773,21.132916927337646
17774,30.2934308052063
17775,31.89964485168457
17776,21.841558933258057
17777,12.638012409210205
17778,12.34541940689087
17779,12.314972162246704
17780,18.914803743362427
17781,33.34389781951904
17782,33.84643840789795
17783,13.047314167022705
17784,12.01696491241455
17785,36.01926374435425
17786,27.043142318725586
17787,21.791327476501465
17788,41.71281719207764
17789,25.891109943389893
17790,36.91696214675903
17791,20.43970537185669
17792,26.827558517456055
17793,37.072521686553955
17794,42.22062587738037
17795,26.565280437469482
17796,20.571284770965576
17797,12.147483587265015
17798,51.22507095336914
17799,12.483151197433472
17800,47.18678855895996
17801,12.397740125656128
17802,31.486921787261963
17803,29.737854480743408
17804,36.36727714538574
17805,19.092453718185425
17806,12.365869760513306
17807,25.66127109527588
17808,26.548875331878662
17809,20.521040439605713
17810,35.51197624206543
17811,20.525761365890503
17812,20.71290922164917
17813,22.0573992729187
17814,20.198423862457275
17815,11.91138744354248
17816,11.83561658859253
17817,12.523799180984497
17818,35.176114559173584
17819,26.84268045425415
17820,12.618753910064697
17821,20.80045795440674
17822,21.82204818725586
17823,35.05893039703369
17824,11.593059539794922
17825,37.81767272949219
17826,12.770171880722046
17827,12.246078252792358
17828,21.279741287231445
17829,19.97762155532837
17830,26.386460304260254
17831,30.993483543395996
17832,12.569060325622559
17833,31.624430179595947
17834,37.98189353942871
17835,21.22836923599243
17836,26.22191572189331
17837,12.209820747375488
17838,32.41003370285034
17839,20.609057903289795
17840,50.29883861541748
17841,35.86070108413696
17842,32.186885356903076
17843,21.376549243927002
17844,20.528827667236328
17845,25.58438205718994
17846,11.769830226898193
17847,27.080944538116455
17848,19.942453861236572
17849,20.122048377990723
17850,21.403533935546875
17851,31.96598768234253
17852,20.40803861618042
17853,44.83083438873291
17854,35.68618631362915
17855,11.984480857849121
17856,30.74836492538452
17857,31.148462295532227
17858,21.230952739715576
17859,12.019707679748535
17860,31.57901906967163
17861,27.280159950256348
17862,19.18168592453003
17863,12.607792377471924
17864,11.344882249832153
17865,22.130366802215576
17866,12.255269527435303
17867,20.781620025634766
17868,20.548179149627686
17869,26.48490047454834
17870,31.985634803771973
17871,11.888899087905884
17872,40.19254207611084
17873,24.196712493896484
17874,12.391265869140625
17875,20.26706314086914
17876,20.29016351699829
17877,44.405399322509766
17878,32.67542123794556
17879,12.780188083648682
17880,12.055064916610718
17881,25.183212757110596
17882,32.47427797317505
17883,25.648159503936768
17884,32.01513910293579
17885,20.844462871551514
17886,37.16385793685913
17887,34.03485345840454
17888,31.73698139190674
17889,11.854412317276001
17890,34.56478500366211
17891,12.004523038864136
17892,27.588590145111084
17893,13.18605923652649
17894,24.899216175079346
17895,26.261980056762695
17896,41.414483070373535
17897,21.621793270111084
17898,12.725998401641846
17899,49.97850513458252
17900,20.853034257888794
17901,34.846495151519775
17902,41.867730140686035
17903,13.351134777069092
17904,32.311710834503174
17905,20.224230527877808
17906,76.05259132385254
17907,36.74516153335571
17908,20.678252696990967
17909,51.6188907623291
17910,11.977702856063843
17911,12.567478656768799
17912,30.22833251953125
17913,12.48292326927185
17914,11.850122213363647
17915,26.82770538330078
17916,19.582290172576904
17917,32.00874137878418
17918,22.085947036743164
17919,11.772863864898682
17920,12.290317058563232
17921,49.825989723205566
17922,12.10590124130249
17923,20.540079355239868
17924,18.642258167266846
17925,11.602721214294434
17926,31.43750524520874
17927,12.68820858001709
17928,12.504964828491211
17929,11.738075256347656
17930,27.618223667144775
17931,20.555601596832275
17932,12.095861196517944
17933,12.411139965057373
17934,12.414456129074097
17935,55.36655616760254
17936,37.398746490478516
17937,11.5692720413208
17938,21.28413486480713
17939,35.59639120101929
17940,25.07478952407837
17941,12.399424314498901
17942,43.17245006561279
17943,49.21955680847168
17944,25.57259178161621
17945,20.973665714263916
17946,11.698212385177612
17947,26.513876914978027
17948,32.26486825942993
17949,20.95997667312622
17950,11.750617027282715
17951,37.93654012680054
17952,21.847729682922363
17953,27.16862154006958
17954,13.457376480102539
17955,20.99481201171875
17956,37.48605918884277
17957,21.116556644439697
17958,47.12536334991455
17959,12.626302003860474
17960,41.340885162353516
17961,36.940884590148926
17962,35.2443904876709
17963,12.59779667854309
17964,21.369536876678467
17965,34.55476379394531
17966,11.526832580566406
17967,68.51792430877686
17968,22.17548894882202
17969,22.199419021606445
17970,24.677624225616455
17971,25.58596181869507
17972,12.940573930740356
17973,26.30671977996826
17974,27.225173473358154
17975,20.5377836227417
17976,26.902747631072998
17977,20.59294891357422
17978,30.599442958831787
17979,47.07355785369873
17980,21.039905548095703
17981,34.58890914916992
17982,37.57491636276245
17983,31.632721424102783
17984,30.71236515045166
17985,42.69407081604004
17986,21.58038568496704
17987,12.266765832901001
17988,20.951737880706787
17989,12.660649061203003
17990,35.30398654937744
17991,25.73007297515869
17992,35.268065452575684
17993,31.42683172225952
17994,20.777016639709473
17995,12.200859308242798
17996,20.57552719116211
17997,20.713764667510986
17998,35.64673376083374
17999,25.728262424468994
18000,21.39429807662964
18001,34.22981023788452
18002,20.84083843231201
18003,26.238988399505615
18004,12.382068634033203
18005,32.355098724365234
18006,11.866243124008179
18007,32.23102331161499
18008,35.01162052154541
18009,48.531357765197754
18010,11.193631887435913
18011,12.533449172973633
18012,29.9528489112854
18013,26.538477420806885
18014,25.283422470092773
18015,12.413903951644897
18016,51.188382148742676
18017,11.714568376541138
18018,36.215938091278076
18019,45.043057441711426
18020,37.28420925140381
18021,10.94453239440918
18022,12.572097301483154
18023,31.646068572998047
18024,21.562077045440674
18025,19.89935278892517
18026,36.648364543914795
18027,11.248523950576782
18028,12.248119592666626
18029,41.958160400390625
18030,26.72353506088257
18031,21.125073432922363
18032,25.98572063446045
18033,12.372500896453857
18034,50.68716812133789
18035,12.259193897247314
18036,39.543344020843506
18037,37.680346965789795
18038,12.242785930633545
18039,21.48897886276245
18040,21.759414672851562
18041,25.269232273101807
18042,11.853211641311646
18043,38.7249174118042
18044,35.51304864883423
18045,20.365365028381348
18046,35.79188346862793
18047,25.294033527374268
18048,12.486591577529907
18049,12.910932779312134
18050,32.000611305236816
18051,52.41434097290039
18052,31.20480728149414
18053,20.258477687835693
18054,48.27544975280762
18055,21.062018394470215
18056,13.204295873641968
18057,20.356114625930786
18058,20.333784580230713
18059,20.95763397216797
18060,44.50213050842285
18061,12.314897537231445
18062,25.241407871246338
18063,13.489035606384277
18064,35.98657417297363
18065,11.698152780532837
18066,53.33326053619385
18067,25.195298194885254
18068,21.747663974761963
18069,20.0493905544281
18070,26.034154891967773
18071,20.877092361450195
18072,19.932016372680664
18073,25.52770185470581
18074,11.888325691223145
18075,34.82387924194336
18076,24.763153076171875
18077,26.51486825942993
18078,12.523846864700317
18079,20.562050819396973
18080,34.836463928222656
18081,13.081326007843018
18082,20.901738166809082
18083,33.71663522720337
18084,32.0257568359375
18085,54.33992004394531
18086,25.23458242416382
18087,32.78511190414429
18088,27.384233474731445
18089,24.428663730621338
18090,25.00584888458252
18091,24.516952991485596
18092,21.420249462127686
18093,20.834396362304688
18094,35.33071279525757
18095,11.9370756149292
18096,12.226242542266846
18097,36.00114679336548
18098,31.378599643707275
18099,25.002516746520996
18100,32.70002269744873
18101,46.79837226867676
18102,26.851305961608887
18103,24.98819065093994
18104,21.889418601989746
18105,21.059251308441162
18106,49.09620380401611
18107,12.408278465270996
18108,12.568200588226318
18109,53.802629470825195
18110,32.21213912963867
18111,19.18861961364746
18112,18.78893733024597
18113,20.62682342529297
18114,12.301836252212524
18115,11.90580439567566
18116,47.14414310455322
18117,43.830689430236816
18118,57.637874603271484
18119,35.51018476486206
18120,32.25480556488037
18121,30.39486598968506
18122,52.74048137664795
18123,11.434508323669434
18124,27.08834981918335
18125,22.063204288482666
18126,11.857389450073242
18127,25.73847246170044
18128,26.12659502029419
18129,20.262735605239868
18130,25.586945056915283
18131,12.353497743606567
18132,37.01677179336548
18133,11.623562574386597
18134,19.942874908447266
18135,26.18229103088379
18136,35.4093017578125
18137,40.56343603134155
18138,21.915768146514893
18139,31.773547649383545
18140,43.148027420043945
18141,32.8973274230957
18142,26.271479606628418
18143,32.21164035797119
18144,48.47503852844238
18145,30.829495906829834
18146,20.75422430038452
18147,26.586277961730957
18148,27.80387020111084
18149,20.07406187057495
18150,30.907000064849854
18151,25.124308109283447
18152,46.28126907348633
18153,30.136899948120117
18154,20.625418186187744
18155,21.06641387939453
18156,65.4710283279419
18157,21.259495735168457
18158,20.444016456604004
18159,11.618006706237793
18160,12.346259593963623
18161,20.831254482269287
18162,32.00675010681152
18163,20.84511375427246
18164,46.660115242004395
18165,42.46390342712402
18166,21.095810413360596
18167,26.560174465179443
18168,12.171195268630981
18169,21.083237171173096
18170,40.94399642944336
18171,26.28635549545288
18172,11.23786449432373
18173,21.499906063079834
18174,45.07444667816162
18175,20.827675342559814
18176,20.14918613433838
18177,31.830610275268555
18178,20.84657382965088
18179,20.757295608520508
18180,12.357000827789307
18181,11.89406156539917
18182,47.17616939544678
18183,20.368852138519287
18184,20.465360164642334
18185,25.356234073638916
18186,25.351154804229736
18187,35.85872936248779
18188,36.99626922607422
18189,35.80913686752319
18190,13.210855484008789
18191,26.874669551849365
18192,42.714118003845215
18193,20.678715705871582
18194,24.76930522918701
18195,32.060423851013184
18196,20.873644828796387
18197,12.514972686767578
18198,36.80703639984131
18199,25.746586799621582
18200,20.715528964996338
18201,11.446166038513184
18202,12.2839515209198
18203,20.546531438827515
18204,20.68282985687256
18205,27.597451210021973
18206,12.059038162231445
18207,12.106945514678955
18208,20.371262550354004
18209,21.063101768493652
18210,11.809344291687012
18211,20.8238468170166
18212,36.77486276626587
18213,20.607923984527588
18214,12.860240697860718
18215,43.403757095336914
18216,11.741539239883423
18217,20.57196807861328
18218,20.51220202445984
18219,11.828033685684204
18220,43.2541446685791
18221,11.832387208938599
18222,12.296648740768433
18223,22.112077236175537
18224,35.243934631347656
18225,31.638690948486328
18226,11.948514699935913
18227,13.243544101715088
18228,31.624260902404785
18229,27.073362827301025
18230,35.38382291793823
18231,20.177493572235107
18232,20.666463613510132
18233,26.468732833862305
18234,11.773267269134521
18235,31.22542905807495
18236,21.57993173599243
18237,26.63050889968872
18238,38.102643966674805
18239,35.14856004714966
18240,36.9400691986084
18241,11.948641538619995
18242,30.90104866027832
18243,49.92975330352783
18244,36.225051403045654
18245,37.959041118621826
18246,25.18895387649536
18247,31.760539054870605
18248,31.795315742492676
18249,35.23133563995361
18250,12.540387868881226
18251,21.17974328994751
18252,11.908486366271973
18253,20.38202929496765
18254,45.7300329208374
18255,36.77312612533569
18256,18.929094791412354
18257,34.73372554779053
18258,13.194682598114014
18259,44.79358386993408
18260,54.1528377532959
18261,21.32327365875244
18262,12.30201005935669
18263,20.586235761642456
18264,32.17244863510132
18265,25.80123281478882
18266,21.28480291366577
18267,20.950998306274414
18268,38.15279197692871
18269,26.466257572174072
18270,36.101263999938965
18271,31.936062812805176
18272,12.597975015640259
18273,32.84982395172119
18274,20.395453453063965
18275,25.533114910125732
18276,12.094595432281494
18277,31.839346885681152
18278,36.63809680938721
18279,11.68842339515686
18280,32.071287631988525
18281,12.036638498306274
18282,52.041202545166016
18283,12.327454805374146
18284,11.470207452774048
18285,11.771846771240234
18286,31.534136295318604
18287,35.19650936126709
18288,13.184001207351685
18289,33.97524547576904
18290,49.15067005157471
18291,26.178710460662842
18292,49.25240230560303
18293,11.898188829421997
18294,12.037364482879639
18295,20.866633415222168
18296,11.877372026443481
18297,11.911775827407837
18298,35.03396272659302
18299,20.308591604232788
18300,11.925830364227295
18301,37.38891077041626
18302,20.949345111846924
18303,27.207502841949463
18304,32.123122692108154
18305,13.086581945419312
18306,25.75831890106201
18307,11.940626382827759
18308,26.281193733215332
18309,27.443222045898438
18310,21.48989772796631
18311,20.001084089279175
18312,44.777018547058105
18313,21.18709945678711
18314,12.255436897277832
18315,39.79598140716553
18316,21.055965900421143
18317,25.20597791671753
18318,11.788309097290039
18319,26.78140115737915
18320,20.29298186302185
18321,35.79897356033325
18322,21.38247585296631
18323,19.642932415008545
18324,35.79131841659546
18325,21.945501804351807
18326,12.742260694503784
18327,11.895051717758179
18328,32.361382484436035
18329,34.370675563812256
18330,12.79865574836731
18331,20.680001735687256
18332,20.519258499145508
18333,44.634860038757324
18334,40.76785135269165
18335,21.384975910186768
18336,21.1188383102417
18337,12.479324102401733
18338,33.6082124710083
18339,25.34036111831665
18340,13.034878253936768
18341,38.322450160980225
18342,35.369749546051025
18343,33.98972988128662
18344,21.263967990875244
18345,20.789764881134033
18346,26.21067476272583
18347,26.76033926010132
18348,21.224620819091797
18349,55.82932949066162
18350,42.08041000366211
18351,33.5587477684021
18352,12.997321844100952
18353,12.565821647644043
18354,20.410231828689575
18355,25.62255620956421
18356,31.914602279663086
18357,19.876185417175293
18358,35.50675010681152
18359,25.676074981689453
18360,11.796148777008057
18361,20.886115074157715
18362,12.33314061164856
18363,20.97109365463257
18364,12.327948808670044
18365,20.65172791481018
18366,12.653818368911743
18367,27.575529098510742
18368,30.9788875579834
18369,48.08966541290283
18370,21.66696262359619
18371,26.285024642944336
18372,21.092331409454346
18373,13.213991641998291
18374,21.440317630767822
18375,13.094885349273682
18376,20.01161026954651
18377,25.000364780426025
18378,24.474621772766113
18379,35.94102907180786
18380,24.831262588500977
18381,45.099525451660156
18382,12.228189945220947
18383,20.16003680229187
18384,20.541506052017212
18385,12.35240626335144
18386,20.839916229248047
18387,26.22953987121582
18388,37.61813163757324
18389,20.949626922607422
18390,13.073726654052734
18391,26.56575298309326
18392,30.544938564300537
18393,21.902798175811768
18394,53.05379104614258
18395,26.410857677459717
18396,27.244220733642578
18397,12.130205631256104
18398,20.790774822235107
18399,11.903460025787354
18400,20.68888211250305
18401,11.629508972167969
18402,21.17071008682251
18403,33.89588451385498
18404,38.25947427749634
18405,31.264140129089355
18406,34.662500858306885
18407,21.126731395721436
18408,11.796645402908325
18409,26.296756267547607
18410,12.242784976959229
18411,20.60681962966919
18412,42.514554023742676
18413,35.54901599884033
18414,20.807168006896973
18415,37.87421417236328
18416,11.63739538192749
18417,32.89245128631592
18418,21.15643310546875
18419,26.265224933624268
18420,12.510066509246826
18421,43.07308006286621
18422,53.46138000488281
18423,36.410741329193115
18424,12.843344926834106
18425,22.7183837890625
18426,37.38414716720581
18427,31.751431465148926
18428,41.81330680847168
18429,11.631761312484741
18430,19.77476692199707
18431,20.571465015411377
18432,11.671250343322754
18433,26.469045162200928
18434,11.909193992614746
18435,20.676910877227783
18436,19.868082761764526
18437,41.875460624694824
18438,25.954293727874756
18439,20.607871532440186
18440,32.69978189468384
18441,26.194787979125977
18442,22.424270629882812
18443,66.79998111724854
18444,26.95325803756714
18445,35.6850471496582
18446,26.5122971534729
18447,11.810671329498291
18448,39.1131386756897
18449,27.939493656158447
18450,12.646108388900757
18451,26.390082359313965
18452,12.463329076766968
18453,20.94364833831787
18454,26.343042373657227
18455,20.72366762161255
18456,27.42686176300049
18457,27.50729465484619
18458,13.00712251663208
18459,12.681357622146606
18460,36.70526742935181
18461,31.88314390182495
18462,35.533687591552734
18463,11.542017459869385
18464,11.884450912475586
18465,20.115810871124268
18466,11.834923267364502
18467,26.52061414718628
18468,25.22698450088501
18469,27.485588550567627
18470,26.43142032623291
18471,40.82300567626953
18472,12.63179326057434
18473,20.68816041946411
18474,20.401413679122925
18475,39.89335536956787
18476,37.63852262496948
18477,25.159525871276855
18478,37.26166772842407
18479,25.57201862335205
18480,12.941638231277466
18481,21.344980239868164
18482,36.49423313140869
18483,43.34827518463135
18484,21.453784465789795
18485,37.995380878448486
18486,37.1295166015625
18487,11.759190559387207
18488,37.30183410644531
18489,34.737027168273926
18490,20.30561375617981
18491,48.68778991699219
18492,20.297858715057373
18493,40.17729377746582
18494,35.0927619934082
18495,11.530256986618042
18496,12.478973865509033
18497,11.811850547790527
18498,12.015008211135864
18499,12.530583143234253
18500,41.443634033203125
18501,26.52556562423706
18502,26.132901668548584
18503,27.5171856880188
18504,21.354601860046387
18505,45.360389709472656
18506,33.29787731170654
18507,53.972129821777344
18508,12.65826940536499
18509,20.767935276031494
18510,19.495632648468018
18511,21.296793460845947
18512,26.697710037231445
18513,20.91569185256958
18514,49.51150321960449
18515,26.15797185897827
18516,30.37992525100708
18517,12.29503083229065
18518,20.675697326660156
18519,32.84205722808838
18520,12.459845304489136
18521,12.521209239959717
18522,12.910364866256714
18523,20.902579069137573
18524,51.49964237213135
18525,30.192850589752197
18526,34.81573295593262
18527,25.188206672668457
18528,11.73223328590393
18529,43.04811763763428
18530,31.255518436431885
18531,38.70443058013916
18532,21.20735788345337
18533,21.375608921051025
18534,26.069450855255127
18535,26.859018325805664
18536,11.780662298202515
18537,26.50868272781372
18538,31.655855655670166
18539,25.78331184387207
18540,32.318674087524414
18541,31.232234954833984
18542,12.507188081741333
18543,11.93337345123291
18544,11.799686431884766
18545,35.57071542739868
18546,20.219461679458618
18547,12.777084112167358
18548,32.622636795043945
18549,31.211012840270996
18550,31.431334018707275
18551,49.30186748504639
18552,35.337350845336914
18553,21.411590099334717
18554,32.174508571624756
18555,12.123407363891602
18556,35.425817012786865
18557,13.124890327453613
18558,32.87782096862793
18559,25.601577758789062
18560,21.42836284637451
18561,43.52475452423096
18562,31.961833953857422
18563,26.582430362701416
18564,12.385465145111084
18565,30.368632793426514
18566,12.423663139343262
18567,31.727665424346924
18568,25.475136756896973
18569,20.809158325195312
18570,21.7227840423584
18571,11.826785326004028
18572,21.525509357452393
18573,25.222976684570312
18574,25.997655868530273
18575,35.18262577056885
18576,21.082549571990967
18577,31.860023975372314
18578,20.05374503135681
18579,35.998255252838135
18580,31.96896982192993
18581,72.18702793121338
18582,19.140126705169678
18583,20.264580488204956
18584,36.72895336151123
18585,25.880866527557373
18586,25.866126537322998
18587,11.804336786270142
18588,20.445582628250122
18589,35.7907509803772
18590,26.52895164489746
18591,26.156921863555908
18592,25.51808261871338
18593,20.678182125091553
18594,40.93179702758789
18595,41.50326061248779
18596,41.0013108253479
18597,21.439910888671875
18598,12.03666090965271
18599,31.916632175445557
18600,36.3516411781311
18601,11.798803806304932
18602,80.2255163192749
18603,47.42404270172119
18604,47.00487232208252
18605,32.18423080444336
18606,11.783175230026245
18607,34.9523138999939
18608,33.93141984939575
18609,20.46396017074585
18610,11.76630687713623
18611,35.390432834625244
18612,34.7122745513916
18613,26.148741245269775
18614,24.860149383544922
18615,21.42814874649048
18616,21.207515239715576
18617,21.037909030914307
18618,32.00484848022461
18619,45.01722049713135
18620,20.612624168395996
18621,15.804096221923828
18622,19.889525413513184
18623,20.586012363433838
18624,34.8703727722168
18625,25.05147695541382
18626,13.439682006835938
18627,20.305175304412842
18628,36.778417110443115
18629,31.848886013031006
18630,20.762494564056396
18631,18.150925636291504
18632,12.127200603485107
18633,20.930153846740723
18634,12.258240222930908
18635,20.606600284576416
18636,21.01755952835083
18637,25.968756675720215
18638,27.725857734680176
18639,52.10658550262451
18640,25.193233489990234
18641,31.79703950881958
18642,45.45322608947754
18643,11.906736373901367
18644,44.43655776977539
18645,12.578386545181274
18646,34.27992630004883
18647,26.717541217803955
18648,27.049411296844482
18649,11.75865912437439
18650,69.76830673217773
18651,12.880650281906128
18652,26.11833667755127
18653,26.44184112548828
18654,20.319684505462646
18655,12.576663255691528
18656,42.379496574401855
18657,25.09039878845215
18658,56.12278175354004
18659,21.12492847442627
18660,26.74487018585205
18661,11.529846668243408
18662,28.109875202178955
18663,63.60182189941406
18664,31.48005485534668
18665,11.996490478515625
18666,40.392812728881836
18667,12.546743631362915
18668,21.133059978485107
18669,34.84681224822998
18670,11.8358793258667
18671,31.177119255065918
18672,33.46754693984985
18673,10.706559181213379
18674,11.772148847579956
18675,21.205836296081543
18676,12.44639277458191
18677,31.674447536468506
18678,66.0991439819336
18679,20.87075901031494
18680,30.109835624694824
18681,54.78062629699707
18682,20.832143783569336
18683,20.857154369354248
18684,12.709587812423706
18685,20.725893020629883
18686,26.248257637023926
18687,11.904237031936646
18688,48.555575370788574
18689,21.024611949920654
18690,20.691740036010742
18691,11.360870361328125
18692,21.740513801574707
18693,65.08362674713135
18694,26.06984281539917
18695,40.304439067840576
18696,12.524136066436768
18697,25.862243175506592
18698,32.20099592208862
18699,19.251458644866943
18700,20.87810468673706
18701,20.471171855926514
18702,27.12080717086792
18703,49.54088020324707
18704,25.42451286315918
18705,32.314584732055664
18706,31.114803791046143
18707,25.71846914291382
18708,12.180515766143799
18709,20.386401653289795
18710,21.680510997772217
18711,20.039862871170044
18712,41.039878845214844
18713,19.09170913696289
18714,12.651476621627808
18715,21.177266597747803
18716,26.001432418823242
18717,54.93894672393799
18718,45.14667987823486
18719,20.7227041721344
18720,49.87717342376709
18721,56.53365612030029
18722,11.573987483978271
18723,26.89100980758667
18724,12.917091608047485
18725,25.538362979888916
18726,20.677294731140137
18727,20.416553497314453
18728,31.79712963104248
18729,19.993660926818848
18730,26.343575954437256
18731,49.2632942199707
18732,20.714726448059082
18733,11.70134449005127
18734,26.17695426940918
18735,35.83692741394043
18736,21.245256900787354
18737,27.094813346862793
18738,26.401930809020996
18739,26.750311851501465
18740,12.35375165939331
18741,20.35740900039673
18742,31.83253812789917
18743,32.656906604766846
18744,26.409301280975342
18745,31.915221691131592
18746,21.03122854232788
18747,31.28650188446045
18748,52.05565929412842
18749,12.412721633911133
18750,37.412250995635986
18751,12.38914942741394
18752,31.536558151245117
18753,21.44010305404663
18754,27.160921573638916
18755,11.794180393218994
18756,26.223480224609375
18757,45.39504528045654
18758,20.575336933135986
18759,11.983491659164429
18760,41.56723690032959
18761,12.018583536148071
18762,49.53859519958496
18763,25.264528274536133
18764,26.85880947113037
18765,27.02641248703003
18766,25.82589817047119
18767,21.35972023010254
18768,24.36109447479248
18769,20.070471048355103
18770,31.948501110076904
18771,34.44143342971802
18772,50.20614147186279
18773,26.42521333694458
18774,26.070056915283203
18775,19.62647795677185
18776,42.43183994293213
18777,19.412222623825073
18778,11.792288064956665
18779,21.162667274475098
18780,12.555642127990723
18781,31.02140235900879
18782,13.593231201171875
18783,21.279420852661133
18784,50.76569175720215
18785,31.8267183303833
18786,12.793517112731934
18787,21.533677101135254
18788,35.49802017211914
18789,12.093087673187256
18790,37.25350093841553
18791,30.786892414093018
18792,19.632434606552124
18793,38.47169637680054
18794,11.884732007980347
18795,20.76882028579712
18796,21.49528694152832
18797,34.476046562194824
18798,20.968153476715088
18799,20.722276210784912
18800,12.088642120361328
18801,26.544206142425537
18802,31.231752395629883
18803,35.19015026092529
18804,12.179550409317017
18805,32.0845251083374
18806,11.666045665740967
18807,20.41161012649536
18808,20.588507652282715
18809,11.695307731628418
18810,11.798368453979492
18811,25.443374633789062
18812,11.941224098205566
18813,12.455755949020386
18814,24.53652000427246
18815,12.651656866073608
18816,44.380977630615234
18817,31.864006519317627
18818,21.440409660339355
18819,25.715797901153564
18820,31.853617668151855
18821,26.434547901153564
18822,25.391691207885742
18823,12.451595544815063
18824,31.69171142578125
18825,19.938607931137085
18826,12.588887214660645
18827,31.81193780899048
18828,51.74372959136963
18829,12.425977230072021
18830,35.90712881088257
18831,20.542104244232178
18832,39.85400581359863
18833,31.786141395568848
18834,35.979137897491455
18835,20.40477418899536
18836,20.34808659553528
18837,20.136372327804565
18838,11.774245500564575
18839,25.706326007843018
18840,25.746059894561768
18841,41.04623889923096
18842,12.803730249404907
18843,20.811721801757812
18844,12.533370018005371
18845,51.30872058868408
18846,26.92898178100586
18847,34.25592374801636
18848,12.301183938980103
18849,43.73920154571533
18850,20.673941612243652
18851,25.996131420135498
18852,25.4232120513916
18853,20.639262199401855
18854,26.21867561340332
18855,20.79122233390808
18856,11.229084253311157
18857,13.0338613986969
18858,32.37601375579834
18859,37.37341785430908
18860,63.91051197052002
18861,11.710865020751953
18862,33.45499610900879
18863,50.82235240936279
18864,34.55880117416382
18865,11.930280447006226
18866,26.458319664001465
18867,21.423595905303955
18868,32.39891290664673
18869,20.82763385772705
18870,31.207688808441162
18871,21.271821975708008
18872,20.909725189208984
18873,69.27231502532959
18874,35.65428018569946
18875,26.164483547210693
18876,45.281723976135254
18877,25.849326610565186
18878,21.605141639709473
18879,19.615588188171387
18880,12.717508316040039
18881,20.609524726867676
18882,11.726557970046997
18883,25.76474952697754
18884,27.541471481323242
18885,27.469141006469727
18886,47.087815284729004
18887,13.26975965499878
18888,12.41056513786316
18889,12.054596185684204
18890,21.91681432723999
18891,20.020219326019287
18892,11.748362064361572
18893,16.626116275787354
18894,42.304192543029785
18895,33.63122844696045
18896,10.872941255569458
18897,22.48477554321289
18898,25.739391803741455
18899,20.464203357696533
18900,67.04757785797119
18901,26.905864715576172
18902,27.74640703201294
18903,32.08171796798706
18904,20.52642273902893
18905,20.801508903503418
18906,12.042078733444214
18907,20.8718204498291
18908,25.488518238067627
18909,11.558757781982422
18910,42.77084255218506
18911,20.63664436340332
18912,11.635666370391846
18913,26.2002215385437
18914,40.1337308883667
18915,22.151672840118408
18916,37.26534461975098
18917,33.51753568649292
18918,12.805124282836914
18919,31.12788677215576
18920,11.818267107009888
18921,12.184581279754639
18922,25.00883436203003
18923,21.438124656677246
18924,22.430263996124268
18925,19.04128646850586
18926,26.75564193725586
18927,36.55820274353027
18928,50.1124153137207
18929,36.2120361328125
18930,20.669062614440918
18931,22.46530818939209
18932,11.949620008468628
18933,25.44435405731201
18934,19.859307765960693
18935,12.05759334564209
18936,42.275068283081055
18937,25.564902305603027
18938,11.839390516281128
18939,20.513710737228394
18940,41.72889709472656
18941,32.249817848205566
18942,40.423715591430664
18943,25.897159576416016
18944,12.11310338973999
18945,25.564486026763916
18946,26.57665777206421
18947,20.769174098968506
18948,35.19587802886963
18949,26.237077713012695
18950,20.14227604866028
18951,20.408453941345215
18952,13.457070112228394
18953,21.36753273010254
18954,12.77822756767273
18955,31.78812026977539
18956,26.773691177368164
18957,20.85164213180542
18958,32.05561447143555
18959,22.002586364746094
18960,41.78683567047119
18961,12.003388404846191
18962,12.555384874343872
18963,20.23021912574768
18964,26.382483959197998
18965,20.106909036636353
18966,32.31001853942871
18967,11.581154823303223
18968,50.957632064819336
18969,47.676727294921875
18970,26.016985416412354
18971,12.106417655944824
18972,32.25813436508179
18973,27.90857696533203
18974,11.702741622924805
18975,25.308422088623047
18976,37.36775255203247
18977,37.69297695159912
18978,51.75123596191406
18979,31.10930824279785
18980,12.110044717788696
18981,47.77001476287842
18982,22.11850118637085
18983,11.925984621047974
18984,27.764202117919922
18985,12.594810485839844
18986,42.77934551239014
18987,36.3741455078125
18988,12.635377883911133
18989,20.38025999069214
18990,49.28963088989258
18991,31.584636211395264
18992,12.597470045089722
18993,22.17140769958496
18994,53.28001308441162
18995,73.62393093109131
18996,30.89231300354004
18997,11.931795358657837
18998,32.726073265075684
18999,37.44366121292114
19000,40.9568395614624
19001,10.983691692352295
19002,12.378041982650757
19003,26.853668689727783
19004,12.306334257125854
19005,25.682809829711914
19006,32.014134883880615
19007,21.58113956451416
19008,19.952966690063477
19009,25.22352647781372
19010,21.74616765975952
19011,25.868203163146973
19012,38.09010982513428
19013,12.39952826499939
19014,40.642462730407715
19015,34.75159692764282
19016,31.584641456604004
19017,22.049033641815186
19018,12.699360609054565
19019,31.80277109146118
19020,48.477272033691406
19021,12.29172158241272
19022,11.648361682891846
19023,25.862962245941162
19024,32.19766855239868
19025,32.27907085418701
19026,20.854975700378418
19027,42.39608287811279
19028,49.86944007873535
19029,44.35097312927246
19030,19.64135241508484
19031,20.63327145576477
19032,25.78801727294922
19033,13.4110267162323
19034,37.839454650878906
19035,28.235896110534668
19036,19.953712463378906
19037,20.74357032775879
19038,13.040538311004639
19039,37.213584899902344
19040,20.251990795135498
19041,21.57170295715332
19042,12.088695287704468
19043,13.164665699005127
19044,20.51319408416748
19045,26.38426399230957
19046,42.453227043151855
19047,22.756797313690186
19048,21.286163806915283
19049,21.284683227539062
19050,39.69781255722046
19051,32.115644454956055
19052,40.078779220581055
19053,25.6496524810791
19054,19.914575338363647
19055,12.247203588485718
19056,32.22942304611206
19057,26.47189998626709
19058,30.97769069671631
19059,37.02032804489136
19060,19.375037670135498
19061,20.491888761520386
19062,20.98568820953369
19063,11.53351879119873
19064,12.747583627700806
19065,25.533577919006348
19066,25.265928745269775
19067,12.619893789291382
19068,58.67604637145996
19069,12.569029808044434
19070,12.37002968788147
19071,26.86858558654785
19072,20.76057481765747
19073,12.486597061157227
19074,20.79568338394165
19075,12.062263011932373
19076,34.45432996749878
19077,40.03293561935425
19078,31.80918025970459
19079,12.248862266540527
19080,34.114675998687744
19081,35.19213104248047
19082,11.914018392562866
19083,25.60432243347168
19084,41.79018211364746
19085,21.167378425598145
19086,25.573628902435303
19087,20.733198642730713
19088,12.294525146484375
19089,12.524824857711792
19090,20.73168396949768
19091,34.82634210586548
19092,12.21547245979309
19093,20.29151439666748
19094,26.593688011169434
19095,11.60481595993042
19096,44.720876693725586
19097,34.681196212768555
19098,21.428446292877197
19099,20.98363447189331
19100,19.93752431869507
19101,11.910551071166992
19102,11.720748901367188
19103,12.485721826553345
19104,57.20871448516846
19105,20.969878673553467
19106,57.23751449584961
19107,12.412628173828125
19108,21.156267166137695
19109,36.04369640350342
19110,11.633256196975708
19111,27.374621868133545
19112,21.40079927444458
19113,26.826045513153076
19114,31.41320562362671
19115,12.489217519760132
19116,19.47341227531433
19117,36.978310108184814
19118,11.534251928329468
19119,27.137593746185303
19120,26.136521339416504
19121,12.268556594848633
19122,20.739229202270508
19123,20.345028400421143
19124,20.39674401283264
19125,19.17303991317749
19126,39.03787708282471
19127,19.914688110351562
19128,31.230323314666748
19129,26.126189708709717
19130,26.049254417419434
19131,12.470576763153076
19132,35.47605848312378
19133,20.799996376037598
19134,12.598398208618164
19135,33.708903789520264
19136,11.253478050231934
19137,26.67171859741211
19138,12.611349821090698
19139,11.614465236663818
19140,11.692373991012573
19141,12.459991931915283
19142,12.199390411376953
19143,34.808156967163086
19144,44.766876220703125
19145,35.49455261230469
19146,27.106722831726074
19147,37.533719539642334
19148,20.264944076538086
19149,25.489898681640625
19150,12.017649173736572
19151,12.505476236343384
19152,21.69370746612549
19153,21.139591693878174
19154,44.89130783081055
19155,21.79887056350708
19156,11.951294898986816
19157,20.935604095458984
19158,12.228912115097046
19159,11.803983926773071
19160,26.41824436187744
19161,21.610015392303467
19162,12.839280605316162
19163,51.24276638031006
19164,25.813461780548096
19165,20.003783464431763
19166,12.396353721618652
19167,30.77834129333496
19168,42.54024696350098
19169,37.37155199050903
19170,12.285166025161743
19171,32.55862331390381
19172,25.817495346069336
19173,21.059380054473877
19174,34.03484630584717
19175,46.76432514190674
19176,12.42289924621582
19177,21.404159545898438
19178,30.863041400909424
19179,35.37421369552612
19180,26.000070571899414
19181,25.964506149291992
19182,35.57478141784668
19183,43.44048023223877
19184,29.968327522277832
19185,41.15304613113403
19186,63.27766132354736
19187,12.200138330459595
19188,11.958351373672485
19189,21.591782093048096
19190,11.852067947387695
19191,11.719310522079468
19192,12.857112407684326
19193,21.79996681213379
19194,21.247817039489746
19195,41.19929599761963
19196,49.305060386657715
19197,20.72377061843872
19198,11.78861951828003
19199,32.13378286361694
19200,31.749815940856934
19201,35.49244022369385
19202,11.188047170639038
19203,19.665923833847046
19204,31.96329402923584
19205,38.71403932571411
19206,33.96414089202881
19207,31.412003993988037
19208,27.313997745513916
19209,11.911320686340332
19210,31.427574157714844
19211,35.66320848464966
19212,20.742969512939453
19213,31.845808029174805
19214,20.507014513015747
19215,34.689122676849365
19216,34.366031646728516
19217,18.68408441543579
19218,20.223533630371094
19219,11.897331237792969
19220,12.011918783187866
19221,37.41205596923828
19222,71.0250883102417
19223,20.072786569595337
19224,12.515592336654663
19225,20.674882411956787
19226,12.339540958404541
19227,70.13773536682129
19228,56.95909595489502
19229,28.009732723236084
19230,20.619412899017334
19231,12.08968997001648
19232,20.75322723388672
19233,47.813796043395996
19234,40.32532501220703
19235,25.893738269805908
19236,21.724807739257812
19237,27.057753562927246
19238,11.252360820770264
19239,11.898746252059937
19240,12.27781367301941
19241,38.640583515167236
19242,12.332369804382324
19243,37.650946617126465
19244,12.726739168167114
19245,20.653534412384033
19246,32.13883972167969
19247,26.294111728668213
19248,20.628586292266846
19249,11.668179035186768
19250,26.761233806610107
19251,45.231937408447266
19252,12.205757856369019
19253,49.78032398223877
19254,25.46787118911743
19255,41.54098129272461
19256,13.292387008666992
19257,12.447922468185425
19258,37.26720094680786
19259,21.165565490722656
19260,26.54657745361328
19261,21.44295883178711
19262,21.610272884368896
19263,66.26441383361816
19264,11.815619230270386
19265,20.49565362930298
19266,21.472184658050537
19267,43.37100124359131
19268,20.131774425506592
19269,42.57844352722168
19270,11.870409965515137
19271,31.134524822235107
19272,11.680869579315186
19273,12.11274528503418
19274,46.78682613372803
19275,26.07863759994507
19276,21.61905860900879
19277,11.844301223754883
19278,60.52177429199219
19279,37.01879644393921
19280,11.177273511886597
19281,51.078914642333984
19282,12.876157999038696
19283,12.964875221252441
19284,11.60957932472229
19285,49.98370170593262
19286,20.861156940460205
19287,12.584716081619263
19288,49.07563591003418
19289,35.655059814453125
19290,31.880164623260498
19291,26.594703197479248
19292,26.06890630722046
19293,26.89138650894165
19294,10.558071374893188
19295,13.138450384140015
19296,11.913348913192749
19297,11.516770124435425
19298,17.281527280807495
19299,13.252554178237915
19300,12.116689443588257
19301,42.829973220825195
19302,45.729071617126465
19303,40.881704807281494
19304,31.846686363220215
19305,40.7644681930542
19306,11.722330808639526
19307,11.718467950820923
19308,20.37692165374756
19309,12.709302186965942
19310,21.753567695617676
19311,12.143463373184204
19312,26.219833850860596
19313,21.515807628631592
19314,20.194068431854248
19315,45.73832988739014
19316,11.689401626586914
19317,49.57056999206543
19318,12.019502878189087
19319,64.94508647918701
19320,42.30904579162598
19321,20.48937749862671
19322,59.43353271484375
19323,21.327683925628662
19324,40.94300699234009
19325,45.29239273071289
19326,20.239221572875977
19327,20.16959047317505
19328,35.526885986328125
19329,26.169878482818604
19330,21.601081371307373
19331,27.178410530090332
19332,12.203140497207642
19333,48.66475582122803
19334,19.987883806228638
19335,35.263957023620605
19336,47.24092674255371
19337,20.966758251190186
19338,11.793572664260864
19339,11.925577402114868
19340,19.940534114837646
19341,27.259719848632812
19342,25.8749361038208
19343,46.60858631134033
19344,49.20363807678223
19345,25.75234031677246
19346,20.78116273880005
19347,30.937071323394775
19348,38.00476408004761
19349,24.858001708984375
19350,35.74503231048584
19351,35.28861427307129
19352,35.04105854034424
19353,41.583794593811035
19354,26.699804306030273
19355,12.468846797943115
19356,12.682628870010376
19357,12.067074537277222
19358,27.30478811264038
19359,21.63535499572754
19360,12.678729057312012
19361,12.506595373153687
19362,41.763872146606445
19363,11.095055341720581
19364,46.78848743438721
19365,68.57330703735352
19366,40.634915351867676
19367,26.602964878082275
19368,20.896097660064697
19369,20.93153190612793
19370,20.68856406211853
19371,12.059964179992676
19372,11.256778717041016
19373,25.058792114257812
19374,25.32575798034668
19375,25.230828285217285
19376,32.20328950881958
19377,19.89412212371826
19378,35.88270711898804
19379,51.5646448135376
19380,13.369327545166016
19381,21.85741376876831
19382,25.248966217041016
19383,64.74273300170898
19384,34.9227089881897
19385,19.530041217803955
19386,12.04981017112732
19387,27.185828685760498
19388,21.169079780578613
19389,58.98485088348389
19390,12.77597188949585
19391,21.598783493041992
19392,57.33578872680664
19393,20.23910617828369
19394,12.331598043441772
19395,11.769103765487671
19396,42.774062156677246
19397,25.21821928024292
19398,32.970699310302734
19399,12.050251007080078
19400,35.202505588531494
19401,11.822914123535156
19402,12.252744197845459
19403,13.616222858428955
19404,12.308725833892822
19405,25.989902019500732
19406,49.742998123168945
19407,20.67139434814453
19408,11.21576738357544
19409,26.54887294769287
19410,45.40882873535156
19411,12.050782680511475
19412,31.509210109710693
19413,12.511556625366211
19414,52.41451644897461
19415,36.907618045806885
19416,12.239790916442871
19417,31.390456199645996
19418,12.450832605361938
19419,12.254884004592896
19420,21.194336891174316
19421,20.995031356811523
19422,25.869345664978027
19423,26.210795879364014
19424,12.325870275497437
19425,12.57543396949768
19426,34.970301151275635
19427,48.47150230407715
19428,39.793766498565674
19429,48.82287311553955
19430,26.105590343475342
19431,40.62684631347656
19432,24.494482040405273
19433,18.508601427078247
19434,25.902345180511475
19435,74.3316822052002
19436,26.686644554138184
19437,46.647987365722656
19438,26.743136405944824
19439,21.81851291656494
19440,12.938822984695435
19441,12.54301404953003
19442,11.907155275344849
19443,21.45337438583374
19444,11.653872966766357
19445,44.46621894836426
19446,12.520964622497559
19447,25.655967712402344
19448,21.598265647888184
19449,19.4686222076416
19450,26.16438341140747
19451,44.467498779296875
19452,31.79489755630493
19453,70.87779140472412
19454,49.64790916442871
19455,32.10844087600708
19456,25.46162462234497
19457,26.027172565460205
19458,26.202112197875977
19459,35.527552127838135
19460,25.767359733581543
19461,28.638449668884277
19462,35.495121479034424
19463,12.436906814575195
19464,13.410863399505615
19465,26.245816230773926
19466,11.46497368812561
19467,38.277141094207764
19468,20.534761428833008
19469,12.13530421257019
19470,35.73676919937134
19471,20.5674786567688
19472,58.56507682800293
19473,46.49007701873779
19474,21.421539783477783
19475,12.634531736373901
19476,25.20033836364746
19477,25.355302810668945
19478,30.640028953552246
19479,20.44926118850708
19480,31.247297286987305
19481,11.746735572814941
19482,35.04243230819702
19483,11.763597011566162
19484,12.940631628036499
19485,26.183605194091797
19486,11.696840524673462
19487,22.17057180404663
19488,29.603395462036133
19489,19.82432460784912
19490,21.91681432723999
19491,12.525917768478394
19492,32.70155715942383
19493,11.09751844406128
19494,25.696934700012207
19495,11.725287914276123
19496,39.765538692474365
19497,12.696733713150024
19498,34.93755388259888
19499,34.970558643341064
19500,47.78350830078125
19501,11.740268468856812
19502,49.97383403778076
19503,20.6862530708313
19504,25.979584217071533
19505,30.48660135269165
19506,12.625511407852173
19507,20.87779474258423
19508,12.344959259033203
19509,41.172861099243164
19510,25.831151008605957
19511,13.122733354568481
19512,31.227553367614746
19513,20.909300327301025
19514,21.1802659034729
19515,21.61164617538452
19516,32.107768058776855
19517,25.85047960281372
19518,42.57626152038574
19519,11.76885199546814
19520,20.769696712493896
19521,12.335938692092896
19522,45.627421379089355
19523,21.204096794128418
19524,20.898759841918945
19525,11.530169486999512
19526,51.83941650390625
19527,31.427693367004395
19528,42.54873847961426
19529,11.835910558700562
19530,40.48115015029907
19531,32.10608959197998
19532,42.22169017791748
19533,34.67157459259033
19534,32.95144844055176
19535,20.573575973510742
19536,31.95250940322876
19537,12.516078233718872
19538,21.394489288330078
19539,20.561652660369873
19540,12.737654447555542
19541,12.569840669631958
19542,21.095057487487793
19543,30.874506950378418
19544,32.06669235229492
19545,34.9333381652832
19546,35.07051134109497
19547,31.865331172943115
19548,31.03374147415161
19549,52.36260509490967
19550,27.095455646514893
19551,19.578636407852173
19552,11.949409246444702
19553,21.818389892578125
19554,29.48910903930664
19555,62.34472942352295
19556,36.730347633361816
19557,12.273078203201294
19558,26.92418909072876
19559,31.833845615386963
19560,39.52564573287964
19561,26.59955596923828
19562,26.414814472198486
19563,26.533713817596436
19564,21.015498638153076
19565,17.059084177017212
19566,39.91271781921387
19567,20.679279327392578
19568,45.054511070251465
19569,11.672077417373657
19570,19.708232879638672
19571,11.14463186264038
19572,41.88102436065674
19573,21.815843105316162
19574,12.256583452224731
19575,30.932674407958984
19576,21.03327703475952
19577,26.14494514465332
19578,20.451929092407227
19579,35.17079782485962
19580,35.861652851104736
19581,21.397531986236572
19582,20.274020195007324
19583,12.445226669311523
19584,20.7030291557312
19585,12.445733308792114
19586,40.92597770690918
19587,30.914618015289307
19588,49.63011074066162
19589,28.083648204803467
19590,31.1088924407959
19591,21.120047569274902
19592,37.42211103439331
19593,49.277520179748535
19594,25.93589210510254
19595,11.656064987182617
19596,32.76218128204346
19597,11.848702669143677
19598,20.890199184417725
19599,26.708405017852783
19600,33.07756948471069
19601,11.973371505737305
19602,12.33096718788147
19603,12.381994724273682
19604,19.51338839530945
19605,21.067511558532715
19606,35.58601236343384
19607,33.8473219871521
19608,19.979057550430298
19609,20.577011585235596
19610,21.048428058624268
19611,20.8103985786438
19612,25.680862426757812
19613,20.927278995513916
19614,32.18954849243164
19615,26.054658889770508
19616,20.453791618347168
19617,12.119771480560303
19618,20.504150390625
19619,11.865176439285278
19620,32.236032485961914
19621,21.35061502456665
19622,56.28079414367676
19623,12.524357080459595
19624,34.10218143463135
19625,20.506330013275146
19626,39.537046909332275
19627,12.506815910339355
19628,20.5918128490448
19629,53.08640480041504
19630,21.35292148590088
19631,37.659714698791504
19632,31.890954971313477
19633,31.63598108291626
19634,20.630004167556763
19635,12.488499641418457
19636,20.837257385253906
19637,37.2738995552063
19638,34.83452558517456
19639,12.290171146392822
19640,26.743407726287842
19641,20.41108798980713
19642,20.30346393585205
19643,35.21908617019653
19644,31.5132737159729
19645,49.8040657043457
19646,35.78059244155884
19647,20.25364875793457
19648,21.416264533996582
19649,51.39829158782959
19650,47.651169776916504
19651,11.863819599151611
19652,20.769882202148438
19653,11.633259296417236
19654,11.954602241516113
19655,11.744611978530884
19656,25.69934892654419
19657,26.41464614868164
19658,18.23331093788147
19659,20.337258338928223
19660,20.45172381401062
19661,20.74845027923584
19662,12.128864765167236
19663,11.908547401428223
19664,40.09542417526245
19665,31.77157688140869
19666,57.06892681121826
19667,12.592604398727417
19668,35.17775297164917
19669,26.202879905700684
19670,20.801103591918945
19671,36.34813117980957
19672,27.268808841705322
19673,12.002888202667236
19674,12.774569988250732
19675,11.70972466468811
19676,20.916654109954834
19677,12.530396699905396
19678,22.265753746032715
19679,30.249530792236328
19680,20.301729202270508
19681,20.502910137176514
19682,43.361403465270996
19683,21.22969388961792
19684,34.669211864471436
19685,21.298274040222168
19686,26.41173791885376
19687,20.72400999069214
19688,31.388446807861328
19689,26.23779010772705
19690,25.657265663146973
19691,38.75100660324097
19692,21.499382972717285
19693,68.89294147491455
19694,32.35294055938721
19695,12.5243661403656
19696,26.843520164489746
19697,11.767124652862549
19698,21.75150203704834
19699,26.650784015655518
19700,49.37286949157715
19701,11.962133407592773
19702,20.456710815429688
19703,26.838630199432373
19704,11.494917392730713
19705,35.80909252166748
19706,26.599299907684326
19707,26.58407974243164
19708,21.997308254241943
19709,13.098523616790771
19710,20.2585391998291
19711,12.387750148773193
19712,32.19950246810913
19713,11.90676736831665
19714,27.012084007263184
19715,12.390811681747437
19716,20.212759017944336
19717,21.33502769470215
19718,31.541391849517822
19719,25.62298345565796
19720,12.437477588653564
19721,20.420949459075928
19722,21.102410793304443
19723,37.22371768951416
19724,12.547143459320068
19725,21.15772533416748
19726,21.104207038879395
19727,33.39966917037964
19728,12.47156023979187
19729,57.53660297393799
19730,21.75164031982422
19731,20.655253648757935
19732,12.530128955841064
19733,47.993441581726074
19734,49.19493389129639
19735,30.727715969085693
19736,30.817378520965576
19737,25.73942279815674
19738,33.499123096466064
19739,29.94147300720215
19740,26.041345596313477
19741,12.681120157241821
19742,11.897478103637695
19743,13.097120761871338
19744,21.51374578475952
19745,30.784254550933838
19746,12.50193190574646
19747,32.25600624084473
19748,12.243140697479248
19749,49.0726957321167
19750,34.67349100112915
19751,12.385084867477417
19752,37.32102727890015
19753,36.441293716430664
19754,12.437469005584717
19755,25.95197296142578
19756,40.38213634490967
19757,52.774091720581055
19758,51.99713325500488
19759,25.172483921051025
19760,21.47058868408203
19761,11.98892092704773
19762,21.629689693450928
19763,20.419044971466064
19764,61.014649391174316
19765,21.10173463821411
19766,21.169128894805908
19767,26.685751914978027
19768,25.263761520385742
19769,69.29294204711914
19770,42.71342468261719
19771,32.23103141784668
19772,12.396018505096436
19773,11.987432956695557
19774,12.41076922416687
19775,37.77756881713867
19776,31.171267986297607
19777,19.10770535469055
19778,20.9556245803833
19779,11.827356100082397
19780,25.13234233856201
19781,25.450141429901123
19782,26.696131706237793
19783,35.74948978424072
19784,59.83583736419678
19785,21.905197143554688
19786,20.8648419380188
19787,11.806555271148682
19788,12.991092681884766
19789,43.270586013793945
19790,22.05040168762207
19791,20.00458264350891
19792,12.99652647972107
19793,21.330449104309082
19794,26.176732063293457
19795,20.762617111206055
19796,13.3185453414917
19797,12.280118465423584
19798,20.486210823059082
19799,34.73707342147827
19800,20.55176830291748
19801,51.65849304199219
19802,21.003742218017578
19803,47.12703037261963
19804,13.971892833709717
19805,31.288650512695312
19806,26.60117816925049
19807,12.548635005950928
19808,34.08283472061157
19809,20.492156982421875
19810,36.00793504714966
19811,20.695716381072998
19812,21.084686756134033
19813,20.330713748931885
19814,37.167874813079834
19815,20.629716157913208
19816,50.89567184448242
19817,20.36086940765381
19818,20.443171977996826
19819,49.390631675720215
19820,25.55033826828003
19821,34.64412593841553
19822,45.37748622894287
19823,42.86719989776611
19824,12.589555740356445
19825,37.08920669555664
19826,31.234320163726807
19827,20.228795528411865
19828,21.858030319213867
19829,35.862131118774414
19830,12.555851697921753
19831,11.871657371520996
19832,20.893959999084473
19833,59.96866226196289
19834,22.394924640655518
19835,13.009563446044922
19836,20.849239826202393
19837,36.36513042449951
19838,11.747098445892334
19839,25.89311647415161
19840,27.0511736869812
19841,30.92661142349243
19842,43.253329277038574
19843,12.75551724433899
19844,20.370540142059326
19845,40.0081467628479
19846,13.367366552352905
19847,12.82216739654541
19848,31.370725631713867
19849,26.03794240951538
19850,39.53297233581543
19851,47.04701328277588
19852,20.94327163696289
19853,35.50087928771973
19854,12.261258125305176
19855,63.005805015563965
19856,20.951653957366943
19857,20.857279777526855
19858,20.480058193206787
19859,12.45108675956726
19860,26.618690013885498
19861,25.552202701568604
19862,37.00909423828125
19863,42.652085304260254
19864,26.100542545318604
19865,25.26580810546875
19866,31.947879791259766
19867,21.025058269500732
19868,37.29528856277466
19869,20.249513626098633
19870,25.364354610443115
19871,31.079410076141357
19872,31.587306022644043
19873,20.409595251083374
19874,38.74064779281616
19875,12.79397988319397
19876,20.268418312072754
19877,11.728508949279785
19878,37.202513217926025
19879,12.625727891921997
19880,19.888885259628296
19881,13.068742752075195
19882,12.453169345855713
19883,31.868387699127197
19884,11.861405849456787
19885,37.585105419158936
19886,37.3590669631958
19887,19.97040867805481
19888,30.217347621917725
19889,26.56709051132202
19890,32.649195194244385
19891,20.064611434936523
19892,31.67798614501953
19893,11.192777633666992
19894,25.265958309173584
19895,20.857408046722412
19896,59.243103981018066
19897,25.901622772216797
19898,20.768954753875732
19899,21.11353588104248
19900,20.705339908599854
19901,13.088716506958008
19902,21.697647094726562
19903,25.030619144439697
19904,34.25489854812622
19905,21.891762256622314
19906,50.603437423706055
19907,20.507545471191406
19908,20.95515537261963
19909,40.764925956726074
19910,21.332407474517822
19911,20.056562900543213
19912,26.415428638458252
19913,20.652013301849365
19914,26.15709114074707
19915,11.649657726287842
19916,20.64249324798584
19917,20.718671321868896
19918,12.651339769363403
19919,50.323079109191895
19920,11.863557815551758
19921,12.343911409378052
19922,32.151227951049805
19923,12.620007991790771
19924,63.602495193481445
19925,12.356056928634644
19926,37.44414520263672
19927,57.468180656433105
19928,27.23414134979248
19929,11.999611139297485
19930,35.780470848083496
19931,20.879460334777832
19932,50.42561149597168
19933,20.78043222427368
19934,21.29941749572754
19935,21.936683177947998
19936,34.91170358657837
19937,47.539334297180176
19938,38.669238567352295
19939,20.573484897613525
19940,20.190111875534058
19941,32.717702865600586
19942,50.19074630737305
19943,20.658717155456543
19944,64.34434700012207
19945,12.096875429153442
19946,36.90015172958374
19947,11.943664789199829
19948,19.30209183692932
19949,25.666152954101562
19950,11.959716796875
19951,25.46434783935547
19952,26.510369300842285
19953,34.09941387176514
19954,11.715615272521973
19955,30.370131969451904
19956,12.555924892425537
19957,42.02341651916504
19958,31.794503211975098
19959,33.062840938568115
19960,21.19782781600952
19961,11.689388513565063
19962,12.147749185562134
19963,32.32426166534424
19964,37.95654916763306
19965,21.583121299743652
19966,33.822442054748535
19967,34.80563402175903
19968,11.687337636947632
19969,34.742164611816406
19970,11.71536636352539
19971,20.20767307281494
19972,21.017695903778076
19973,12.214406251907349
19974,13.542842388153076
19975,36.483532428741455
19976,36.10285711288452
19977,51.19777202606201
19978,11.15292763710022
19979,12.159197568893433
19980,11.967570781707764
19981,11.956171035766602
19982,37.87104654312134
19983,19.887657642364502
19984,21.537599086761475
19985,12.156513452529907
19986,12.486828804016113
19987,20.730448961257935
19988,11.537063121795654
19989,33.432472705841064
19990,25.86517572402954
19991,52.49781513214111
19992,12.547785758972168
19993,31.272979259490967
19994,20.024066925048828
19995,36.12674427032471
19996,31.89009428024292
19997,21.811098098754883
19998,21.238862991333008
19999,12.623732566833496
20000,22.016826152801514
